nohup: ignoring input
>>> [baseline] ISIC 5-shot  2026-09-26 15:03:48
set seed = 1
FineTune! 5 shots on ISIC dataset
ISIC iteration 0/400 : Query Acc = 56.00, Avg Acc = 56.00% +- 0.00%
ISIC | 0 / 400 Acc = 56.00% +- 0.00%
ISIC iteration 1/400 : Query Acc = 38.67, Avg Acc = 47.33% +- 12.01%
ISIC iteration 2/400 : Query Acc = 65.33, Avg Acc = 53.33% +- 12.50%
ISIC iteration 3/400 : Query Acc = 48.00, Avg Acc = 52.00% +- 9.65%
ISIC iteration 4/400 : Query Acc = 54.67, Avg Acc = 52.53% +- 7.77%
ISIC iteration 5/400 : Query Acc = 57.33, Avg Acc = 53.33% +- 6.63%
ISIC iteration 6/400 : Query Acc = 53.33, Avg Acc = 53.33% +- 5.69%
ISIC iteration 7/400 : Query Acc = 48.00, Avg Acc = 52.67% +- 5.12%
ISIC iteration 8/400 : Query Acc = 40.00, Avg Acc = 51.26% +- 5.24%
ISIC iteration 9/400 : Query Acc = 53.33, Avg Acc = 51.47% +- 4.74%
ISIC iteration 10/400 : Query Acc = 44.00, Avg Acc = 50.79% +- 4.49%
ISIC iteration 11/400 : Query Acc = 46.67, Avg Acc = 50.44% +- 4.16%
ISIC iteration 12/400 : Query Acc = 69.33, Avg Acc = 51.90% +- 4.72%
ISIC iteration 13/400 : Query Acc = 42.67, Avg Acc = 51.24% +- 4.55%
ISIC iteration 14/400 : Query Acc = 50.67, Avg Acc = 51.20% +- 4.25%
ISIC iteration 15/400 : Query Acc = 37.33, Avg Acc = 50.33% +- 4.31%
ISIC iteration 16/400 : Query Acc = 45.33, Avg Acc = 50.04% +- 4.10%
ISIC iteration 17/400 : Query Acc = 42.67, Avg Acc = 49.63% +- 3.95%
ISIC iteration 18/400 : Query Acc = 53.33, Avg Acc = 49.82% +- 3.76%
ISIC iteration 19/400 : Query Acc = 54.67, Avg Acc = 50.07% +- 3.60%
ISIC iteration 20/400 : Query Acc = 49.33, Avg Acc = 50.03% +- 3.43%
ISIC iteration 21/400 : Query Acc = 42.67, Avg Acc = 49.70% +- 3.34%
ISIC iteration 22/400 : Query Acc = 65.33, Avg Acc = 50.38% +- 3.45%
ISIC iteration 23/400 : Query Acc = 53.33, Avg Acc = 50.50% +- 3.31%
ISIC iteration 24/400 : Query Acc = 45.33, Avg Acc = 50.29% +- 3.20%
ISIC iteration 25/400 : Query Acc = 50.67, Avg Acc = 50.31% +- 3.08%
ISIC iteration 26/400 : Query Acc = 54.67, Avg Acc = 50.47% +- 2.98%
ISIC iteration 27/400 : Query Acc = 68.00, Avg Acc = 51.10% +- 3.12%
ISIC iteration 28/400 : Query Acc = 41.33, Avg Acc = 50.76% +- 3.08%
ISIC iteration 29/400 : Query Acc = 52.00, Avg Acc = 50.80% +- 2.98%
ISIC iteration 30/400 : Query Acc = 64.00, Avg Acc = 51.23% +- 3.00%
ISIC iteration 31/400 : Query Acc = 48.00, Avg Acc = 51.12% +- 2.91%
ISIC iteration 32/400 : Query Acc = 38.67, Avg Acc = 50.75% +- 2.91%
ISIC iteration 33/400 : Query Acc = 50.67, Avg Acc = 50.75% +- 2.83%
ISIC iteration 34/400 : Query Acc = 45.33, Avg Acc = 50.59% +- 2.76%
ISIC iteration 35/400 : Query Acc = 41.33, Avg Acc = 50.33% +- 2.73%
ISIC iteration 36/400 : Query Acc = 58.67, Avg Acc = 50.56% +- 2.69%
ISIC iteration 37/400 : Query Acc = 54.67, Avg Acc = 50.67% +- 2.63%
ISIC iteration 38/400 : Query Acc = 40.00, Avg Acc = 50.39% +- 2.62%
ISIC iteration 39/400 : Query Acc = 32.00, Avg Acc = 49.93% +- 2.70%
ISIC iteration 40/400 : Query Acc = 44.00, Avg Acc = 49.79% +- 2.65%
ISIC iteration 41/400 : Query Acc = 53.33, Avg Acc = 49.87% +- 2.59%
ISIC iteration 42/400 : Query Acc = 48.00, Avg Acc = 49.83% +- 2.54%
ISIC iteration 43/400 : Query Acc = 56.00, Avg Acc = 49.97% +- 2.49%
ISIC iteration 44/400 : Query Acc = 61.33, Avg Acc = 50.22% +- 2.49%
ISIC iteration 45/400 : Query Acc = 41.33, Avg Acc = 50.03% +- 2.46%
ISIC iteration 46/400 : Query Acc = 54.67, Avg Acc = 50.13% +- 2.42%
ISIC iteration 47/400 : Query Acc = 42.67, Avg Acc = 49.97% +- 2.38%
ISIC iteration 48/400 : Query Acc = 44.00, Avg Acc = 49.85% +- 2.35%
ISIC iteration 49/400 : Query Acc = 53.33, Avg Acc = 49.92% +- 2.30%
ISIC iteration 50/400 : Query Acc = 64.00, Avg Acc = 50.20% +- 2.32%
ISIC iteration 51/400 : Query Acc = 56.00, Avg Acc = 50.31% +- 2.29%
ISIC iteration 52/400 : Query Acc = 52.00, Avg Acc = 50.34% +- 2.25%
ISIC iteration 53/400 : Query Acc = 56.00, Avg Acc = 50.44% +- 2.21%
ISIC iteration 54/400 : Query Acc = 64.00, Avg Acc = 50.69% +- 2.23%
ISIC iteration 55/400 : Query Acc = 54.67, Avg Acc = 50.76% +- 2.19%
ISIC iteration 56/400 : Query Acc = 49.33, Avg Acc = 50.74% +- 2.15%
ISIC iteration 57/400 : Query Acc = 49.33, Avg Acc = 50.71% +- 2.12%
ISIC iteration 58/400 : Query Acc = 49.33, Avg Acc = 50.69% +- 2.08%
ISIC iteration 59/400 : Query Acc = 50.67, Avg Acc = 50.69% +- 2.05%
ISIC iteration 60/400 : Query Acc = 65.33, Avg Acc = 50.93% +- 2.07%
ISIC iteration 61/400 : Query Acc = 60.00, Avg Acc = 51.08% +- 2.05%
ISIC iteration 62/400 : Query Acc = 44.00, Avg Acc = 50.96% +- 2.03%
ISIC iteration 63/400 : Query Acc = 42.67, Avg Acc = 50.83% +- 2.01%
ISIC iteration 64/400 : Query Acc = 56.00, Avg Acc = 50.91% +- 1.99%
ISIC iteration 65/400 : Query Acc = 45.33, Avg Acc = 50.83% +- 1.97%
ISIC iteration 66/400 : Query Acc = 46.67, Avg Acc = 50.77% +- 1.94%
ISIC iteration 67/400 : Query Acc = 49.33, Avg Acc = 50.75% +- 1.91%
ISIC iteration 68/400 : Query Acc = 57.33, Avg Acc = 50.84% +- 1.89%
ISIC iteration 69/400 : Query Acc = 54.67, Avg Acc = 50.90% +- 1.87%
ISIC iteration 70/400 : Query Acc = 54.67, Avg Acc = 50.95% +- 1.85%
ISIC iteration 71/400 : Query Acc = 56.00, Avg Acc = 51.02% +- 1.83%
ISIC iteration 72/400 : Query Acc = 56.00, Avg Acc = 51.09% +- 1.81%
ISIC iteration 73/400 : Query Acc = 58.67, Avg Acc = 51.19% +- 1.79%
ISIC iteration 74/400 : Query Acc = 48.00, Avg Acc = 51.15% +- 1.77%
ISIC iteration 75/400 : Query Acc = 40.00, Avg Acc = 51.00% +- 1.77%
ISIC iteration 76/400 : Query Acc = 54.67, Avg Acc = 51.05% +- 1.75%
ISIC iteration 77/400 : Query Acc = 48.00, Avg Acc = 51.01% +- 1.73%
ISIC iteration 78/400 : Query Acc = 60.00, Avg Acc = 51.12% +- 1.72%
ISIC iteration 79/400 : Query Acc = 61.33, Avg Acc = 51.25% +- 1.72%
ISIC iteration 80/400 : Query Acc = 41.33, Avg Acc = 51.13% +- 1.71%
ISIC iteration 81/400 : Query Acc = 48.00, Avg Acc = 51.09% +- 1.69%
ISIC iteration 82/400 : Query Acc = 53.33, Avg Acc = 51.12% +- 1.68%
ISIC iteration 83/400 : Query Acc = 40.00, Avg Acc = 50.98% +- 1.68%
ISIC iteration 84/400 : Query Acc = 50.67, Avg Acc = 50.98% +- 1.66%
ISIC iteration 85/400 : Query Acc = 42.67, Avg Acc = 50.88% +- 1.65%
ISIC iteration 86/400 : Query Acc = 64.00, Avg Acc = 51.03% +- 1.65%
ISIC iteration 87/400 : Query Acc = 53.33, Avg Acc = 51.06% +- 1.64%
ISIC iteration 88/400 : Query Acc = 53.33, Avg Acc = 51.09% +- 1.62%
ISIC iteration 89/400 : Query Acc = 36.00, Avg Acc = 50.92% +- 1.63%
ISIC iteration 90/400 : Query Acc = 45.33, Avg Acc = 50.86% +- 1.62%
ISIC iteration 91/400 : Query Acc = 73.33, Avg Acc = 51.10% +- 1.67%
ISIC iteration 92/400 : Query Acc = 42.67, Avg Acc = 51.01% +- 1.66%
ISIC iteration 93/400 : Query Acc = 37.33, Avg Acc = 50.87% +- 1.67%
ISIC iteration 94/400 : Query Acc = 65.33, Avg Acc = 51.02% +- 1.68%
ISIC iteration 95/400 : Query Acc = 68.00, Avg Acc = 51.19% +- 1.70%
ISIC iteration 96/400 : Query Acc = 56.00, Avg Acc = 51.24% +- 1.68%
ISIC iteration 97/400 : Query Acc = 49.33, Avg Acc = 51.22% +- 1.67%
ISIC iteration 98/400 : Query Acc = 50.67, Avg Acc = 51.22% +- 1.65%
ISIC iteration 99/400 : Query Acc = 52.00, Avg Acc = 51.23% +- 1.63%
ISIC iteration 100/400 : Query Acc = 36.00, Avg Acc = 51.08% +- 1.64%
ISIC | 100 / 400 Acc = 51.08% +- 1.64%
ISIC iteration 101/400 : Query Acc = 62.67, Avg Acc = 51.19% +- 1.64%
ISIC iteration 102/400 : Query Acc = 52.00, Avg Acc = 51.20% +- 1.63%
ISIC iteration 103/400 : Query Acc = 57.33, Avg Acc = 51.26% +- 1.61%
ISIC iteration 104/400 : Query Acc = 46.67, Avg Acc = 51.21% +- 1.60%
ISIC iteration 105/400 : Query Acc = 52.00, Avg Acc = 51.22% +- 1.59%
ISIC iteration 106/400 : Query Acc = 56.00, Avg Acc = 51.26% +- 1.57%
ISIC iteration 107/400 : Query Acc = 38.67, Avg Acc = 51.15% +- 1.58%
ISIC iteration 108/400 : Query Acc = 44.00, Avg Acc = 51.08% +- 1.57%
ISIC iteration 109/400 : Query Acc = 50.67, Avg Acc = 51.08% +- 1.55%
ISIC iteration 110/400 : Query Acc = 49.33, Avg Acc = 51.06% +- 1.54%
ISIC iteration 111/400 : Query Acc = 58.67, Avg Acc = 51.13% +- 1.53%
ISIC iteration 112/400 : Query Acc = 52.00, Avg Acc = 51.14% +- 1.52%
ISIC iteration 113/400 : Query Acc = 64.00, Avg Acc = 51.25% +- 1.52%
ISIC iteration 114/400 : Query Acc = 29.33, Avg Acc = 51.06% +- 1.55%
ISIC iteration 115/400 : Query Acc = 42.67, Avg Acc = 50.99% +- 1.54%
ISIC iteration 116/400 : Query Acc = 57.33, Avg Acc = 51.04% +- 1.54%
ISIC iteration 117/400 : Query Acc = 49.33, Avg Acc = 51.03% +- 1.52%
ISIC iteration 118/400 : Query Acc = 54.67, Avg Acc = 51.06% +- 1.51%
ISIC iteration 119/400 : Query Acc = 57.33, Avg Acc = 51.11% +- 1.50%
ISIC iteration 120/400 : Query Acc = 53.33, Avg Acc = 51.13% +- 1.49%
ISIC iteration 121/400 : Query Acc = 57.33, Avg Acc = 51.18% +- 1.48%
ISIC iteration 122/400 : Query Acc = 56.00, Avg Acc = 51.22% +- 1.47%
ISIC iteration 123/400 : Query Acc = 53.33, Avg Acc = 51.24% +- 1.46%
ISIC iteration 124/400 : Query Acc = 54.67, Avg Acc = 51.26% +- 1.45%
ISIC iteration 125/400 : Query Acc = 45.33, Avg Acc = 51.22% +- 1.44%
ISIC iteration 126/400 : Query Acc = 56.00, Avg Acc = 51.25% +- 1.43%
ISIC iteration 127/400 : Query Acc = 41.33, Avg Acc = 51.18% +- 1.43%
ISIC iteration 128/400 : Query Acc = 46.67, Avg Acc = 51.14% +- 1.42%
ISIC iteration 129/400 : Query Acc = 52.00, Avg Acc = 51.15% +- 1.41%
ISIC iteration 130/400 : Query Acc = 44.00, Avg Acc = 51.09% +- 1.40%
ISIC iteration 131/400 : Query Acc = 58.67, Avg Acc = 51.15% +- 1.39%
ISIC iteration 132/400 : Query Acc = 58.67, Avg Acc = 51.21% +- 1.39%
ISIC iteration 133/400 : Query Acc = 57.33, Avg Acc = 51.25% +- 1.38%
ISIC iteration 134/400 : Query Acc = 46.67, Avg Acc = 51.22% +- 1.37%
ISIC iteration 135/400 : Query Acc = 53.33, Avg Acc = 51.24% +- 1.36%
ISIC iteration 136/400 : Query Acc = 49.33, Avg Acc = 51.22% +- 1.35%
ISIC iteration 137/400 : Query Acc = 52.00, Avg Acc = 51.23% +- 1.34%
ISIC iteration 138/400 : Query Acc = 57.33, Avg Acc = 51.27% +- 1.34%
ISIC iteration 139/400 : Query Acc = 48.00, Avg Acc = 51.25% +- 1.33%
ISIC iteration 140/400 : Query Acc = 46.67, Avg Acc = 51.22% +- 1.32%
ISIC iteration 141/400 : Query Acc = 44.00, Avg Acc = 51.16% +- 1.31%
ISIC iteration 142/400 : Query Acc = 61.33, Avg Acc = 51.24% +- 1.31%
ISIC iteration 143/400 : Query Acc = 53.33, Avg Acc = 51.25% +- 1.30%
ISIC iteration 144/400 : Query Acc = 61.33, Avg Acc = 51.32% +- 1.30%
ISIC iteration 145/400 : Query Acc = 54.67, Avg Acc = 51.34% +- 1.29%
ISIC iteration 146/400 : Query Acc = 56.00, Avg Acc = 51.37% +- 1.29%
ISIC iteration 147/400 : Query Acc = 42.67, Avg Acc = 51.32% +- 1.28%
ISIC iteration 148/400 : Query Acc = 64.00, Avg Acc = 51.40% +- 1.28%
ISIC iteration 149/400 : Query Acc = 46.67, Avg Acc = 51.37% +- 1.28%
ISIC iteration 150/400 : Query Acc = 61.33, Avg Acc = 51.43% +- 1.28%
ISIC iteration 151/400 : Query Acc = 61.33, Avg Acc = 51.50% +- 1.27%
ISIC iteration 152/400 : Query Acc = 57.33, Avg Acc = 51.54% +- 1.27%
ISIC iteration 153/400 : Query Acc = 58.67, Avg Acc = 51.58% +- 1.26%
ISIC iteration 154/400 : Query Acc = 60.00, Avg Acc = 51.64% +- 1.26%
ISIC iteration 155/400 : Query Acc = 37.33, Avg Acc = 51.55% +- 1.26%
ISIC iteration 156/400 : Query Acc = 60.00, Avg Acc = 51.60% +- 1.26%
ISIC iteration 157/400 : Query Acc = 44.00, Avg Acc = 51.55% +- 1.26%
ISIC iteration 158/400 : Query Acc = 42.67, Avg Acc = 51.50% +- 1.25%
ISIC iteration 159/400 : Query Acc = 41.33, Avg Acc = 51.43% +- 1.25%
ISIC iteration 160/400 : Query Acc = 40.00, Avg Acc = 51.36% +- 1.25%
ISIC iteration 161/400 : Query Acc = 56.00, Avg Acc = 51.39% +- 1.24%
ISIC iteration 162/400 : Query Acc = 38.67, Avg Acc = 51.31% +- 1.25%
ISIC iteration 163/400 : Query Acc = 68.00, Avg Acc = 51.41% +- 1.25%
ISIC iteration 164/400 : Query Acc = 41.33, Avg Acc = 51.35% +- 1.25%
ISIC iteration 165/400 : Query Acc = 64.00, Avg Acc = 51.43% +- 1.25%
ISIC iteration 166/400 : Query Acc = 44.00, Avg Acc = 51.39% +- 1.25%
ISIC iteration 167/400 : Query Acc = 62.67, Avg Acc = 51.45% +- 1.25%
ISIC iteration 168/400 : Query Acc = 53.33, Avg Acc = 51.46% +- 1.24%
ISIC iteration 169/400 : Query Acc = 42.67, Avg Acc = 51.41% +- 1.24%
ISIC iteration 170/400 : Query Acc = 57.33, Avg Acc = 51.45% +- 1.23%
ISIC iteration 171/400 : Query Acc = 40.00, Avg Acc = 51.38% +- 1.23%
ISIC iteration 172/400 : Query Acc = 58.67, Avg Acc = 51.42% +- 1.23%
ISIC iteration 173/400 : Query Acc = 57.33, Avg Acc = 51.46% +- 1.22%
ISIC iteration 174/400 : Query Acc = 54.67, Avg Acc = 51.47% +- 1.22%
ISIC iteration 175/400 : Query Acc = 52.00, Avg Acc = 51.48% +- 1.21%
ISIC iteration 176/400 : Query Acc = 46.67, Avg Acc = 51.45% +- 1.20%
ISIC iteration 177/400 : Query Acc = 58.67, Avg Acc = 51.49% +- 1.20%
ISIC iteration 178/400 : Query Acc = 58.67, Avg Acc = 51.53% +- 1.20%
ISIC iteration 179/400 : Query Acc = 61.33, Avg Acc = 51.59% +- 1.19%
ISIC iteration 180/400 : Query Acc = 62.67, Avg Acc = 51.65% +- 1.19%
ISIC iteration 181/400 : Query Acc = 60.00, Avg Acc = 51.69% +- 1.19%
ISIC iteration 182/400 : Query Acc = 52.00, Avg Acc = 51.69% +- 1.18%
ISIC iteration 183/400 : Query Acc = 61.33, Avg Acc = 51.75% +- 1.18%
ISIC iteration 184/400 : Query Acc = 53.33, Avg Acc = 51.75% +- 1.18%
ISIC iteration 185/400 : Query Acc = 56.00, Avg Acc = 51.78% +- 1.17%
ISIC iteration 186/400 : Query Acc = 57.33, Avg Acc = 51.81% +- 1.16%
ISIC iteration 187/400 : Query Acc = 58.67, Avg Acc = 51.84% +- 1.16%
ISIC iteration 188/400 : Query Acc = 42.67, Avg Acc = 51.80% +- 1.16%
ISIC iteration 189/400 : Query Acc = 57.33, Avg Acc = 51.82% +- 1.15%
ISIC iteration 190/400 : Query Acc = 48.00, Avg Acc = 51.80% +- 1.15%
ISIC iteration 191/400 : Query Acc = 48.00, Avg Acc = 51.78% +- 1.14%
ISIC iteration 192/400 : Query Acc = 53.33, Avg Acc = 51.79% +- 1.14%
ISIC iteration 193/400 : Query Acc = 50.67, Avg Acc = 51.79% +- 1.13%
ISIC iteration 194/400 : Query Acc = 45.33, Avg Acc = 51.75% +- 1.13%
ISIC iteration 195/400 : Query Acc = 42.67, Avg Acc = 51.71% +- 1.13%
ISIC iteration 196/400 : Query Acc = 46.67, Avg Acc = 51.68% +- 1.12%
ISIC iteration 197/400 : Query Acc = 62.67, Avg Acc = 51.74% +- 1.12%
ISIC iteration 198/400 : Query Acc = 58.67, Avg Acc = 51.77% +- 1.12%
ISIC iteration 199/400 : Query Acc = 44.00, Avg Acc = 51.73% +- 1.11%
ISIC iteration 200/400 : Query Acc = 48.00, Avg Acc = 51.71% +- 1.11%
ISIC | 200 / 400 Acc = 51.71% +- 1.11%
ISIC iteration 201/400 : Query Acc = 60.00, Avg Acc = 51.76% +- 1.11%
ISIC iteration 202/400 : Query Acc = 48.00, Avg Acc = 51.74% +- 1.10%
ISIC iteration 203/400 : Query Acc = 40.00, Avg Acc = 51.68% +- 1.10%
ISIC iteration 204/400 : Query Acc = 49.33, Avg Acc = 51.67% +- 1.10%
ISIC iteration 205/400 : Query Acc = 46.67, Avg Acc = 51.64% +- 1.09%
ISIC iteration 206/400 : Query Acc = 54.67, Avg Acc = 51.66% +- 1.09%
ISIC iteration 207/400 : Query Acc = 57.33, Avg Acc = 51.69% +- 1.08%
ISIC iteration 208/400 : Query Acc = 53.33, Avg Acc = 51.69% +- 1.08%
ISIC iteration 209/400 : Query Acc = 56.00, Avg Acc = 51.71% +- 1.07%
ISIC iteration 210/400 : Query Acc = 50.67, Avg Acc = 51.71% +- 1.07%
ISIC iteration 211/400 : Query Acc = 45.33, Avg Acc = 51.68% +- 1.07%
ISIC iteration 212/400 : Query Acc = 65.33, Avg Acc = 51.74% +- 1.07%
ISIC iteration 213/400 : Query Acc = 56.00, Avg Acc = 51.76% +- 1.06%
ISIC iteration 214/400 : Query Acc = 52.00, Avg Acc = 51.76% +- 1.06%
ISIC iteration 215/400 : Query Acc = 58.67, Avg Acc = 51.80% +- 1.06%
ISIC iteration 216/400 : Query Acc = 45.33, Avg Acc = 51.77% +- 1.05%
ISIC iteration 217/400 : Query Acc = 73.33, Avg Acc = 51.87% +- 1.07%
ISIC iteration 218/400 : Query Acc = 61.33, Avg Acc = 51.91% +- 1.06%
ISIC iteration 219/400 : Query Acc = 57.33, Avg Acc = 51.93% +- 1.06%
ISIC iteration 220/400 : Query Acc = 53.33, Avg Acc = 51.94% +- 1.06%
ISIC iteration 221/400 : Query Acc = 61.33, Avg Acc = 51.98% +- 1.05%
ISIC iteration 222/400 : Query Acc = 56.00, Avg Acc = 52.00% +- 1.05%
ISIC iteration 223/400 : Query Acc = 49.33, Avg Acc = 51.99% +- 1.05%
ISIC iteration 224/400 : Query Acc = 49.33, Avg Acc = 51.98% +- 1.04%
ISIC iteration 225/400 : Query Acc = 52.00, Avg Acc = 51.98% +- 1.04%
ISIC iteration 226/400 : Query Acc = 41.33, Avg Acc = 51.93% +- 1.04%
ISIC iteration 227/400 : Query Acc = 44.00, Avg Acc = 51.89% +- 1.03%
ISIC iteration 228/400 : Query Acc = 41.33, Avg Acc = 51.85% +- 1.03%
ISIC iteration 229/400 : Query Acc = 44.00, Avg Acc = 51.81% +- 1.03%
ISIC iteration 230/400 : Query Acc = 36.00, Avg Acc = 51.75% +- 1.04%
ISIC iteration 231/400 : Query Acc = 36.00, Avg Acc = 51.68% +- 1.04%
ISIC iteration 232/400 : Query Acc = 41.33, Avg Acc = 51.63% +- 1.04%
ISIC iteration 233/400 : Query Acc = 53.33, Avg Acc = 51.64% +- 1.03%
ISIC iteration 234/400 : Query Acc = 57.33, Avg Acc = 51.67% +- 1.03%
ISIC iteration 235/400 : Query Acc = 53.33, Avg Acc = 51.67% +- 1.03%
ISIC iteration 236/400 : Query Acc = 45.33, Avg Acc = 51.65% +- 1.02%
ISIC iteration 237/400 : Query Acc = 62.67, Avg Acc = 51.69% +- 1.02%
ISIC iteration 238/400 : Query Acc = 44.00, Avg Acc = 51.66% +- 1.02%
ISIC iteration 239/400 : Query Acc = 46.67, Avg Acc = 51.64% +- 1.02%
ISIC iteration 240/400 : Query Acc = 61.33, Avg Acc = 51.68% +- 1.02%
ISIC iteration 241/400 : Query Acc = 42.67, Avg Acc = 51.64% +- 1.01%
ISIC iteration 242/400 : Query Acc = 62.67, Avg Acc = 51.69% +- 1.01%
ISIC iteration 243/400 : Query Acc = 48.00, Avg Acc = 51.67% +- 1.01%
ISIC iteration 244/400 : Query Acc = 60.00, Avg Acc = 51.71% +- 1.01%
ISIC iteration 245/400 : Query Acc = 50.67, Avg Acc = 51.70% +- 1.00%
ISIC iteration 246/400 : Query Acc = 40.00, Avg Acc = 51.65% +- 1.00%
ISIC iteration 247/400 : Query Acc = 44.00, Avg Acc = 51.62% +- 1.00%
ISIC iteration 248/400 : Query Acc = 38.67, Avg Acc = 51.57% +- 1.00%
ISIC iteration 249/400 : Query Acc = 54.67, Avg Acc = 51.58% +- 1.00%
ISIC iteration 250/400 : Query Acc = 57.33, Avg Acc = 51.61% +- 1.00%
ISIC iteration 251/400 : Query Acc = 53.33, Avg Acc = 51.61% +- 0.99%
ISIC iteration 252/400 : Query Acc = 54.67, Avg Acc = 51.63% +- 0.99%
ISIC iteration 253/400 : Query Acc = 58.67, Avg Acc = 51.65% +- 0.99%
ISIC iteration 254/400 : Query Acc = 40.00, Avg Acc = 51.61% +- 0.99%
ISIC iteration 255/400 : Query Acc = 60.00, Avg Acc = 51.64% +- 0.99%
ISIC iteration 256/400 : Query Acc = 54.67, Avg Acc = 51.65% +- 0.98%
ISIC iteration 257/400 : Query Acc = 36.00, Avg Acc = 51.59% +- 0.99%
ISIC iteration 258/400 : Query Acc = 52.00, Avg Acc = 51.59% +- 0.98%
ISIC iteration 259/400 : Query Acc = 37.33, Avg Acc = 51.54% +- 0.98%
ISIC iteration 260/400 : Query Acc = 44.00, Avg Acc = 51.51% +- 0.98%
ISIC iteration 261/400 : Query Acc = 64.00, Avg Acc = 51.56% +- 0.98%
ISIC iteration 262/400 : Query Acc = 53.33, Avg Acc = 51.56% +- 0.98%
ISIC iteration 263/400 : Query Acc = 56.00, Avg Acc = 51.58% +- 0.98%
ISIC iteration 264/400 : Query Acc = 49.33, Avg Acc = 51.57% +- 0.97%
ISIC iteration 265/400 : Query Acc = 61.33, Avg Acc = 51.61% +- 0.97%
ISIC iteration 266/400 : Query Acc = 61.33, Avg Acc = 51.65% +- 0.97%
ISIC iteration 267/400 : Query Acc = 37.33, Avg Acc = 51.59% +- 0.97%
ISIC iteration 268/400 : Query Acc = 58.67, Avg Acc = 51.62% +- 0.97%
ISIC iteration 269/400 : Query Acc = 50.67, Avg Acc = 51.61% +- 0.97%
ISIC iteration 270/400 : Query Acc = 48.00, Avg Acc = 51.60% +- 0.96%
ISIC iteration 271/400 : Query Acc = 61.33, Avg Acc = 51.64% +- 0.96%
ISIC iteration 272/400 : Query Acc = 37.33, Avg Acc = 51.58% +- 0.96%
ISIC iteration 273/400 : Query Acc = 42.67, Avg Acc = 51.55% +- 0.96%
ISIC iteration 274/400 : Query Acc = 49.33, Avg Acc = 51.54% +- 0.96%
ISIC iteration 275/400 : Query Acc = 58.67, Avg Acc = 51.57% +- 0.96%
ISIC iteration 276/400 : Query Acc = 58.67, Avg Acc = 51.60% +- 0.95%
ISIC iteration 277/400 : Query Acc = 50.67, Avg Acc = 51.59% +- 0.95%
ISIC iteration 278/400 : Query Acc = 48.00, Avg Acc = 51.58% +- 0.95%
ISIC iteration 279/400 : Query Acc = 61.33, Avg Acc = 51.61% +- 0.95%
ISIC iteration 280/400 : Query Acc = 34.67, Avg Acc = 51.55% +- 0.95%
ISIC iteration 281/400 : Query Acc = 34.67, Avg Acc = 51.49% +- 0.96%
ISIC iteration 282/400 : Query Acc = 57.33, Avg Acc = 51.51% +- 0.95%
ISIC iteration 283/400 : Query Acc = 61.33, Avg Acc = 51.55% +- 0.95%
ISIC iteration 284/400 : Query Acc = 45.33, Avg Acc = 51.53% +- 0.95%
ISIC iteration 285/400 : Query Acc = 49.33, Avg Acc = 51.52% +- 0.95%
ISIC iteration 286/400 : Query Acc = 54.67, Avg Acc = 51.53% +- 0.94%
ISIC iteration 287/400 : Query Acc = 40.00, Avg Acc = 51.49% +- 0.94%
ISIC iteration 288/400 : Query Acc = 54.67, Avg Acc = 51.50% +- 0.94%
ISIC iteration 289/400 : Query Acc = 46.67, Avg Acc = 51.49% +- 0.94%
ISIC iteration 290/400 : Query Acc = 50.67, Avg Acc = 51.48% +- 0.93%
ISIC iteration 291/400 : Query Acc = 58.67, Avg Acc = 51.51% +- 0.93%
ISIC iteration 292/400 : Query Acc = 56.00, Avg Acc = 51.52% +- 0.93%
ISIC iteration 293/400 : Query Acc = 38.67, Avg Acc = 51.48% +- 0.93%
ISIC iteration 294/400 : Query Acc = 41.33, Avg Acc = 51.44% +- 0.93%
ISIC iteration 295/400 : Query Acc = 38.67, Avg Acc = 51.40% +- 0.93%
ISIC iteration 296/400 : Query Acc = 54.67, Avg Acc = 51.41% +- 0.93%
ISIC iteration 297/400 : Query Acc = 62.67, Avg Acc = 51.45% +- 0.93%
ISIC iteration 298/400 : Query Acc = 49.33, Avg Acc = 51.44% +- 0.92%
ISIC iteration 299/400 : Query Acc = 40.00, Avg Acc = 51.40% +- 0.92%
ISIC iteration 300/400 : Query Acc = 46.67, Avg Acc = 51.39% +- 0.92%
ISIC | 300 / 400 Acc = 51.39% +- 0.92%
ISIC iteration 301/400 : Query Acc = 52.00, Avg Acc = 51.39% +- 0.92%
ISIC iteration 302/400 : Query Acc = 53.33, Avg Acc = 51.40% +- 0.92%
ISIC iteration 303/400 : Query Acc = 56.00, Avg Acc = 51.41% +- 0.91%
ISIC iteration 304/400 : Query Acc = 45.33, Avg Acc = 51.39% +- 0.91%
ISIC iteration 305/400 : Query Acc = 42.67, Avg Acc = 51.36% +- 0.91%
ISIC iteration 306/400 : Query Acc = 45.33, Avg Acc = 51.34% +- 0.91%
ISIC iteration 307/400 : Query Acc = 44.00, Avg Acc = 51.32% +- 0.91%
ISIC iteration 308/400 : Query Acc = 45.33, Avg Acc = 51.30% +- 0.90%
ISIC iteration 309/400 : Query Acc = 53.33, Avg Acc = 51.31% +- 0.90%
ISIC iteration 310/400 : Query Acc = 46.67, Avg Acc = 51.29% +- 0.90%
ISIC iteration 311/400 : Query Acc = 49.33, Avg Acc = 51.29% +- 0.90%
ISIC iteration 312/400 : Query Acc = 49.33, Avg Acc = 51.28% +- 0.89%
ISIC iteration 313/400 : Query Acc = 70.67, Avg Acc = 51.34% +- 0.90%
ISIC iteration 314/400 : Query Acc = 53.33, Avg Acc = 51.35% +- 0.90%
ISIC iteration 315/400 : Query Acc = 40.00, Avg Acc = 51.31% +- 0.90%
ISIC iteration 316/400 : Query Acc = 49.33, Avg Acc = 51.31% +- 0.89%
ISIC iteration 317/400 : Query Acc = 46.67, Avg Acc = 51.29% +- 0.89%
ISIC iteration 318/400 : Query Acc = 56.00, Avg Acc = 51.31% +- 0.89%
ISIC iteration 319/400 : Query Acc = 44.00, Avg Acc = 51.28% +- 0.89%
ISIC iteration 320/400 : Query Acc = 41.33, Avg Acc = 51.25% +- 0.89%
ISIC iteration 321/400 : Query Acc = 61.33, Avg Acc = 51.28% +- 0.88%
ISIC iteration 322/400 : Query Acc = 56.00, Avg Acc = 51.30% +- 0.88%
ISIC iteration 323/400 : Query Acc = 61.33, Avg Acc = 51.33% +- 0.88%
ISIC iteration 324/400 : Query Acc = 50.67, Avg Acc = 51.33% +- 0.88%
ISIC iteration 325/400 : Query Acc = 66.67, Avg Acc = 51.37% +- 0.88%
ISIC iteration 326/400 : Query Acc = 72.00, Avg Acc = 51.44% +- 0.89%
ISIC iteration 327/400 : Query Acc = 49.33, Avg Acc = 51.43% +- 0.88%
ISIC iteration 328/400 : Query Acc = 53.33, Avg Acc = 51.44% +- 0.88%
ISIC iteration 329/400 : Query Acc = 45.33, Avg Acc = 51.42% +- 0.88%
ISIC iteration 330/400 : Query Acc = 44.00, Avg Acc = 51.40% +- 0.88%
ISIC iteration 331/400 : Query Acc = 60.00, Avg Acc = 51.42% +- 0.88%
ISIC iteration 332/400 : Query Acc = 60.00, Avg Acc = 51.45% +- 0.88%
ISIC iteration 333/400 : Query Acc = 64.00, Avg Acc = 51.49% +- 0.88%
ISIC iteration 334/400 : Query Acc = 62.67, Avg Acc = 51.52% +- 0.88%
ISIC iteration 335/400 : Query Acc = 54.67, Avg Acc = 51.53% +- 0.87%
ISIC iteration 336/400 : Query Acc = 54.67, Avg Acc = 51.54% +- 0.87%
ISIC iteration 337/400 : Query Acc = 52.00, Avg Acc = 51.54% +- 0.87%
ISIC iteration 338/400 : Query Acc = 50.67, Avg Acc = 51.54% +- 0.87%
ISIC iteration 339/400 : Query Acc = 62.67, Avg Acc = 51.57% +- 0.87%
ISIC iteration 340/400 : Query Acc = 53.33, Avg Acc = 51.57% +- 0.86%
ISIC iteration 341/400 : Query Acc = 53.33, Avg Acc = 51.58% +- 0.86%
ISIC iteration 342/400 : Query Acc = 57.33, Avg Acc = 51.60% +- 0.86%
ISIC iteration 343/400 : Query Acc = 58.67, Avg Acc = 51.62% +- 0.86%
ISIC iteration 344/400 : Query Acc = 65.33, Avg Acc = 51.66% +- 0.86%
ISIC iteration 345/400 : Query Acc = 58.67, Avg Acc = 51.68% +- 0.86%
ISIC iteration 346/400 : Query Acc = 62.67, Avg Acc = 51.71% +- 0.86%
ISIC iteration 347/400 : Query Acc = 64.00, Avg Acc = 51.74% +- 0.86%
ISIC iteration 348/400 : Query Acc = 38.67, Avg Acc = 51.71% +- 0.86%
ISIC iteration 349/400 : Query Acc = 54.67, Avg Acc = 51.71% +- 0.86%
ISIC iteration 350/400 : Query Acc = 60.00, Avg Acc = 51.74% +- 0.85%
ISIC iteration 351/400 : Query Acc = 53.33, Avg Acc = 51.74% +- 0.85%
ISIC iteration 352/400 : Query Acc = 56.00, Avg Acc = 51.75% +- 0.85%
ISIC iteration 353/400 : Query Acc = 72.00, Avg Acc = 51.81% +- 0.86%
ISIC iteration 354/400 : Query Acc = 60.00, Avg Acc = 51.83% +- 0.85%
ISIC iteration 355/400 : Query Acc = 54.67, Avg Acc = 51.84% +- 0.85%
ISIC iteration 356/400 : Query Acc = 45.33, Avg Acc = 51.82% +- 0.85%
ISIC iteration 357/400 : Query Acc = 53.33, Avg Acc = 51.83% +- 0.85%
ISIC iteration 358/400 : Query Acc = 54.67, Avg Acc = 51.84% +- 0.85%
ISIC iteration 359/400 : Query Acc = 53.33, Avg Acc = 51.84% +- 0.84%
ISIC iteration 360/400 : Query Acc = 49.33, Avg Acc = 51.83% +- 0.84%
ISIC iteration 361/400 : Query Acc = 53.33, Avg Acc = 51.84% +- 0.84%
ISIC iteration 362/400 : Query Acc = 74.67, Avg Acc = 51.90% +- 0.85%
ISIC iteration 363/400 : Query Acc = 36.00, Avg Acc = 51.86% +- 0.85%
ISIC iteration 364/400 : Query Acc = 53.33, Avg Acc = 51.86% +- 0.85%
ISIC iteration 365/400 : Query Acc = 40.00, Avg Acc = 51.83% +- 0.85%
ISIC iteration 366/400 : Query Acc = 50.67, Avg Acc = 51.83% +- 0.84%
ISIC iteration 367/400 : Query Acc = 50.67, Avg Acc = 51.82% +- 0.84%
ISIC iteration 368/400 : Query Acc = 42.67, Avg Acc = 51.80% +- 0.84%
ISIC iteration 369/400 : Query Acc = 57.33, Avg Acc = 51.81% +- 0.84%
ISIC iteration 370/400 : Query Acc = 53.33, Avg Acc = 51.82% +- 0.84%
ISIC iteration 371/400 : Query Acc = 57.33, Avg Acc = 51.83% +- 0.83%
ISIC iteration 372/400 : Query Acc = 60.00, Avg Acc = 51.85% +- 0.83%
ISIC iteration 373/400 : Query Acc = 53.33, Avg Acc = 51.86% +- 0.83%
ISIC iteration 374/400 : Query Acc = 46.67, Avg Acc = 51.84% +- 0.83%
ISIC iteration 375/400 : Query Acc = 62.67, Avg Acc = 51.87% +- 0.83%
ISIC iteration 376/400 : Query Acc = 60.00, Avg Acc = 51.89% +- 0.83%
ISIC iteration 377/400 : Query Acc = 54.67, Avg Acc = 51.90% +- 0.83%
ISIC iteration 378/400 : Query Acc = 38.67, Avg Acc = 51.87% +- 0.83%
ISIC iteration 379/400 : Query Acc = 53.33, Avg Acc = 51.87% +- 0.82%
ISIC iteration 380/400 : Query Acc = 52.00, Avg Acc = 51.87% +- 0.82%
ISIC iteration 381/400 : Query Acc = 57.33, Avg Acc = 51.88% +- 0.82%
ISIC iteration 382/400 : Query Acc = 58.67, Avg Acc = 51.90% +- 0.82%
ISIC iteration 383/400 : Query Acc = 29.33, Avg Acc = 51.84% +- 0.82%
ISIC iteration 384/400 : Query Acc = 53.33, Avg Acc = 51.85% +- 0.82%
ISIC iteration 385/400 : Query Acc = 57.33, Avg Acc = 51.86% +- 0.82%
ISIC iteration 386/400 : Query Acc = 54.67, Avg Acc = 51.87% +- 0.82%
ISIC iteration 387/400 : Query Acc = 49.33, Avg Acc = 51.86% +- 0.82%
ISIC iteration 388/400 : Query Acc = 48.00, Avg Acc = 51.85% +- 0.82%
ISIC iteration 389/400 : Query Acc = 52.00, Avg Acc = 51.85% +- 0.81%
ISIC iteration 390/400 : Query Acc = 61.33, Avg Acc = 51.88% +- 0.81%
ISIC iteration 391/400 : Query Acc = 50.67, Avg Acc = 51.87% +- 0.81%
ISIC iteration 392/400 : Query Acc = 46.67, Avg Acc = 51.86% +- 0.81%
ISIC iteration 393/400 : Query Acc = 45.33, Avg Acc = 51.84% +- 0.81%
ISIC iteration 394/400 : Query Acc = 58.67, Avg Acc = 51.86% +- 0.81%
ISIC iteration 395/400 : Query Acc = 61.33, Avg Acc = 51.89% +- 0.81%
ISIC iteration 396/400 : Query Acc = 52.00, Avg Acc = 51.89% +- 0.80%
ISIC iteration 397/400 : Query Acc = 46.67, Avg Acc = 51.87% +- 0.80%
ISIC iteration 398/400 : Query Acc = 40.00, Avg Acc = 51.84% +- 0.80%
ISIC iteration 399/400 : Query Acc = 48.00, Avg Acc = 51.83% +- 0.80%
ISIC 400 Test Acc = 51.83% +- 0.80%
>>> [ATHA] ISIC 5-shot  2026-09-26 16:10:14
set seed = 1
FineTune! 5 shots on ISIC dataset
ISIC iteration 0/400 : Query Acc = 62.67, Avg Acc = 62.67% +- 0.00%
ISIC | 0 / 400 Acc = 62.67% +- 0.00%
ISIC iteration 1/400 : Query Acc = 45.33, Avg Acc = 54.00% +- 12.01%
ISIC iteration 2/400 : Query Acc = 49.33, Avg Acc = 52.44% +- 8.39%
ISIC iteration 3/400 : Query Acc = 53.33, Avg Acc = 52.67% +- 6.30%
ISIC iteration 4/400 : Query Acc = 54.67, Avg Acc = 53.07% +- 5.09%
ISIC iteration 5/400 : Query Acc = 57.33, Avg Acc = 53.78% +- 4.43%
ISIC iteration 6/400 : Query Acc = 54.67, Avg Acc = 53.90% +- 3.80%
ISIC iteration 7/400 : Query Acc = 44.00, Avg Acc = 52.67% +- 4.03%
ISIC iteration 8/400 : Query Acc = 33.33, Avg Acc = 50.52% +- 5.35%
ISIC iteration 9/400 : Query Acc = 53.33, Avg Acc = 50.80% +- 4.84%
ISIC iteration 10/400 : Query Acc = 44.00, Avg Acc = 50.18% +- 4.55%
ISIC iteration 11/400 : Query Acc = 53.33, Avg Acc = 50.44% +- 4.20%
ISIC iteration 12/400 : Query Acc = 66.67, Avg Acc = 51.69% +- 4.53%
ISIC iteration 13/400 : Query Acc = 49.33, Avg Acc = 51.52% +- 4.22%
ISIC iteration 14/400 : Query Acc = 45.33, Avg Acc = 51.11% +- 4.02%
ISIC iteration 15/400 : Query Acc = 48.00, Avg Acc = 50.92% +- 3.78%
ISIC iteration 16/400 : Query Acc = 52.00, Avg Acc = 50.98% +- 3.56%
ISIC iteration 17/400 : Query Acc = 50.67, Avg Acc = 50.96% +- 3.36%
ISIC iteration 18/400 : Query Acc = 58.67, Avg Acc = 51.37% +- 3.28%
ISIC iteration 19/400 : Query Acc = 52.00, Avg Acc = 51.40% +- 3.12%
ISIC iteration 20/400 : Query Acc = 48.00, Avg Acc = 51.24% +- 2.98%
ISIC iteration 21/400 : Query Acc = 54.67, Avg Acc = 51.39% +- 2.86%
ISIC iteration 22/400 : Query Acc = 64.00, Avg Acc = 51.94% +- 2.93%
ISIC iteration 23/400 : Query Acc = 54.67, Avg Acc = 52.06% +- 2.82%
ISIC iteration 24/400 : Query Acc = 49.33, Avg Acc = 51.95% +- 2.72%
ISIC iteration 25/400 : Query Acc = 49.33, Avg Acc = 51.85% +- 2.62%
ISIC iteration 26/400 : Query Acc = 64.00, Avg Acc = 52.30% +- 2.67%
ISIC iteration 27/400 : Query Acc = 69.33, Avg Acc = 52.90% +- 2.82%
ISIC iteration 28/400 : Query Acc = 44.00, Avg Acc = 52.60% +- 2.79%
ISIC iteration 29/400 : Query Acc = 66.67, Avg Acc = 53.07% +- 2.85%
ISIC iteration 30/400 : Query Acc = 61.33, Avg Acc = 53.33% +- 2.80%
ISIC iteration 31/400 : Query Acc = 46.67, Avg Acc = 53.12% +- 2.74%
ISIC iteration 32/400 : Query Acc = 42.67, Avg Acc = 52.81% +- 2.73%
ISIC iteration 33/400 : Query Acc = 62.67, Avg Acc = 53.10% +- 2.71%
ISIC iteration 34/400 : Query Acc = 45.33, Avg Acc = 52.88% +- 2.66%
ISIC iteration 35/400 : Query Acc = 48.00, Avg Acc = 52.74% +- 2.60%
ISIC iteration 36/400 : Query Acc = 68.00, Avg Acc = 53.15% +- 2.66%
ISIC iteration 37/400 : Query Acc = 56.00, Avg Acc = 53.23% +- 2.59%
ISIC iteration 38/400 : Query Acc = 40.00, Avg Acc = 52.89% +- 2.61%
ISIC iteration 39/400 : Query Acc = 37.33, Avg Acc = 52.50% +- 2.65%
ISIC iteration 40/400 : Query Acc = 40.00, Avg Acc = 52.20% +- 2.65%
ISIC iteration 41/400 : Query Acc = 44.00, Avg Acc = 52.00% +- 2.62%
ISIC iteration 42/400 : Query Acc = 42.67, Avg Acc = 51.78% +- 2.59%
ISIC iteration 43/400 : Query Acc = 58.67, Avg Acc = 51.94% +- 2.55%
ISIC iteration 44/400 : Query Acc = 56.00, Avg Acc = 52.03% +- 2.50%
ISIC iteration 45/400 : Query Acc = 49.33, Avg Acc = 51.97% +- 2.45%
ISIC iteration 46/400 : Query Acc = 53.33, Avg Acc = 52.00% +- 2.40%
ISIC iteration 47/400 : Query Acc = 50.67, Avg Acc = 51.97% +- 2.35%
ISIC iteration 48/400 : Query Acc = 38.67, Avg Acc = 51.70% +- 2.36%
ISIC iteration 49/400 : Query Acc = 56.00, Avg Acc = 51.79% +- 2.32%
ISIC iteration 50/400 : Query Acc = 62.67, Avg Acc = 52.00% +- 2.31%
ISIC iteration 51/400 : Query Acc = 45.33, Avg Acc = 51.87% +- 2.28%
ISIC iteration 52/400 : Query Acc = 56.00, Avg Acc = 51.95% +- 2.24%
ISIC iteration 53/400 : Query Acc = 46.67, Avg Acc = 51.85% +- 2.21%
ISIC iteration 54/400 : Query Acc = 65.33, Avg Acc = 52.10% +- 2.22%
ISIC iteration 55/400 : Query Acc = 54.67, Avg Acc = 52.14% +- 2.18%
ISIC iteration 56/400 : Query Acc = 53.33, Avg Acc = 52.16% +- 2.14%
ISIC iteration 57/400 : Query Acc = 53.33, Avg Acc = 52.18% +- 2.11%
ISIC iteration 58/400 : Query Acc = 50.67, Avg Acc = 52.16% +- 2.07%
ISIC iteration 59/400 : Query Acc = 60.00, Avg Acc = 52.29% +- 2.05%
ISIC iteration 60/400 : Query Acc = 62.67, Avg Acc = 52.46% +- 2.05%
ISIC iteration 61/400 : Query Acc = 62.67, Avg Acc = 52.62% +- 2.04%
ISIC iteration 62/400 : Query Acc = 50.67, Avg Acc = 52.59% +- 2.01%
ISIC iteration 63/400 : Query Acc = 50.67, Avg Acc = 52.56% +- 1.98%
ISIC iteration 64/400 : Query Acc = 52.00, Avg Acc = 52.55% +- 1.95%
ISIC iteration 65/400 : Query Acc = 46.67, Avg Acc = 52.46% +- 1.92%
ISIC iteration 66/400 : Query Acc = 49.33, Avg Acc = 52.42% +- 1.90%
ISIC iteration 67/400 : Query Acc = 60.00, Avg Acc = 52.53% +- 1.88%
ISIC iteration 68/400 : Query Acc = 60.00, Avg Acc = 52.64% +- 1.87%
ISIC iteration 69/400 : Query Acc = 41.33, Avg Acc = 52.48% +- 1.87%
ISIC iteration 70/400 : Query Acc = 45.33, Avg Acc = 52.38% +- 1.85%
ISIC iteration 71/400 : Query Acc = 54.67, Avg Acc = 52.41% +- 1.83%
ISIC iteration 72/400 : Query Acc = 53.33, Avg Acc = 52.42% +- 1.80%
ISIC iteration 73/400 : Query Acc = 58.67, Avg Acc = 52.50% +- 1.79%
ISIC iteration 74/400 : Query Acc = 60.00, Avg Acc = 52.60% +- 1.77%
ISIC iteration 75/400 : Query Acc = 41.33, Avg Acc = 52.46% +- 1.77%
ISIC iteration 76/400 : Query Acc = 53.33, Avg Acc = 52.47% +- 1.75%
ISIC iteration 77/400 : Query Acc = 53.33, Avg Acc = 52.48% +- 1.73%
ISIC iteration 78/400 : Query Acc = 57.33, Avg Acc = 52.54% +- 1.71%
ISIC iteration 79/400 : Query Acc = 49.33, Avg Acc = 52.50% +- 1.69%
ISIC iteration 80/400 : Query Acc = 49.33, Avg Acc = 52.46% +- 1.67%
ISIC iteration 81/400 : Query Acc = 57.33, Avg Acc = 52.52% +- 1.65%
ISIC iteration 82/400 : Query Acc = 54.67, Avg Acc = 52.55% +- 1.64%
ISIC iteration 83/400 : Query Acc = 56.00, Avg Acc = 52.59% +- 1.62%
ISIC iteration 84/400 : Query Acc = 58.67, Avg Acc = 52.66% +- 1.61%
ISIC iteration 85/400 : Query Acc = 37.33, Avg Acc = 52.48% +- 1.62%
ISIC iteration 86/400 : Query Acc = 64.00, Avg Acc = 52.61% +- 1.63%
ISIC iteration 87/400 : Query Acc = 57.33, Avg Acc = 52.67% +- 1.61%
ISIC iteration 88/400 : Query Acc = 54.67, Avg Acc = 52.69% +- 1.59%
ISIC iteration 89/400 : Query Acc = 36.00, Avg Acc = 52.50% +- 1.62%
ISIC iteration 90/400 : Query Acc = 46.67, Avg Acc = 52.44% +- 1.60%
ISIC iteration 91/400 : Query Acc = 64.00, Avg Acc = 52.57% +- 1.60%
ISIC iteration 92/400 : Query Acc = 48.00, Avg Acc = 52.52% +- 1.59%
ISIC iteration 93/400 : Query Acc = 40.00, Avg Acc = 52.38% +- 1.59%
ISIC iteration 94/400 : Query Acc = 56.00, Avg Acc = 52.42% +- 1.58%
ISIC iteration 95/400 : Query Acc = 58.67, Avg Acc = 52.49% +- 1.57%
ISIC iteration 96/400 : Query Acc = 48.00, Avg Acc = 52.44% +- 1.56%
ISIC iteration 97/400 : Query Acc = 48.00, Avg Acc = 52.39% +- 1.54%
ISIC iteration 98/400 : Query Acc = 49.33, Avg Acc = 52.36% +- 1.53%
ISIC iteration 99/400 : Query Acc = 46.67, Avg Acc = 52.31% +- 1.52%
ISIC iteration 100/400 : Query Acc = 50.67, Avg Acc = 52.29% +- 1.50%
ISIC | 100 / 400 Acc = 52.29% +- 1.50%
ISIC iteration 101/400 : Query Acc = 58.67, Avg Acc = 52.35% +- 1.49%
ISIC iteration 102/400 : Query Acc = 56.00, Avg Acc = 52.39% +- 1.48%
ISIC iteration 103/400 : Query Acc = 53.33, Avg Acc = 52.40% +- 1.46%
ISIC iteration 104/400 : Query Acc = 57.33, Avg Acc = 52.44% +- 1.45%
ISIC iteration 105/400 : Query Acc = 58.67, Avg Acc = 52.50% +- 1.44%
ISIC iteration 106/400 : Query Acc = 54.67, Avg Acc = 52.52% +- 1.43%
ISIC iteration 107/400 : Query Acc = 42.67, Avg Acc = 52.43% +- 1.43%
ISIC iteration 108/400 : Query Acc = 40.00, Avg Acc = 52.32% +- 1.43%
ISIC iteration 109/400 : Query Acc = 58.67, Avg Acc = 52.38% +- 1.43%
ISIC iteration 110/400 : Query Acc = 48.00, Avg Acc = 52.34% +- 1.41%
ISIC iteration 111/400 : Query Acc = 62.67, Avg Acc = 52.43% +- 1.41%
ISIC iteration 112/400 : Query Acc = 56.00, Avg Acc = 52.46% +- 1.40%
ISIC iteration 113/400 : Query Acc = 66.67, Avg Acc = 52.58% +- 1.41%
ISIC iteration 114/400 : Query Acc = 29.33, Avg Acc = 52.38% +- 1.45%
ISIC iteration 115/400 : Query Acc = 58.67, Avg Acc = 52.44% +- 1.44%
ISIC iteration 116/400 : Query Acc = 48.00, Avg Acc = 52.40% +- 1.43%
ISIC iteration 117/400 : Query Acc = 46.67, Avg Acc = 52.35% +- 1.43%
ISIC iteration 118/400 : Query Acc = 57.33, Avg Acc = 52.39% +- 1.42%
ISIC iteration 119/400 : Query Acc = 57.33, Avg Acc = 52.43% +- 1.41%
ISIC iteration 120/400 : Query Acc = 58.67, Avg Acc = 52.48% +- 1.40%
ISIC iteration 121/400 : Query Acc = 64.00, Avg Acc = 52.58% +- 1.40%
ISIC iteration 122/400 : Query Acc = 56.00, Avg Acc = 52.61% +- 1.39%
ISIC iteration 123/400 : Query Acc = 62.67, Avg Acc = 52.69% +- 1.39%
ISIC iteration 124/400 : Query Acc = 62.67, Avg Acc = 52.77% +- 1.38%
ISIC iteration 125/400 : Query Acc = 37.33, Avg Acc = 52.65% +- 1.39%
ISIC iteration 126/400 : Query Acc = 56.00, Avg Acc = 52.67% +- 1.38%
ISIC iteration 127/400 : Query Acc = 44.00, Avg Acc = 52.60% +- 1.38%
ISIC iteration 128/400 : Query Acc = 53.33, Avg Acc = 52.61% +- 1.37%
ISIC iteration 129/400 : Query Acc = 64.00, Avg Acc = 52.70% +- 1.37%
ISIC iteration 130/400 : Query Acc = 38.67, Avg Acc = 52.59% +- 1.37%
ISIC iteration 131/400 : Query Acc = 60.00, Avg Acc = 52.65% +- 1.37%
ISIC iteration 132/400 : Query Acc = 57.33, Avg Acc = 52.68% +- 1.36%
ISIC iteration 133/400 : Query Acc = 58.67, Avg Acc = 52.73% +- 1.35%
ISIC iteration 134/400 : Query Acc = 42.67, Avg Acc = 52.65% +- 1.35%
ISIC iteration 135/400 : Query Acc = 53.33, Avg Acc = 52.66% +- 1.34%
ISIC iteration 136/400 : Query Acc = 56.00, Avg Acc = 52.68% +- 1.33%
ISIC iteration 137/400 : Query Acc = 45.33, Avg Acc = 52.63% +- 1.33%
ISIC iteration 138/400 : Query Acc = 48.00, Avg Acc = 52.59% +- 1.32%
ISIC iteration 139/400 : Query Acc = 61.33, Avg Acc = 52.66% +- 1.31%
ISIC iteration 140/400 : Query Acc = 46.67, Avg Acc = 52.61% +- 1.31%
ISIC iteration 141/400 : Query Acc = 41.33, Avg Acc = 52.54% +- 1.31%
ISIC iteration 142/400 : Query Acc = 66.67, Avg Acc = 52.63% +- 1.31%
ISIC iteration 143/400 : Query Acc = 60.00, Avg Acc = 52.69% +- 1.31%
ISIC iteration 144/400 : Query Acc = 49.33, Avg Acc = 52.66% +- 1.30%
ISIC iteration 145/400 : Query Acc = 61.33, Avg Acc = 52.72% +- 1.30%
ISIC iteration 146/400 : Query Acc = 52.00, Avg Acc = 52.72% +- 1.29%
ISIC iteration 147/400 : Query Acc = 52.00, Avg Acc = 52.71% +- 1.28%
ISIC iteration 148/400 : Query Acc = 69.33, Avg Acc = 52.82% +- 1.29%
ISIC iteration 149/400 : Query Acc = 42.67, Avg Acc = 52.76% +- 1.29%
ISIC iteration 150/400 : Query Acc = 66.67, Avg Acc = 52.85% +- 1.29%
ISIC iteration 151/400 : Query Acc = 58.67, Avg Acc = 52.89% +- 1.28%
ISIC iteration 152/400 : Query Acc = 48.00, Avg Acc = 52.85% +- 1.28%
ISIC iteration 153/400 : Query Acc = 50.67, Avg Acc = 52.84% +- 1.27%
ISIC iteration 154/400 : Query Acc = 54.67, Avg Acc = 52.85% +- 1.26%
ISIC iteration 155/400 : Query Acc = 37.33, Avg Acc = 52.75% +- 1.27%
ISIC iteration 156/400 : Query Acc = 61.33, Avg Acc = 52.81% +- 1.26%
ISIC iteration 157/400 : Query Acc = 48.00, Avg Acc = 52.78% +- 1.26%
ISIC iteration 158/400 : Query Acc = 53.33, Avg Acc = 52.78% +- 1.25%
ISIC iteration 159/400 : Query Acc = 41.33, Avg Acc = 52.71% +- 1.25%
ISIC iteration 160/400 : Query Acc = 37.33, Avg Acc = 52.61% +- 1.26%
ISIC iteration 161/400 : Query Acc = 68.00, Avg Acc = 52.71% +- 1.26%
ISIC iteration 162/400 : Query Acc = 52.00, Avg Acc = 52.70% +- 1.25%
ISIC iteration 163/400 : Query Acc = 62.67, Avg Acc = 52.76% +- 1.25%
ISIC iteration 164/400 : Query Acc = 48.00, Avg Acc = 52.74% +- 1.25%
ISIC iteration 165/400 : Query Acc = 64.00, Avg Acc = 52.80% +- 1.25%
ISIC iteration 166/400 : Query Acc = 50.67, Avg Acc = 52.79% +- 1.24%
ISIC iteration 167/400 : Query Acc = 65.33, Avg Acc = 52.87% +- 1.24%
ISIC iteration 168/400 : Query Acc = 53.33, Avg Acc = 52.87% +- 1.23%
ISIC iteration 169/400 : Query Acc = 45.33, Avg Acc = 52.82% +- 1.23%
ISIC iteration 170/400 : Query Acc = 60.00, Avg Acc = 52.87% +- 1.22%
ISIC iteration 171/400 : Query Acc = 44.00, Avg Acc = 52.81% +- 1.22%
ISIC iteration 172/400 : Query Acc = 54.67, Avg Acc = 52.82% +- 1.21%
ISIC iteration 173/400 : Query Acc = 61.33, Avg Acc = 52.87% +- 1.21%
ISIC iteration 174/400 : Query Acc = 60.00, Avg Acc = 52.91% +- 1.21%
ISIC iteration 175/400 : Query Acc = 53.33, Avg Acc = 52.92% +- 1.20%
ISIC iteration 176/400 : Query Acc = 64.00, Avg Acc = 52.98% +- 1.20%
ISIC iteration 177/400 : Query Acc = 60.00, Avg Acc = 53.02% +- 1.19%
ISIC iteration 178/400 : Query Acc = 60.00, Avg Acc = 53.06% +- 1.19%
ISIC iteration 179/400 : Query Acc = 52.00, Avg Acc = 53.05% +- 1.18%
ISIC iteration 180/400 : Query Acc = 65.33, Avg Acc = 53.12% +- 1.19%
ISIC iteration 181/400 : Query Acc = 58.67, Avg Acc = 53.15% +- 1.18%
ISIC iteration 182/400 : Query Acc = 53.33, Avg Acc = 53.15% +- 1.17%
ISIC iteration 183/400 : Query Acc = 54.67, Avg Acc = 53.16% +- 1.17%
ISIC iteration 184/400 : Query Acc = 52.00, Avg Acc = 53.15% +- 1.16%
ISIC iteration 185/400 : Query Acc = 65.33, Avg Acc = 53.22% +- 1.16%
ISIC iteration 186/400 : Query Acc = 60.00, Avg Acc = 53.25% +- 1.16%
ISIC iteration 187/400 : Query Acc = 58.67, Avg Acc = 53.28% +- 1.15%
ISIC iteration 188/400 : Query Acc = 58.67, Avg Acc = 53.31% +- 1.15%
ISIC iteration 189/400 : Query Acc = 52.00, Avg Acc = 53.31% +- 1.14%
ISIC iteration 190/400 : Query Acc = 50.67, Avg Acc = 53.29% +- 1.14%
ISIC iteration 191/400 : Query Acc = 53.33, Avg Acc = 53.29% +- 1.13%
ISIC iteration 192/400 : Query Acc = 58.67, Avg Acc = 53.32% +- 1.13%
ISIC iteration 193/400 : Query Acc = 61.33, Avg Acc = 53.36% +- 1.12%
ISIC iteration 194/400 : Query Acc = 45.33, Avg Acc = 53.32% +- 1.12%
ISIC iteration 195/400 : Query Acc = 54.67, Avg Acc = 53.33% +- 1.11%
ISIC iteration 196/400 : Query Acc = 57.33, Avg Acc = 53.35% +- 1.11%
ISIC iteration 197/400 : Query Acc = 48.00, Avg Acc = 53.32% +- 1.11%
ISIC iteration 198/400 : Query Acc = 50.67, Avg Acc = 53.31% +- 1.10%
ISIC iteration 199/400 : Query Acc = 49.33, Avg Acc = 53.29% +- 1.10%
ISIC iteration 200/400 : Query Acc = 44.00, Avg Acc = 53.24% +- 1.09%
ISIC | 200 / 400 Acc = 53.24% +- 1.09%
ISIC iteration 201/400 : Query Acc = 54.67, Avg Acc = 53.25% +- 1.09%
ISIC iteration 202/400 : Query Acc = 41.33, Avg Acc = 53.19% +- 1.09%
ISIC iteration 203/400 : Query Acc = 45.33, Avg Acc = 53.15% +- 1.09%
ISIC iteration 204/400 : Query Acc = 57.33, Avg Acc = 53.17% +- 1.08%
ISIC iteration 205/400 : Query Acc = 54.67, Avg Acc = 53.18% +- 1.08%
ISIC iteration 206/400 : Query Acc = 56.00, Avg Acc = 53.19% +- 1.07%
ISIC iteration 207/400 : Query Acc = 61.33, Avg Acc = 53.23% +- 1.07%
ISIC iteration 208/400 : Query Acc = 61.33, Avg Acc = 53.27% +- 1.07%
ISIC iteration 209/400 : Query Acc = 60.00, Avg Acc = 53.30% +- 1.06%
ISIC iteration 210/400 : Query Acc = 52.00, Avg Acc = 53.30% +- 1.06%
ISIC iteration 211/400 : Query Acc = 45.33, Avg Acc = 53.26% +- 1.06%
ISIC iteration 212/400 : Query Acc = 65.33, Avg Acc = 53.31% +- 1.06%
ISIC iteration 213/400 : Query Acc = 62.67, Avg Acc = 53.36% +- 1.06%
ISIC iteration 214/400 : Query Acc = 49.33, Avg Acc = 53.34% +- 1.05%
ISIC iteration 215/400 : Query Acc = 50.67, Avg Acc = 53.33% +- 1.05%
ISIC iteration 216/400 : Query Acc = 48.00, Avg Acc = 53.30% +- 1.04%
ISIC iteration 217/400 : Query Acc = 70.67, Avg Acc = 53.38% +- 1.05%
ISIC iteration 218/400 : Query Acc = 60.00, Avg Acc = 53.41% +- 1.05%
ISIC iteration 219/400 : Query Acc = 45.33, Avg Acc = 53.38% +- 1.04%
ISIC iteration 220/400 : Query Acc = 58.67, Avg Acc = 53.40% +- 1.04%
ISIC iteration 221/400 : Query Acc = 52.00, Avg Acc = 53.39% +- 1.04%
ISIC iteration 222/400 : Query Acc = 56.00, Avg Acc = 53.41% +- 1.03%
ISIC iteration 223/400 : Query Acc = 53.33, Avg Acc = 53.40% +- 1.03%
ISIC iteration 224/400 : Query Acc = 57.33, Avg Acc = 53.42% +- 1.02%
ISIC iteration 225/400 : Query Acc = 53.33, Avg Acc = 53.42% +- 1.02%
ISIC iteration 226/400 : Query Acc = 56.00, Avg Acc = 53.43% +- 1.01%
ISIC iteration 227/400 : Query Acc = 46.67, Avg Acc = 53.40% +- 1.01%
ISIC iteration 228/400 : Query Acc = 56.00, Avg Acc = 53.41% +- 1.01%
ISIC iteration 229/400 : Query Acc = 46.67, Avg Acc = 53.39% +- 1.00%
ISIC iteration 230/400 : Query Acc = 38.67, Avg Acc = 53.32% +- 1.01%
ISIC iteration 231/400 : Query Acc = 37.33, Avg Acc = 53.25% +- 1.01%
ISIC iteration 232/400 : Query Acc = 40.00, Avg Acc = 53.20% +- 1.01%
ISIC iteration 233/400 : Query Acc = 61.33, Avg Acc = 53.23% +- 1.01%
ISIC iteration 234/400 : Query Acc = 58.67, Avg Acc = 53.25% +- 1.01%
ISIC iteration 235/400 : Query Acc = 52.00, Avg Acc = 53.25% +- 1.01%
ISIC iteration 236/400 : Query Acc = 54.67, Avg Acc = 53.25% +- 1.00%
ISIC iteration 237/400 : Query Acc = 64.00, Avg Acc = 53.30% +- 1.00%
ISIC iteration 238/400 : Query Acc = 40.00, Avg Acc = 53.24% +- 1.00%
ISIC iteration 239/400 : Query Acc = 48.00, Avg Acc = 53.22% +- 1.00%
ISIC iteration 240/400 : Query Acc = 57.33, Avg Acc = 53.24% +- 1.00%
ISIC iteration 241/400 : Query Acc = 36.00, Avg Acc = 53.17% +- 1.00%
ISIC iteration 242/400 : Query Acc = 53.33, Avg Acc = 53.17% +- 1.00%
ISIC iteration 243/400 : Query Acc = 45.33, Avg Acc = 53.14% +- 0.99%
ISIC iteration 244/400 : Query Acc = 65.33, Avg Acc = 53.19% +- 1.00%
ISIC iteration 245/400 : Query Acc = 54.67, Avg Acc = 53.19% +- 0.99%
ISIC iteration 246/400 : Query Acc = 42.67, Avg Acc = 53.15% +- 0.99%
ISIC iteration 247/400 : Query Acc = 49.33, Avg Acc = 53.13% +- 0.99%
ISIC iteration 248/400 : Query Acc = 40.00, Avg Acc = 53.08% +- 0.99%
ISIC iteration 249/400 : Query Acc = 50.67, Avg Acc = 53.07% +- 0.99%
ISIC iteration 250/400 : Query Acc = 56.00, Avg Acc = 53.08% +- 0.98%
ISIC iteration 251/400 : Query Acc = 61.33, Avg Acc = 53.12% +- 0.98%
ISIC iteration 252/400 : Query Acc = 48.00, Avg Acc = 53.10% +- 0.98%
ISIC iteration 253/400 : Query Acc = 69.33, Avg Acc = 53.16% +- 0.98%
ISIC iteration 254/400 : Query Acc = 57.33, Avg Acc = 53.18% +- 0.98%
ISIC iteration 255/400 : Query Acc = 54.67, Avg Acc = 53.18% +- 0.97%
ISIC iteration 256/400 : Query Acc = 52.00, Avg Acc = 53.18% +- 0.97%
ISIC iteration 257/400 : Query Acc = 53.33, Avg Acc = 53.18% +- 0.97%
ISIC iteration 258/400 : Query Acc = 50.67, Avg Acc = 53.17% +- 0.96%
ISIC iteration 259/400 : Query Acc = 36.00, Avg Acc = 53.10% +- 0.97%
ISIC iteration 260/400 : Query Acc = 45.33, Avg Acc = 53.07% +- 0.97%
ISIC iteration 261/400 : Query Acc = 65.33, Avg Acc = 53.12% +- 0.97%
ISIC iteration 262/400 : Query Acc = 58.67, Avg Acc = 53.14% +- 0.96%
ISIC iteration 263/400 : Query Acc = 58.67, Avg Acc = 53.16% +- 0.96%
ISIC iteration 264/400 : Query Acc = 49.33, Avg Acc = 53.15% +- 0.96%
ISIC iteration 265/400 : Query Acc = 70.67, Avg Acc = 53.21% +- 0.96%
ISIC iteration 266/400 : Query Acc = 62.67, Avg Acc = 53.25% +- 0.96%
ISIC iteration 267/400 : Query Acc = 42.67, Avg Acc = 53.21% +- 0.96%
ISIC iteration 268/400 : Query Acc = 52.00, Avg Acc = 53.20% +- 0.96%
ISIC iteration 269/400 : Query Acc = 53.33, Avg Acc = 53.20% +- 0.95%
ISIC iteration 270/400 : Query Acc = 52.00, Avg Acc = 53.20% +- 0.95%
ISIC iteration 271/400 : Query Acc = 54.67, Avg Acc = 53.21% +- 0.95%
ISIC iteration 272/400 : Query Acc = 53.33, Avg Acc = 53.21% +- 0.94%
ISIC iteration 273/400 : Query Acc = 53.33, Avg Acc = 53.21% +- 0.94%
ISIC iteration 274/400 : Query Acc = 72.00, Avg Acc = 53.28% +- 0.95%
ISIC iteration 275/400 : Query Acc = 53.33, Avg Acc = 53.28% +- 0.94%
ISIC iteration 276/400 : Query Acc = 54.67, Avg Acc = 53.28% +- 0.94%
ISIC iteration 277/400 : Query Acc = 45.33, Avg Acc = 53.25% +- 0.94%
ISIC iteration 278/400 : Query Acc = 45.33, Avg Acc = 53.22% +- 0.94%
ISIC iteration 279/400 : Query Acc = 54.67, Avg Acc = 53.23% +- 0.93%
ISIC iteration 280/400 : Query Acc = 40.00, Avg Acc = 53.18% +- 0.93%
ISIC iteration 281/400 : Query Acc = 37.33, Avg Acc = 53.13% +- 0.94%
ISIC iteration 282/400 : Query Acc = 64.00, Avg Acc = 53.16% +- 0.94%
ISIC iteration 283/400 : Query Acc = 61.33, Avg Acc = 53.19% +- 0.94%
ISIC iteration 284/400 : Query Acc = 57.33, Avg Acc = 53.21% +- 0.93%
ISIC iteration 285/400 : Query Acc = 50.67, Avg Acc = 53.20% +- 0.93%
ISIC iteration 286/400 : Query Acc = 50.67, Avg Acc = 53.19% +- 0.93%
ISIC iteration 287/400 : Query Acc = 41.33, Avg Acc = 53.15% +- 0.93%
ISIC iteration 288/400 : Query Acc = 56.00, Avg Acc = 53.16% +- 0.92%
ISIC iteration 289/400 : Query Acc = 52.00, Avg Acc = 53.15% +- 0.92%
ISIC iteration 290/400 : Query Acc = 56.00, Avg Acc = 53.16% +- 0.92%
ISIC iteration 291/400 : Query Acc = 49.33, Avg Acc = 53.15% +- 0.91%
ISIC iteration 292/400 : Query Acc = 58.67, Avg Acc = 53.17% +- 0.91%
ISIC iteration 293/400 : Query Acc = 50.67, Avg Acc = 53.16% +- 0.91%
ISIC iteration 294/400 : Query Acc = 41.33, Avg Acc = 53.12% +- 0.91%
ISIC iteration 295/400 : Query Acc = 46.67, Avg Acc = 53.10% +- 0.91%
ISIC iteration 296/400 : Query Acc = 49.33, Avg Acc = 53.09% +- 0.90%
ISIC iteration 297/400 : Query Acc = 62.67, Avg Acc = 53.12% +- 0.90%
ISIC iteration 298/400 : Query Acc = 56.00, Avg Acc = 53.13% +- 0.90%
ISIC iteration 299/400 : Query Acc = 49.33, Avg Acc = 53.12% +- 0.90%
ISIC iteration 300/400 : Query Acc = 50.67, Avg Acc = 53.11% +- 0.90%
ISIC | 300 / 400 Acc = 53.11% +- 0.90%
ISIC iteration 301/400 : Query Acc = 54.67, Avg Acc = 53.11% +- 0.89%
ISIC iteration 302/400 : Query Acc = 45.33, Avg Acc = 53.09% +- 0.89%
ISIC iteration 303/400 : Query Acc = 60.00, Avg Acc = 53.11% +- 0.89%
ISIC iteration 304/400 : Query Acc = 46.67, Avg Acc = 53.09% +- 0.89%
ISIC iteration 305/400 : Query Acc = 46.67, Avg Acc = 53.07% +- 0.89%
ISIC iteration 306/400 : Query Acc = 46.67, Avg Acc = 53.05% +- 0.88%
ISIC iteration 307/400 : Query Acc = 49.33, Avg Acc = 53.03% +- 0.88%
ISIC iteration 308/400 : Query Acc = 48.00, Avg Acc = 53.02% +- 0.88%
ISIC iteration 309/400 : Query Acc = 61.33, Avg Acc = 53.05% +- 0.88%
ISIC iteration 310/400 : Query Acc = 45.33, Avg Acc = 53.02% +- 0.88%
ISIC iteration 311/400 : Query Acc = 44.00, Avg Acc = 52.99% +- 0.88%
ISIC iteration 312/400 : Query Acc = 61.33, Avg Acc = 53.02% +- 0.87%
ISIC iteration 313/400 : Query Acc = 58.67, Avg Acc = 53.04% +- 0.87%
ISIC iteration 314/400 : Query Acc = 64.00, Avg Acc = 53.07% +- 0.87%
ISIC iteration 315/400 : Query Acc = 45.33, Avg Acc = 53.05% +- 0.87%
ISIC iteration 316/400 : Query Acc = 54.67, Avg Acc = 53.05% +- 0.87%
ISIC iteration 317/400 : Query Acc = 50.67, Avg Acc = 53.04% +- 0.86%
ISIC iteration 318/400 : Query Acc = 49.33, Avg Acc = 53.03% +- 0.86%
ISIC iteration 319/400 : Query Acc = 60.00, Avg Acc = 53.05% +- 0.86%
ISIC iteration 320/400 : Query Acc = 57.33, Avg Acc = 53.07% +- 0.86%
ISIC iteration 321/400 : Query Acc = 45.33, Avg Acc = 53.04% +- 0.86%
ISIC iteration 322/400 : Query Acc = 49.33, Avg Acc = 53.03% +- 0.85%
ISIC iteration 323/400 : Query Acc = 52.00, Avg Acc = 53.03% +- 0.85%
ISIC iteration 324/400 : Query Acc = 64.00, Avg Acc = 53.06% +- 0.85%
ISIC iteration 325/400 : Query Acc = 68.00, Avg Acc = 53.11% +- 0.85%
ISIC iteration 326/400 : Query Acc = 70.67, Avg Acc = 53.16% +- 0.86%
ISIC iteration 327/400 : Query Acc = 62.67, Avg Acc = 53.19% +- 0.86%
ISIC iteration 328/400 : Query Acc = 53.33, Avg Acc = 53.19% +- 0.85%
ISIC iteration 329/400 : Query Acc = 49.33, Avg Acc = 53.18% +- 0.85%
ISIC iteration 330/400 : Query Acc = 45.33, Avg Acc = 53.16% +- 0.85%
ISIC iteration 331/400 : Query Acc = 60.00, Avg Acc = 53.18% +- 0.85%
ISIC iteration 332/400 : Query Acc = 57.33, Avg Acc = 53.19% +- 0.85%
ISIC iteration 333/400 : Query Acc = 64.00, Avg Acc = 53.22% +- 0.85%
ISIC iteration 334/400 : Query Acc = 60.00, Avg Acc = 53.24% +- 0.85%
ISIC iteration 335/400 : Query Acc = 61.33, Avg Acc = 53.27% +- 0.84%
ISIC iteration 336/400 : Query Acc = 58.67, Avg Acc = 53.28% +- 0.84%
ISIC iteration 337/400 : Query Acc = 54.67, Avg Acc = 53.29% +- 0.84%
ISIC iteration 338/400 : Query Acc = 53.33, Avg Acc = 53.29% +- 0.84%
ISIC iteration 339/400 : Query Acc = 56.00, Avg Acc = 53.29% +- 0.84%
ISIC iteration 340/400 : Query Acc = 48.00, Avg Acc = 53.28% +- 0.83%
ISIC iteration 341/400 : Query Acc = 53.33, Avg Acc = 53.28% +- 0.83%
ISIC iteration 342/400 : Query Acc = 57.33, Avg Acc = 53.29% +- 0.83%
ISIC iteration 343/400 : Query Acc = 56.00, Avg Acc = 53.30% +- 0.83%
ISIC iteration 344/400 : Query Acc = 57.33, Avg Acc = 53.31% +- 0.82%
ISIC iteration 345/400 : Query Acc = 60.00, Avg Acc = 53.33% +- 0.82%
ISIC iteration 346/400 : Query Acc = 65.33, Avg Acc = 53.36% +- 0.82%
ISIC iteration 347/400 : Query Acc = 57.33, Avg Acc = 53.38% +- 0.82%
ISIC iteration 348/400 : Query Acc = 45.33, Avg Acc = 53.35% +- 0.82%
ISIC iteration 349/400 : Query Acc = 41.33, Avg Acc = 53.32% +- 0.82%
ISIC iteration 350/400 : Query Acc = 57.33, Avg Acc = 53.33% +- 0.82%
ISIC iteration 351/400 : Query Acc = 50.67, Avg Acc = 53.32% +- 0.82%
ISIC iteration 352/400 : Query Acc = 56.00, Avg Acc = 53.33% +- 0.81%
ISIC iteration 353/400 : Query Acc = 72.00, Avg Acc = 53.38% +- 0.82%
ISIC iteration 354/400 : Query Acc = 54.67, Avg Acc = 53.39% +- 0.82%
ISIC iteration 355/400 : Query Acc = 44.00, Avg Acc = 53.36% +- 0.82%
ISIC iteration 356/400 : Query Acc = 44.00, Avg Acc = 53.33% +- 0.81%
ISIC iteration 357/400 : Query Acc = 50.67, Avg Acc = 53.33% +- 0.81%
ISIC iteration 358/400 : Query Acc = 50.67, Avg Acc = 53.32% +- 0.81%
ISIC iteration 359/400 : Query Acc = 41.33, Avg Acc = 53.29% +- 0.81%
ISIC iteration 360/400 : Query Acc = 54.67, Avg Acc = 53.29% +- 0.81%
ISIC iteration 361/400 : Query Acc = 52.00, Avg Acc = 53.29% +- 0.81%
ISIC iteration 362/400 : Query Acc = 58.67, Avg Acc = 53.30% +- 0.80%
ISIC iteration 363/400 : Query Acc = 26.67, Avg Acc = 53.23% +- 0.82%
ISIC iteration 364/400 : Query Acc = 45.33, Avg Acc = 53.21% +- 0.81%
ISIC iteration 365/400 : Query Acc = 37.33, Avg Acc = 53.16% +- 0.82%
ISIC iteration 366/400 : Query Acc = 64.00, Avg Acc = 53.19% +- 0.82%
ISIC iteration 367/400 : Query Acc = 56.00, Avg Acc = 53.20% +- 0.81%
ISIC iteration 368/400 : Query Acc = 65.33, Avg Acc = 53.23% +- 0.81%
ISIC iteration 369/400 : Query Acc = 62.67, Avg Acc = 53.26% +- 0.81%
ISIC iteration 370/400 : Query Acc = 48.00, Avg Acc = 53.24% +- 0.81%
ISIC iteration 371/400 : Query Acc = 57.33, Avg Acc = 53.25% +- 0.81%
ISIC iteration 372/400 : Query Acc = 53.33, Avg Acc = 53.25% +- 0.81%
ISIC iteration 373/400 : Query Acc = 45.33, Avg Acc = 53.23% +- 0.81%
ISIC iteration 374/400 : Query Acc = 46.67, Avg Acc = 53.22% +- 0.81%
ISIC iteration 375/400 : Query Acc = 58.67, Avg Acc = 53.23% +- 0.80%
ISIC iteration 376/400 : Query Acc = 58.67, Avg Acc = 53.24% +- 0.80%
ISIC iteration 377/400 : Query Acc = 52.00, Avg Acc = 53.24% +- 0.80%
ISIC iteration 378/400 : Query Acc = 38.67, Avg Acc = 53.20% +- 0.80%
ISIC iteration 379/400 : Query Acc = 62.67, Avg Acc = 53.23% +- 0.80%
ISIC iteration 380/400 : Query Acc = 46.67, Avg Acc = 53.21% +- 0.80%
ISIC iteration 381/400 : Query Acc = 57.33, Avg Acc = 53.22% +- 0.80%
ISIC iteration 382/400 : Query Acc = 60.00, Avg Acc = 53.24% +- 0.80%
ISIC iteration 383/400 : Query Acc = 46.67, Avg Acc = 53.22% +- 0.79%
ISIC iteration 384/400 : Query Acc = 50.67, Avg Acc = 53.22% +- 0.79%
ISIC iteration 385/400 : Query Acc = 44.00, Avg Acc = 53.19% +- 0.79%
ISIC iteration 386/400 : Query Acc = 56.00, Avg Acc = 53.20% +- 0.79%
ISIC iteration 387/400 : Query Acc = 56.00, Avg Acc = 53.21% +- 0.79%
ISIC iteration 388/400 : Query Acc = 38.67, Avg Acc = 53.17% +- 0.79%
ISIC iteration 389/400 : Query Acc = 42.67, Avg Acc = 53.14% +- 0.79%
ISIC iteration 390/400 : Query Acc = 54.67, Avg Acc = 53.15% +- 0.79%
ISIC iteration 391/400 : Query Acc = 42.67, Avg Acc = 53.12% +- 0.79%
ISIC iteration 392/400 : Query Acc = 48.00, Avg Acc = 53.11% +- 0.79%
ISIC iteration 393/400 : Query Acc = 44.00, Avg Acc = 53.08% +- 0.79%
ISIC iteration 394/400 : Query Acc = 54.67, Avg Acc = 53.09% +- 0.78%
ISIC iteration 395/400 : Query Acc = 73.33, Avg Acc = 53.14% +- 0.79%
ISIC iteration 396/400 : Query Acc = 44.00, Avg Acc = 53.12% +- 0.79%
ISIC iteration 397/400 : Query Acc = 50.67, Avg Acc = 53.11% +- 0.78%
ISIC iteration 398/400 : Query Acc = 49.33, Avg Acc = 53.10% +- 0.78%
ISIC iteration 399/400 : Query Acc = 52.00, Avg Acc = 53.10% +- 0.78%
ISIC 400 Test Acc = 53.10% +- 0.78%
>>> [baseline] EuroSAT 5-shot  2026-09-26 19:39:58
set seed = 1
FineTune! 5 shots on EuroSAT dataset
EuroSAT iteration 0/400 : Query Acc = 90.67, Avg Acc = 90.67% +- 0.00%
EuroSAT | 0 / 400 Acc = 90.67% +- 0.00%
EuroSAT iteration 1/400 : Query Acc = 92.00, Avg Acc = 91.33% +- 0.92%
EuroSAT iteration 2/400 : Query Acc = 97.33, Avg Acc = 93.33% +- 3.26%
EuroSAT iteration 3/400 : Query Acc = 84.00, Avg Acc = 91.00% +- 4.65%
EuroSAT iteration 4/400 : Query Acc = 92.00, Avg Acc = 91.20% +- 3.74%
EuroSAT iteration 5/400 : Query Acc = 96.00, Avg Acc = 92.00% +- 3.43%
EuroSAT iteration 6/400 : Query Acc = 96.00, Avg Acc = 92.57% +- 3.12%
EuroSAT iteration 7/400 : Query Acc = 92.00, Avg Acc = 92.50% +- 2.73%
EuroSAT iteration 8/400 : Query Acc = 92.00, Avg Acc = 92.44% +- 2.43%
EuroSAT iteration 9/400 : Query Acc = 90.67, Avg Acc = 92.27% +- 2.21%
EuroSAT iteration 10/400 : Query Acc = 98.67, Avg Acc = 92.85% +- 2.29%
EuroSAT iteration 11/400 : Query Acc = 92.00, Avg Acc = 92.78% +- 2.10%
EuroSAT iteration 12/400 : Query Acc = 92.00, Avg Acc = 92.72% +- 1.94%
EuroSAT iteration 13/400 : Query Acc = 90.67, Avg Acc = 92.57% +- 1.82%
EuroSAT iteration 14/400 : Query Acc = 93.33, Avg Acc = 92.62% +- 1.70%
EuroSAT iteration 15/400 : Query Acc = 90.67, Avg Acc = 92.50% +- 1.61%
EuroSAT iteration 16/400 : Query Acc = 96.00, Avg Acc = 92.71% +- 1.57%
EuroSAT iteration 17/400 : Query Acc = 84.00, Avg Acc = 92.22% +- 1.75%
EuroSAT iteration 18/400 : Query Acc = 94.67, Avg Acc = 92.35% +- 1.67%
EuroSAT iteration 19/400 : Query Acc = 89.33, Avg Acc = 92.20% +- 1.61%
EuroSAT iteration 20/400 : Query Acc = 98.67, Avg Acc = 92.51% +- 1.65%
EuroSAT iteration 21/400 : Query Acc = 97.33, Avg Acc = 92.73% +- 1.63%
EuroSAT iteration 22/400 : Query Acc = 89.33, Avg Acc = 92.58% +- 1.58%
EuroSAT iteration 23/400 : Query Acc = 92.00, Avg Acc = 92.56% +- 1.52%
EuroSAT iteration 24/400 : Query Acc = 86.67, Avg Acc = 92.32% +- 1.52%
EuroSAT iteration 25/400 : Query Acc = 98.67, Avg Acc = 92.56% +- 1.54%
EuroSAT iteration 26/400 : Query Acc = 92.00, Avg Acc = 92.54% +- 1.48%
EuroSAT iteration 27/400 : Query Acc = 94.67, Avg Acc = 92.62% +- 1.44%
EuroSAT iteration 28/400 : Query Acc = 93.33, Avg Acc = 92.64% +- 1.39%
EuroSAT iteration 29/400 : Query Acc = 93.33, Avg Acc = 92.67% +- 1.34%
EuroSAT iteration 30/400 : Query Acc = 98.67, Avg Acc = 92.86% +- 1.35%
EuroSAT iteration 31/400 : Query Acc = 94.67, Avg Acc = 92.92% +- 1.31%
EuroSAT iteration 32/400 : Query Acc = 93.33, Avg Acc = 92.93% +- 1.27%
EuroSAT iteration 33/400 : Query Acc = 93.33, Avg Acc = 92.94% +- 1.24%
EuroSAT iteration 34/400 : Query Acc = 82.67, Avg Acc = 92.65% +- 1.33%
EuroSAT iteration 35/400 : Query Acc = 97.33, Avg Acc = 92.78% +- 1.32%
EuroSAT iteration 36/400 : Query Acc = 96.00, Avg Acc = 92.86% +- 1.29%
EuroSAT iteration 37/400 : Query Acc = 92.00, Avg Acc = 92.84% +- 1.26%
EuroSAT iteration 38/400 : Query Acc = 92.00, Avg Acc = 92.82% +- 1.23%
EuroSAT iteration 39/400 : Query Acc = 94.67, Avg Acc = 92.87% +- 1.20%
EuroSAT iteration 40/400 : Query Acc = 96.00, Avg Acc = 92.94% +- 1.18%
EuroSAT iteration 41/400 : Query Acc = 98.67, Avg Acc = 93.08% +- 1.18%
EuroSAT iteration 42/400 : Query Acc = 93.33, Avg Acc = 93.09% +- 1.15%
EuroSAT iteration 43/400 : Query Acc = 93.33, Avg Acc = 93.09% +- 1.13%
EuroSAT iteration 44/400 : Query Acc = 96.00, Avg Acc = 93.16% +- 1.11%
EuroSAT iteration 45/400 : Query Acc = 97.33, Avg Acc = 93.25% +- 1.10%
EuroSAT iteration 46/400 : Query Acc = 89.33, Avg Acc = 93.16% +- 1.09%
EuroSAT iteration 47/400 : Query Acc = 96.00, Avg Acc = 93.22% +- 1.07%
EuroSAT iteration 48/400 : Query Acc = 93.33, Avg Acc = 93.22% +- 1.05%
EuroSAT iteration 49/400 : Query Acc = 88.00, Avg Acc = 93.12% +- 1.05%
EuroSAT iteration 50/400 : Query Acc = 94.67, Avg Acc = 93.15% +- 1.03%
EuroSAT iteration 51/400 : Query Acc = 100.00, Avg Acc = 93.28% +- 1.04%
EuroSAT iteration 52/400 : Query Acc = 96.00, Avg Acc = 93.33% +- 1.03%
EuroSAT iteration 53/400 : Query Acc = 94.67, Avg Acc = 93.36% +- 1.01%
EuroSAT iteration 54/400 : Query Acc = 92.00, Avg Acc = 93.33% +- 0.99%
EuroSAT iteration 55/400 : Query Acc = 88.00, Avg Acc = 93.24% +- 0.99%
EuroSAT iteration 56/400 : Query Acc = 96.00, Avg Acc = 93.29% +- 0.98%
EuroSAT iteration 57/400 : Query Acc = 97.33, Avg Acc = 93.36% +- 0.97%
EuroSAT iteration 58/400 : Query Acc = 94.67, Avg Acc = 93.38% +- 0.96%
EuroSAT iteration 59/400 : Query Acc = 89.33, Avg Acc = 93.31% +- 0.95%
EuroSAT iteration 60/400 : Query Acc = 100.00, Avg Acc = 93.42% +- 0.96%
EuroSAT iteration 61/400 : Query Acc = 89.33, Avg Acc = 93.35% +- 0.95%
EuroSAT iteration 62/400 : Query Acc = 98.67, Avg Acc = 93.44% +- 0.95%
EuroSAT iteration 63/400 : Query Acc = 93.33, Avg Acc = 93.44% +- 0.94%
EuroSAT iteration 64/400 : Query Acc = 86.67, Avg Acc = 93.33% +- 0.94%
EuroSAT iteration 65/400 : Query Acc = 94.67, Avg Acc = 93.35% +- 0.93%
EuroSAT iteration 66/400 : Query Acc = 88.00, Avg Acc = 93.27% +- 0.93%
EuroSAT iteration 67/400 : Query Acc = 90.67, Avg Acc = 93.24% +- 0.92%
EuroSAT iteration 68/400 : Query Acc = 90.67, Avg Acc = 93.20% +- 0.91%
EuroSAT iteration 69/400 : Query Acc = 97.33, Avg Acc = 93.26% +- 0.90%
EuroSAT iteration 70/400 : Query Acc = 97.33, Avg Acc = 93.31% +- 0.90%
EuroSAT iteration 71/400 : Query Acc = 86.67, Avg Acc = 93.22% +- 0.90%
EuroSAT iteration 72/400 : Query Acc = 88.00, Avg Acc = 93.15% +- 0.90%
EuroSAT iteration 73/400 : Query Acc = 86.67, Avg Acc = 93.06% +- 0.90%
EuroSAT iteration 74/400 : Query Acc = 90.67, Avg Acc = 93.03% +- 0.89%
EuroSAT iteration 75/400 : Query Acc = 90.67, Avg Acc = 93.00% +- 0.88%
EuroSAT iteration 76/400 : Query Acc = 92.00, Avg Acc = 92.99% +- 0.87%
EuroSAT iteration 77/400 : Query Acc = 97.33, Avg Acc = 93.04% +- 0.87%
EuroSAT iteration 78/400 : Query Acc = 90.67, Avg Acc = 93.01% +- 0.86%
EuroSAT iteration 79/400 : Query Acc = 94.67, Avg Acc = 93.03% +- 0.85%
EuroSAT iteration 80/400 : Query Acc = 85.33, Avg Acc = 92.94% +- 0.86%
EuroSAT iteration 81/400 : Query Acc = 96.00, Avg Acc = 92.98% +- 0.85%
EuroSAT iteration 82/400 : Query Acc = 96.00, Avg Acc = 93.01% +- 0.85%
EuroSAT iteration 83/400 : Query Acc = 97.33, Avg Acc = 93.06% +- 0.84%
EuroSAT iteration 84/400 : Query Acc = 85.33, Avg Acc = 92.97% +- 0.85%
EuroSAT iteration 85/400 : Query Acc = 93.33, Avg Acc = 92.98% +- 0.84%
EuroSAT iteration 86/400 : Query Acc = 97.33, Avg Acc = 93.03% +- 0.84%
EuroSAT iteration 87/400 : Query Acc = 89.33, Avg Acc = 92.98% +- 0.83%
EuroSAT iteration 88/400 : Query Acc = 94.67, Avg Acc = 93.00% +- 0.82%
EuroSAT iteration 89/400 : Query Acc = 84.00, Avg Acc = 92.90% +- 0.84%
EuroSAT iteration 90/400 : Query Acc = 86.67, Avg Acc = 92.84% +- 0.84%
EuroSAT iteration 91/400 : Query Acc = 93.33, Avg Acc = 92.84% +- 0.83%
EuroSAT iteration 92/400 : Query Acc = 93.33, Avg Acc = 92.85% +- 0.82%
EuroSAT iteration 93/400 : Query Acc = 90.67, Avg Acc = 92.82% +- 0.81%
EuroSAT iteration 94/400 : Query Acc = 88.00, Avg Acc = 92.77% +- 0.81%
EuroSAT iteration 95/400 : Query Acc = 97.33, Avg Acc = 92.82% +- 0.81%
EuroSAT iteration 96/400 : Query Acc = 90.67, Avg Acc = 92.80% +- 0.80%
EuroSAT iteration 97/400 : Query Acc = 96.00, Avg Acc = 92.83% +- 0.79%
EuroSAT iteration 98/400 : Query Acc = 96.00, Avg Acc = 92.86% +- 0.79%
EuroSAT iteration 99/400 : Query Acc = 96.00, Avg Acc = 92.89% +- 0.78%
EuroSAT iteration 100/400 : Query Acc = 89.33, Avg Acc = 92.86% +- 0.78%
EuroSAT | 100 / 400 Acc = 92.86% +- 0.78%
EuroSAT iteration 101/400 : Query Acc = 98.67, Avg Acc = 92.92% +- 0.78%
EuroSAT iteration 102/400 : Query Acc = 88.00, Avg Acc = 92.87% +- 0.78%
EuroSAT iteration 103/400 : Query Acc = 92.00, Avg Acc = 92.86% +- 0.77%
EuroSAT iteration 104/400 : Query Acc = 88.00, Avg Acc = 92.81% +- 0.77%
EuroSAT iteration 105/400 : Query Acc = 94.67, Avg Acc = 92.83% +- 0.76%
EuroSAT iteration 106/400 : Query Acc = 93.33, Avg Acc = 92.83% +- 0.75%
EuroSAT iteration 107/400 : Query Acc = 94.67, Avg Acc = 92.85% +- 0.75%
EuroSAT iteration 108/400 : Query Acc = 90.67, Avg Acc = 92.83% +- 0.74%
EuroSAT iteration 109/400 : Query Acc = 96.00, Avg Acc = 92.86% +- 0.74%
EuroSAT iteration 110/400 : Query Acc = 90.67, Avg Acc = 92.84% +- 0.73%
EuroSAT iteration 111/400 : Query Acc = 97.33, Avg Acc = 92.88% +- 0.73%
EuroSAT iteration 112/400 : Query Acc = 86.67, Avg Acc = 92.83% +- 0.73%
EuroSAT iteration 113/400 : Query Acc = 93.33, Avg Acc = 92.83% +- 0.72%
EuroSAT iteration 114/400 : Query Acc = 96.00, Avg Acc = 92.86% +- 0.72%
EuroSAT iteration 115/400 : Query Acc = 86.67, Avg Acc = 92.80% +- 0.72%
EuroSAT iteration 116/400 : Query Acc = 89.33, Avg Acc = 92.77% +- 0.72%
EuroSAT iteration 117/400 : Query Acc = 94.67, Avg Acc = 92.79% +- 0.71%
EuroSAT iteration 118/400 : Query Acc = 82.67, Avg Acc = 92.71% +- 0.73%
EuroSAT iteration 119/400 : Query Acc = 96.00, Avg Acc = 92.73% +- 0.72%
EuroSAT iteration 120/400 : Query Acc = 98.67, Avg Acc = 92.78% +- 0.72%
EuroSAT iteration 121/400 : Query Acc = 92.00, Avg Acc = 92.78% +- 0.72%
EuroSAT iteration 122/400 : Query Acc = 94.67, Avg Acc = 92.79% +- 0.71%
EuroSAT iteration 123/400 : Query Acc = 98.67, Avg Acc = 92.84% +- 0.71%
EuroSAT iteration 124/400 : Query Acc = 94.67, Avg Acc = 92.85% +- 0.71%
EuroSAT iteration 125/400 : Query Acc = 92.00, Avg Acc = 92.85% +- 0.70%
EuroSAT iteration 126/400 : Query Acc = 93.33, Avg Acc = 92.85% +- 0.70%
EuroSAT iteration 127/400 : Query Acc = 97.33, Avg Acc = 92.89% +- 0.69%
EuroSAT iteration 128/400 : Query Acc = 92.00, Avg Acc = 92.88% +- 0.69%
EuroSAT iteration 129/400 : Query Acc = 100.00, Avg Acc = 92.93% +- 0.69%
EuroSAT iteration 130/400 : Query Acc = 93.33, Avg Acc = 92.94% +- 0.69%
EuroSAT iteration 131/400 : Query Acc = 89.33, Avg Acc = 92.91% +- 0.68%
EuroSAT iteration 132/400 : Query Acc = 97.33, Avg Acc = 92.94% +- 0.68%
EuroSAT iteration 133/400 : Query Acc = 85.33, Avg Acc = 92.89% +- 0.68%
EuroSAT iteration 134/400 : Query Acc = 92.00, Avg Acc = 92.88% +- 0.68%
EuroSAT iteration 135/400 : Query Acc = 78.67, Avg Acc = 92.77% +- 0.70%
EuroSAT iteration 136/400 : Query Acc = 98.67, Avg Acc = 92.82% +- 0.70%
EuroSAT iteration 137/400 : Query Acc = 96.00, Avg Acc = 92.84% +- 0.70%
EuroSAT iteration 138/400 : Query Acc = 88.00, Avg Acc = 92.81% +- 0.70%
EuroSAT iteration 139/400 : Query Acc = 93.33, Avg Acc = 92.81% +- 0.69%
EuroSAT iteration 140/400 : Query Acc = 92.00, Avg Acc = 92.80% +- 0.69%
EuroSAT iteration 141/400 : Query Acc = 88.00, Avg Acc = 92.77% +- 0.69%
EuroSAT iteration 142/400 : Query Acc = 97.33, Avg Acc = 92.80% +- 0.69%
EuroSAT iteration 143/400 : Query Acc = 89.33, Avg Acc = 92.78% +- 0.68%
EuroSAT iteration 144/400 : Query Acc = 97.33, Avg Acc = 92.81% +- 0.68%
EuroSAT iteration 145/400 : Query Acc = 94.67, Avg Acc = 92.82% +- 0.68%
EuroSAT iteration 146/400 : Query Acc = 89.33, Avg Acc = 92.80% +- 0.67%
EuroSAT iteration 147/400 : Query Acc = 90.67, Avg Acc = 92.78% +- 0.67%
EuroSAT iteration 148/400 : Query Acc = 90.67, Avg Acc = 92.77% +- 0.67%
EuroSAT iteration 149/400 : Query Acc = 90.67, Avg Acc = 92.76% +- 0.66%
EuroSAT iteration 150/400 : Query Acc = 92.00, Avg Acc = 92.75% +- 0.66%
EuroSAT iteration 151/400 : Query Acc = 86.67, Avg Acc = 92.71% +- 0.66%
EuroSAT iteration 152/400 : Query Acc = 86.67, Avg Acc = 92.67% +- 0.66%
EuroSAT iteration 153/400 : Query Acc = 92.00, Avg Acc = 92.67% +- 0.65%
EuroSAT iteration 154/400 : Query Acc = 94.67, Avg Acc = 92.68% +- 0.65%
EuroSAT iteration 155/400 : Query Acc = 89.33, Avg Acc = 92.66% +- 0.65%
EuroSAT iteration 156/400 : Query Acc = 96.00, Avg Acc = 92.68% +- 0.64%
EuroSAT iteration 157/400 : Query Acc = 90.67, Avg Acc = 92.67% +- 0.64%
EuroSAT iteration 158/400 : Query Acc = 92.00, Avg Acc = 92.66% +- 0.64%
EuroSAT iteration 159/400 : Query Acc = 92.00, Avg Acc = 92.66% +- 0.63%
EuroSAT iteration 160/400 : Query Acc = 92.00, Avg Acc = 92.65% +- 0.63%
EuroSAT iteration 161/400 : Query Acc = 78.67, Avg Acc = 92.57% +- 0.65%
EuroSAT iteration 162/400 : Query Acc = 93.33, Avg Acc = 92.57% +- 0.64%
EuroSAT iteration 163/400 : Query Acc = 93.33, Avg Acc = 92.58% +- 0.64%
EuroSAT iteration 164/400 : Query Acc = 80.00, Avg Acc = 92.50% +- 0.65%
EuroSAT iteration 165/400 : Query Acc = 90.67, Avg Acc = 92.49% +- 0.65%
EuroSAT iteration 166/400 : Query Acc = 94.67, Avg Acc = 92.50% +- 0.65%
EuroSAT iteration 167/400 : Query Acc = 97.33, Avg Acc = 92.53% +- 0.64%
EuroSAT iteration 168/400 : Query Acc = 94.67, Avg Acc = 92.54% +- 0.64%
EuroSAT iteration 169/400 : Query Acc = 96.00, Avg Acc = 92.56% +- 0.64%
EuroSAT iteration 170/400 : Query Acc = 93.33, Avg Acc = 92.57% +- 0.64%
EuroSAT iteration 171/400 : Query Acc = 90.67, Avg Acc = 92.56% +- 0.63%
EuroSAT iteration 172/400 : Query Acc = 98.67, Avg Acc = 92.59% +- 0.63%
EuroSAT iteration 173/400 : Query Acc = 96.00, Avg Acc = 92.61% +- 0.63%
EuroSAT iteration 174/400 : Query Acc = 88.00, Avg Acc = 92.59% +- 0.63%
EuroSAT iteration 175/400 : Query Acc = 97.33, Avg Acc = 92.61% +- 0.63%
EuroSAT iteration 176/400 : Query Acc = 94.67, Avg Acc = 92.63% +- 0.62%
EuroSAT iteration 177/400 : Query Acc = 96.00, Avg Acc = 92.64% +- 0.62%
EuroSAT iteration 178/400 : Query Acc = 93.33, Avg Acc = 92.65% +- 0.62%
EuroSAT iteration 179/400 : Query Acc = 94.67, Avg Acc = 92.66% +- 0.61%
EuroSAT iteration 180/400 : Query Acc = 94.67, Avg Acc = 92.67% +- 0.61%
EuroSAT iteration 181/400 : Query Acc = 97.33, Avg Acc = 92.70% +- 0.61%
EuroSAT iteration 182/400 : Query Acc = 94.67, Avg Acc = 92.71% +- 0.61%
EuroSAT iteration 183/400 : Query Acc = 96.00, Avg Acc = 92.72% +- 0.61%
EuroSAT iteration 184/400 : Query Acc = 85.33, Avg Acc = 92.68% +- 0.61%
EuroSAT iteration 185/400 : Query Acc = 92.00, Avg Acc = 92.68% +- 0.60%
EuroSAT iteration 186/400 : Query Acc = 88.00, Avg Acc = 92.66% +- 0.60%
EuroSAT iteration 187/400 : Query Acc = 97.33, Avg Acc = 92.68% +- 0.60%
EuroSAT iteration 188/400 : Query Acc = 93.33, Avg Acc = 92.68% +- 0.60%
EuroSAT iteration 189/400 : Query Acc = 89.33, Avg Acc = 92.67% +- 0.60%
EuroSAT iteration 190/400 : Query Acc = 89.33, Avg Acc = 92.65% +- 0.59%
EuroSAT iteration 191/400 : Query Acc = 96.00, Avg Acc = 92.67% +- 0.59%
EuroSAT iteration 192/400 : Query Acc = 93.33, Avg Acc = 92.67% +- 0.59%
EuroSAT iteration 193/400 : Query Acc = 96.00, Avg Acc = 92.69% +- 0.59%
EuroSAT iteration 194/400 : Query Acc = 93.33, Avg Acc = 92.69% +- 0.58%
EuroSAT iteration 195/400 : Query Acc = 96.00, Avg Acc = 92.71% +- 0.58%
EuroSAT iteration 196/400 : Query Acc = 96.00, Avg Acc = 92.72% +- 0.58%
EuroSAT iteration 197/400 : Query Acc = 97.33, Avg Acc = 92.75% +- 0.58%
EuroSAT iteration 198/400 : Query Acc = 97.33, Avg Acc = 92.77% +- 0.58%
EuroSAT iteration 199/400 : Query Acc = 98.67, Avg Acc = 92.80% +- 0.58%
EuroSAT iteration 200/400 : Query Acc = 96.00, Avg Acc = 92.82% +- 0.58%
EuroSAT | 200 / 400 Acc = 92.82% +- 0.58%
EuroSAT iteration 201/400 : Query Acc = 97.33, Avg Acc = 92.84% +- 0.57%
EuroSAT iteration 202/400 : Query Acc = 88.00, Avg Acc = 92.81% +- 0.57%
EuroSAT iteration 203/400 : Query Acc = 89.33, Avg Acc = 92.80% +- 0.57%
EuroSAT iteration 204/400 : Query Acc = 96.00, Avg Acc = 92.81% +- 0.57%
EuroSAT iteration 205/400 : Query Acc = 89.33, Avg Acc = 92.80% +- 0.57%
EuroSAT iteration 206/400 : Query Acc = 82.67, Avg Acc = 92.75% +- 0.57%
EuroSAT iteration 207/400 : Query Acc = 94.67, Avg Acc = 92.76% +- 0.57%
EuroSAT iteration 208/400 : Query Acc = 93.33, Avg Acc = 92.76% +- 0.57%
EuroSAT iteration 209/400 : Query Acc = 97.33, Avg Acc = 92.78% +- 0.57%
EuroSAT iteration 210/400 : Query Acc = 96.00, Avg Acc = 92.80% +- 0.56%
EuroSAT iteration 211/400 : Query Acc = 93.33, Avg Acc = 92.80% +- 0.56%
EuroSAT iteration 212/400 : Query Acc = 90.67, Avg Acc = 92.79% +- 0.56%
EuroSAT iteration 213/400 : Query Acc = 92.00, Avg Acc = 92.79% +- 0.56%
EuroSAT iteration 214/400 : Query Acc = 92.00, Avg Acc = 92.78% +- 0.55%
EuroSAT iteration 215/400 : Query Acc = 89.33, Avg Acc = 92.77% +- 0.55%
EuroSAT iteration 216/400 : Query Acc = 90.67, Avg Acc = 92.76% +- 0.55%
EuroSAT iteration 217/400 : Query Acc = 97.33, Avg Acc = 92.78% +- 0.55%
EuroSAT iteration 218/400 : Query Acc = 98.67, Avg Acc = 92.80% +- 0.55%
EuroSAT iteration 219/400 : Query Acc = 96.00, Avg Acc = 92.82% +- 0.55%
EuroSAT iteration 220/400 : Query Acc = 94.67, Avg Acc = 92.83% +- 0.55%
EuroSAT iteration 221/400 : Query Acc = 89.33, Avg Acc = 92.81% +- 0.54%
EuroSAT iteration 222/400 : Query Acc = 93.33, Avg Acc = 92.81% +- 0.54%
EuroSAT iteration 223/400 : Query Acc = 90.67, Avg Acc = 92.80% +- 0.54%
EuroSAT iteration 224/400 : Query Acc = 94.67, Avg Acc = 92.81% +- 0.54%
EuroSAT iteration 225/400 : Query Acc = 90.67, Avg Acc = 92.80% +- 0.54%
EuroSAT iteration 226/400 : Query Acc = 96.00, Avg Acc = 92.82% +- 0.53%
EuroSAT iteration 227/400 : Query Acc = 92.00, Avg Acc = 92.81% +- 0.53%
EuroSAT iteration 228/400 : Query Acc = 76.00, Avg Acc = 92.74% +- 0.55%
EuroSAT iteration 229/400 : Query Acc = 93.33, Avg Acc = 92.74% +- 0.55%
EuroSAT iteration 230/400 : Query Acc = 97.33, Avg Acc = 92.76% +- 0.54%
EuroSAT iteration 231/400 : Query Acc = 100.00, Avg Acc = 92.79% +- 0.55%
EuroSAT iteration 232/400 : Query Acc = 97.33, Avg Acc = 92.81% +- 0.55%
EuroSAT iteration 233/400 : Query Acc = 96.00, Avg Acc = 92.83% +- 0.54%
EuroSAT iteration 234/400 : Query Acc = 94.67, Avg Acc = 92.83% +- 0.54%
EuroSAT iteration 235/400 : Query Acc = 86.67, Avg Acc = 92.81% +- 0.54%
EuroSAT iteration 236/400 : Query Acc = 88.00, Avg Acc = 92.79% +- 0.54%
EuroSAT iteration 237/400 : Query Acc = 96.00, Avg Acc = 92.80% +- 0.54%
EuroSAT iteration 238/400 : Query Acc = 86.67, Avg Acc = 92.78% +- 0.54%
EuroSAT iteration 239/400 : Query Acc = 100.00, Avg Acc = 92.81% +- 0.54%
EuroSAT iteration 240/400 : Query Acc = 94.67, Avg Acc = 92.81% +- 0.54%
EuroSAT iteration 241/400 : Query Acc = 86.67, Avg Acc = 92.79% +- 0.54%
EuroSAT iteration 242/400 : Query Acc = 92.00, Avg Acc = 92.78% +- 0.54%
EuroSAT iteration 243/400 : Query Acc = 88.00, Avg Acc = 92.77% +- 0.54%
EuroSAT iteration 244/400 : Query Acc = 93.33, Avg Acc = 92.77% +- 0.53%
EuroSAT iteration 245/400 : Query Acc = 88.00, Avg Acc = 92.75% +- 0.53%
EuroSAT iteration 246/400 : Query Acc = 96.00, Avg Acc = 92.76% +- 0.53%
EuroSAT iteration 247/400 : Query Acc = 100.00, Avg Acc = 92.79% +- 0.53%
EuroSAT iteration 248/400 : Query Acc = 86.67, Avg Acc = 92.77% +- 0.53%
EuroSAT iteration 249/400 : Query Acc = 89.33, Avg Acc = 92.75% +- 0.53%
EuroSAT iteration 250/400 : Query Acc = 94.67, Avg Acc = 92.76% +- 0.53%
EuroSAT iteration 251/400 : Query Acc = 98.67, Avg Acc = 92.78% +- 0.53%
EuroSAT iteration 252/400 : Query Acc = 96.00, Avg Acc = 92.80% +- 0.53%
EuroSAT iteration 253/400 : Query Acc = 88.00, Avg Acc = 92.78% +- 0.53%
EuroSAT iteration 254/400 : Query Acc = 93.33, Avg Acc = 92.78% +- 0.52%
EuroSAT iteration 255/400 : Query Acc = 92.00, Avg Acc = 92.78% +- 0.52%
EuroSAT iteration 256/400 : Query Acc = 96.00, Avg Acc = 92.79% +- 0.52%
EuroSAT iteration 257/400 : Query Acc = 94.67, Avg Acc = 92.80% +- 0.52%
EuroSAT iteration 258/400 : Query Acc = 92.00, Avg Acc = 92.79% +- 0.52%
EuroSAT iteration 259/400 : Query Acc = 88.00, Avg Acc = 92.77% +- 0.52%
EuroSAT iteration 260/400 : Query Acc = 86.67, Avg Acc = 92.75% +- 0.52%
EuroSAT iteration 261/400 : Query Acc = 92.00, Avg Acc = 92.75% +- 0.51%
EuroSAT iteration 262/400 : Query Acc = 93.33, Avg Acc = 92.75% +- 0.51%
EuroSAT iteration 263/400 : Query Acc = 92.00, Avg Acc = 92.75% +- 0.51%
EuroSAT iteration 264/400 : Query Acc = 96.00, Avg Acc = 92.76% +- 0.51%
EuroSAT iteration 265/400 : Query Acc = 98.67, Avg Acc = 92.78% +- 0.51%
EuroSAT iteration 266/400 : Query Acc = 93.33, Avg Acc = 92.78% +- 0.51%
EuroSAT iteration 267/400 : Query Acc = 97.33, Avg Acc = 92.80% +- 0.51%
EuroSAT iteration 268/400 : Query Acc = 88.00, Avg Acc = 92.78% +- 0.51%
EuroSAT iteration 269/400 : Query Acc = 96.00, Avg Acc = 92.80% +- 0.50%
EuroSAT iteration 270/400 : Query Acc = 90.67, Avg Acc = 92.79% +- 0.50%
EuroSAT iteration 271/400 : Query Acc = 92.00, Avg Acc = 92.78% +- 0.50%
EuroSAT iteration 272/400 : Query Acc = 97.33, Avg Acc = 92.80% +- 0.50%
EuroSAT iteration 273/400 : Query Acc = 90.67, Avg Acc = 92.79% +- 0.50%
EuroSAT iteration 274/400 : Query Acc = 97.33, Avg Acc = 92.81% +- 0.50%
EuroSAT iteration 275/400 : Query Acc = 94.67, Avg Acc = 92.82% +- 0.50%
EuroSAT iteration 276/400 : Query Acc = 90.67, Avg Acc = 92.81% +- 0.49%
EuroSAT iteration 277/400 : Query Acc = 94.67, Avg Acc = 92.82% +- 0.49%
EuroSAT iteration 278/400 : Query Acc = 88.00, Avg Acc = 92.80% +- 0.49%
EuroSAT iteration 279/400 : Query Acc = 88.00, Avg Acc = 92.78% +- 0.49%
EuroSAT iteration 280/400 : Query Acc = 98.67, Avg Acc = 92.80% +- 0.49%
EuroSAT iteration 281/400 : Query Acc = 92.00, Avg Acc = 92.80% +- 0.49%
EuroSAT iteration 282/400 : Query Acc = 94.67, Avg Acc = 92.81% +- 0.49%
EuroSAT iteration 283/400 : Query Acc = 97.33, Avg Acc = 92.82% +- 0.49%
EuroSAT iteration 284/400 : Query Acc = 94.67, Avg Acc = 92.83% +- 0.49%
EuroSAT iteration 285/400 : Query Acc = 93.33, Avg Acc = 92.83% +- 0.48%
EuroSAT iteration 286/400 : Query Acc = 93.33, Avg Acc = 92.83% +- 0.48%
EuroSAT iteration 287/400 : Query Acc = 92.00, Avg Acc = 92.83% +- 0.48%
EuroSAT iteration 288/400 : Query Acc = 96.00, Avg Acc = 92.84% +- 0.48%
EuroSAT iteration 289/400 : Query Acc = 94.67, Avg Acc = 92.85% +- 0.48%
EuroSAT iteration 290/400 : Query Acc = 89.33, Avg Acc = 92.83% +- 0.48%
EuroSAT iteration 291/400 : Query Acc = 97.33, Avg Acc = 92.85% +- 0.48%
EuroSAT iteration 292/400 : Query Acc = 89.33, Avg Acc = 92.84% +- 0.48%
EuroSAT iteration 293/400 : Query Acc = 92.00, Avg Acc = 92.83% +- 0.47%
EuroSAT iteration 294/400 : Query Acc = 89.33, Avg Acc = 92.82% +- 0.47%
EuroSAT iteration 295/400 : Query Acc = 89.33, Avg Acc = 92.81% +- 0.47%
EuroSAT iteration 296/400 : Query Acc = 94.67, Avg Acc = 92.82% +- 0.47%
EuroSAT iteration 297/400 : Query Acc = 92.00, Avg Acc = 92.81% +- 0.47%
EuroSAT iteration 298/400 : Query Acc = 96.00, Avg Acc = 92.82% +- 0.47%
EuroSAT iteration 299/400 : Query Acc = 97.33, Avg Acc = 92.84% +- 0.47%
EuroSAT iteration 300/400 : Query Acc = 88.00, Avg Acc = 92.82% +- 0.47%
EuroSAT | 300 / 400 Acc = 92.82% +- 0.47%
EuroSAT iteration 301/400 : Query Acc = 93.33, Avg Acc = 92.83% +- 0.46%
EuroSAT iteration 302/400 : Query Acc = 90.67, Avg Acc = 92.82% +- 0.46%
EuroSAT iteration 303/400 : Query Acc = 92.00, Avg Acc = 92.82% +- 0.46%
EuroSAT iteration 304/400 : Query Acc = 89.33, Avg Acc = 92.80% +- 0.46%
EuroSAT iteration 305/400 : Query Acc = 96.00, Avg Acc = 92.81% +- 0.46%
EuroSAT iteration 306/400 : Query Acc = 85.33, Avg Acc = 92.79% +- 0.46%
EuroSAT iteration 307/400 : Query Acc = 93.33, Avg Acc = 92.79% +- 0.46%
EuroSAT iteration 308/400 : Query Acc = 82.67, Avg Acc = 92.76% +- 0.46%
EuroSAT iteration 309/400 : Query Acc = 93.33, Avg Acc = 92.76% +- 0.46%
EuroSAT iteration 310/400 : Query Acc = 97.33, Avg Acc = 92.78% +- 0.46%
EuroSAT iteration 311/400 : Query Acc = 90.67, Avg Acc = 92.77% +- 0.46%
EuroSAT iteration 312/400 : Query Acc = 93.33, Avg Acc = 92.77% +- 0.46%
EuroSAT iteration 313/400 : Query Acc = 90.67, Avg Acc = 92.76% +- 0.46%
EuroSAT iteration 314/400 : Query Acc = 90.67, Avg Acc = 92.76% +- 0.46%
EuroSAT iteration 315/400 : Query Acc = 90.67, Avg Acc = 92.75% +- 0.45%
EuroSAT iteration 316/400 : Query Acc = 86.67, Avg Acc = 92.73% +- 0.45%
EuroSAT iteration 317/400 : Query Acc = 89.33, Avg Acc = 92.72% +- 0.45%
EuroSAT iteration 318/400 : Query Acc = 96.00, Avg Acc = 92.73% +- 0.45%
EuroSAT iteration 319/400 : Query Acc = 82.67, Avg Acc = 92.70% +- 0.45%
EuroSAT iteration 320/400 : Query Acc = 93.33, Avg Acc = 92.70% +- 0.45%
EuroSAT iteration 321/400 : Query Acc = 96.00, Avg Acc = 92.71% +- 0.45%
EuroSAT iteration 322/400 : Query Acc = 94.67, Avg Acc = 92.72% +- 0.45%
EuroSAT iteration 323/400 : Query Acc = 96.00, Avg Acc = 92.73% +- 0.45%
EuroSAT iteration 324/400 : Query Acc = 90.67, Avg Acc = 92.72% +- 0.45%
EuroSAT iteration 325/400 : Query Acc = 86.67, Avg Acc = 92.70% +- 0.45%
EuroSAT iteration 326/400 : Query Acc = 90.67, Avg Acc = 92.70% +- 0.45%
EuroSAT iteration 327/400 : Query Acc = 93.33, Avg Acc = 92.70% +- 0.45%
EuroSAT iteration 328/400 : Query Acc = 84.00, Avg Acc = 92.67% +- 0.45%
EuroSAT iteration 329/400 : Query Acc = 94.67, Avg Acc = 92.68% +- 0.45%
EuroSAT iteration 330/400 : Query Acc = 92.00, Avg Acc = 92.68% +- 0.45%
EuroSAT iteration 331/400 : Query Acc = 94.67, Avg Acc = 92.68% +- 0.44%
EuroSAT iteration 332/400 : Query Acc = 92.00, Avg Acc = 92.68% +- 0.44%
EuroSAT iteration 333/400 : Query Acc = 82.67, Avg Acc = 92.65% +- 0.45%
EuroSAT iteration 334/400 : Query Acc = 98.67, Avg Acc = 92.67% +- 0.45%
EuroSAT iteration 335/400 : Query Acc = 96.00, Avg Acc = 92.68% +- 0.45%
EuroSAT iteration 336/400 : Query Acc = 93.33, Avg Acc = 92.68% +- 0.44%
EuroSAT iteration 337/400 : Query Acc = 89.33, Avg Acc = 92.67% +- 0.44%
EuroSAT iteration 338/400 : Query Acc = 92.00, Avg Acc = 92.67% +- 0.44%
EuroSAT iteration 339/400 : Query Acc = 97.33, Avg Acc = 92.68% +- 0.44%
EuroSAT iteration 340/400 : Query Acc = 90.67, Avg Acc = 92.68% +- 0.44%
EuroSAT iteration 341/400 : Query Acc = 86.67, Avg Acc = 92.66% +- 0.44%
EuroSAT iteration 342/400 : Query Acc = 98.67, Avg Acc = 92.68% +- 0.44%
EuroSAT iteration 343/400 : Query Acc = 94.67, Avg Acc = 92.68% +- 0.44%
EuroSAT iteration 344/400 : Query Acc = 94.67, Avg Acc = 92.69% +- 0.44%
EuroSAT iteration 345/400 : Query Acc = 86.67, Avg Acc = 92.67% +- 0.44%
EuroSAT iteration 346/400 : Query Acc = 94.67, Avg Acc = 92.68% +- 0.44%
EuroSAT iteration 347/400 : Query Acc = 92.00, Avg Acc = 92.67% +- 0.44%
EuroSAT iteration 348/400 : Query Acc = 94.67, Avg Acc = 92.68% +- 0.43%
EuroSAT iteration 349/400 : Query Acc = 97.33, Avg Acc = 92.69% +- 0.43%
EuroSAT iteration 350/400 : Query Acc = 82.67, Avg Acc = 92.66% +- 0.44%
EuroSAT iteration 351/400 : Query Acc = 94.67, Avg Acc = 92.67% +- 0.44%
EuroSAT iteration 352/400 : Query Acc = 93.33, Avg Acc = 92.67% +- 0.43%
EuroSAT iteration 353/400 : Query Acc = 93.33, Avg Acc = 92.67% +- 0.43%
EuroSAT iteration 354/400 : Query Acc = 90.67, Avg Acc = 92.67% +- 0.43%
EuroSAT iteration 355/400 : Query Acc = 98.67, Avg Acc = 92.69% +- 0.43%
EuroSAT iteration 356/400 : Query Acc = 93.33, Avg Acc = 92.69% +- 0.43%
EuroSAT iteration 357/400 : Query Acc = 97.33, Avg Acc = 92.70% +- 0.43%
EuroSAT iteration 358/400 : Query Acc = 93.33, Avg Acc = 92.70% +- 0.43%
EuroSAT iteration 359/400 : Query Acc = 92.00, Avg Acc = 92.70% +- 0.43%
EuroSAT iteration 360/400 : Query Acc = 93.33, Avg Acc = 92.70% +- 0.43%
EuroSAT iteration 361/400 : Query Acc = 93.33, Avg Acc = 92.70% +- 0.43%
EuroSAT iteration 362/400 : Query Acc = 94.67, Avg Acc = 92.71% +- 0.42%
EuroSAT iteration 363/400 : Query Acc = 90.67, Avg Acc = 92.70% +- 0.42%
EuroSAT iteration 364/400 : Query Acc = 88.00, Avg Acc = 92.69% +- 0.42%
EuroSAT iteration 365/400 : Query Acc = 93.33, Avg Acc = 92.69% +- 0.42%
EuroSAT iteration 366/400 : Query Acc = 96.00, Avg Acc = 92.70% +- 0.42%
EuroSAT iteration 367/400 : Query Acc = 93.33, Avg Acc = 92.70% +- 0.42%
EuroSAT iteration 368/400 : Query Acc = 96.00, Avg Acc = 92.71% +- 0.42%
EuroSAT iteration 369/400 : Query Acc = 88.00, Avg Acc = 92.70% +- 0.42%
EuroSAT iteration 370/400 : Query Acc = 92.00, Avg Acc = 92.70% +- 0.42%
EuroSAT iteration 371/400 : Query Acc = 92.00, Avg Acc = 92.70% +- 0.42%
EuroSAT iteration 372/400 : Query Acc = 98.67, Avg Acc = 92.71% +- 0.42%
EuroSAT iteration 373/400 : Query Acc = 96.00, Avg Acc = 92.72% +- 0.42%
EuroSAT iteration 374/400 : Query Acc = 97.33, Avg Acc = 92.73% +- 0.42%
EuroSAT iteration 375/400 : Query Acc = 96.00, Avg Acc = 92.74% +- 0.41%
EuroSAT iteration 376/400 : Query Acc = 90.67, Avg Acc = 92.74% +- 0.41%
EuroSAT iteration 377/400 : Query Acc = 90.67, Avg Acc = 92.73% +- 0.41%
EuroSAT iteration 378/400 : Query Acc = 96.00, Avg Acc = 92.74% +- 0.41%
EuroSAT iteration 379/400 : Query Acc = 93.33, Avg Acc = 92.74% +- 0.41%
EuroSAT iteration 380/400 : Query Acc = 92.00, Avg Acc = 92.74% +- 0.41%
EuroSAT iteration 381/400 : Query Acc = 97.33, Avg Acc = 92.75% +- 0.41%
EuroSAT iteration 382/400 : Query Acc = 97.33, Avg Acc = 92.76% +- 0.41%
EuroSAT iteration 383/400 : Query Acc = 93.33, Avg Acc = 92.76% +- 0.41%
EuroSAT iteration 384/400 : Query Acc = 94.67, Avg Acc = 92.77% +- 0.41%
EuroSAT iteration 385/400 : Query Acc = 94.67, Avg Acc = 92.77% +- 0.41%
EuroSAT iteration 386/400 : Query Acc = 88.00, Avg Acc = 92.76% +- 0.41%
EuroSAT iteration 387/400 : Query Acc = 85.33, Avg Acc = 92.74% +- 0.41%
EuroSAT iteration 388/400 : Query Acc = 92.00, Avg Acc = 92.74% +- 0.41%
EuroSAT iteration 389/400 : Query Acc = 90.67, Avg Acc = 92.74% +- 0.40%
EuroSAT iteration 390/400 : Query Acc = 94.67, Avg Acc = 92.74% +- 0.40%
EuroSAT iteration 391/400 : Query Acc = 94.67, Avg Acc = 92.74% +- 0.40%
EuroSAT iteration 392/400 : Query Acc = 100.00, Avg Acc = 92.76% +- 0.40%
EuroSAT iteration 393/400 : Query Acc = 97.33, Avg Acc = 92.77% +- 0.40%
EuroSAT iteration 394/400 : Query Acc = 96.00, Avg Acc = 92.78% +- 0.40%
EuroSAT iteration 395/400 : Query Acc = 94.67, Avg Acc = 92.79% +- 0.40%
EuroSAT iteration 396/400 : Query Acc = 94.67, Avg Acc = 92.79% +- 0.40%
EuroSAT iteration 397/400 : Query Acc = 96.00, Avg Acc = 92.80% +- 0.40%
EuroSAT iteration 398/400 : Query Acc = 93.33, Avg Acc = 92.80% +- 0.40%
EuroSAT iteration 399/400 : Query Acc = 96.00, Avg Acc = 92.81% +- 0.40%
Euro 400 Test Acc = 92.81% +- 0.40%
>>> [ATHA] EuroSAT 5-shot  2026-09-26 20:46:30
set seed = 1
FineTune! 5 shots on EuroSAT dataset
EuroSAT iteration 0/400 : Query Acc = 92.00, Avg Acc = 92.00% +- 0.00%
EuroSAT | 0 / 400 Acc = 92.00% +- 0.00%
EuroSAT iteration 1/400 : Query Acc = 88.00, Avg Acc = 90.00% +- 2.77%
EuroSAT iteration 2/400 : Query Acc = 98.67, Avg Acc = 92.89% +- 4.98%
EuroSAT iteration 3/400 : Query Acc = 84.00, Avg Acc = 90.67% +- 5.31%
EuroSAT iteration 4/400 : Query Acc = 94.67, Avg Acc = 91.47% +- 4.47%
EuroSAT iteration 5/400 : Query Acc = 90.67, Avg Acc = 91.33% +- 3.73%
EuroSAT iteration 6/400 : Query Acc = 86.67, Avg Acc = 90.67% +- 3.42%
EuroSAT iteration 7/400 : Query Acc = 90.67, Avg Acc = 90.67% +- 2.99%
EuroSAT iteration 8/400 : Query Acc = 93.33, Avg Acc = 90.96% +- 2.72%
EuroSAT iteration 9/400 : Query Acc = 88.00, Avg Acc = 90.67% +- 2.51%
EuroSAT iteration 10/400 : Query Acc = 96.00, Avg Acc = 91.15% +- 2.45%
EuroSAT iteration 11/400 : Query Acc = 94.67, Avg Acc = 91.44% +- 2.31%
EuroSAT iteration 12/400 : Query Acc = 86.67, Avg Acc = 91.08% +- 2.25%
EuroSAT iteration 13/400 : Query Acc = 90.67, Avg Acc = 91.05% +- 2.09%
EuroSAT iteration 14/400 : Query Acc = 94.67, Avg Acc = 91.29% +- 2.00%
EuroSAT iteration 15/400 : Query Acc = 93.33, Avg Acc = 91.42% +- 1.89%
EuroSAT iteration 16/400 : Query Acc = 93.33, Avg Acc = 91.53% +- 1.79%
EuroSAT iteration 17/400 : Query Acc = 82.67, Avg Acc = 91.04% +- 1.93%
EuroSAT iteration 18/400 : Query Acc = 90.67, Avg Acc = 91.02% +- 1.83%
EuroSAT iteration 19/400 : Query Acc = 82.67, Avg Acc = 90.60% +- 1.92%
EuroSAT iteration 20/400 : Query Acc = 98.67, Avg Acc = 90.98% +- 1.97%
EuroSAT iteration 21/400 : Query Acc = 93.33, Avg Acc = 91.09% +- 1.89%
EuroSAT iteration 22/400 : Query Acc = 89.33, Avg Acc = 91.01% +- 1.81%
EuroSAT iteration 23/400 : Query Acc = 93.33, Avg Acc = 91.11% +- 1.75%
EuroSAT iteration 24/400 : Query Acc = 92.00, Avg Acc = 91.15% +- 1.68%
EuroSAT iteration 25/400 : Query Acc = 96.00, Avg Acc = 91.33% +- 1.65%
EuroSAT iteration 26/400 : Query Acc = 93.33, Avg Acc = 91.41% +- 1.60%
EuroSAT iteration 27/400 : Query Acc = 92.00, Avg Acc = 91.43% +- 1.54%
EuroSAT iteration 28/400 : Query Acc = 98.67, Avg Acc = 91.68% +- 1.56%
EuroSAT iteration 29/400 : Query Acc = 88.00, Avg Acc = 91.56% +- 1.53%
EuroSAT iteration 30/400 : Query Acc = 92.00, Avg Acc = 91.57% +- 1.48%
EuroSAT iteration 31/400 : Query Acc = 93.33, Avg Acc = 91.62% +- 1.44%
EuroSAT iteration 32/400 : Query Acc = 89.33, Avg Acc = 91.56% +- 1.40%
EuroSAT iteration 33/400 : Query Acc = 85.33, Avg Acc = 91.37% +- 1.41%
EuroSAT iteration 34/400 : Query Acc = 81.33, Avg Acc = 91.09% +- 1.47%
EuroSAT iteration 35/400 : Query Acc = 90.67, Avg Acc = 91.07% +- 1.43%
EuroSAT iteration 36/400 : Query Acc = 97.33, Avg Acc = 91.24% +- 1.43%
EuroSAT iteration 37/400 : Query Acc = 96.00, Avg Acc = 91.37% +- 1.42%
EuroSAT iteration 38/400 : Query Acc = 89.33, Avg Acc = 91.32% +- 1.38%
EuroSAT iteration 39/400 : Query Acc = 94.67, Avg Acc = 91.40% +- 1.36%
EuroSAT iteration 40/400 : Query Acc = 96.00, Avg Acc = 91.51% +- 1.34%
EuroSAT iteration 41/400 : Query Acc = 96.00, Avg Acc = 91.62% +- 1.33%
EuroSAT iteration 42/400 : Query Acc = 94.67, Avg Acc = 91.69% +- 1.30%
EuroSAT iteration 43/400 : Query Acc = 93.33, Avg Acc = 91.73% +- 1.28%
EuroSAT iteration 44/400 : Query Acc = 90.67, Avg Acc = 91.70% +- 1.25%
EuroSAT iteration 45/400 : Query Acc = 94.67, Avg Acc = 91.77% +- 1.23%
EuroSAT iteration 46/400 : Query Acc = 93.33, Avg Acc = 91.80% +- 1.20%
EuroSAT iteration 47/400 : Query Acc = 88.00, Avg Acc = 91.72% +- 1.19%
EuroSAT iteration 48/400 : Query Acc = 96.00, Avg Acc = 91.81% +- 1.18%
EuroSAT iteration 49/400 : Query Acc = 92.00, Avg Acc = 91.81% +- 1.15%
EuroSAT iteration 50/400 : Query Acc = 96.00, Avg Acc = 91.90% +- 1.14%
EuroSAT iteration 51/400 : Query Acc = 93.33, Avg Acc = 91.92% +- 1.12%
EuroSAT iteration 52/400 : Query Acc = 90.67, Avg Acc = 91.90% +- 1.10%
EuroSAT iteration 53/400 : Query Acc = 94.67, Avg Acc = 91.95% +- 1.08%
EuroSAT iteration 54/400 : Query Acc = 93.33, Avg Acc = 91.98% +- 1.07%
EuroSAT iteration 55/400 : Query Acc = 81.33, Avg Acc = 91.79% +- 1.11%
EuroSAT iteration 56/400 : Query Acc = 97.33, Avg Acc = 91.88% +- 1.11%
EuroSAT iteration 57/400 : Query Acc = 97.33, Avg Acc = 91.98% +- 1.10%
EuroSAT iteration 58/400 : Query Acc = 96.00, Avg Acc = 92.05% +- 1.09%
EuroSAT iteration 59/400 : Query Acc = 89.33, Avg Acc = 92.00% +- 1.08%
EuroSAT iteration 60/400 : Query Acc = 94.67, Avg Acc = 92.04% +- 1.06%
EuroSAT iteration 61/400 : Query Acc = 89.33, Avg Acc = 92.00% +- 1.05%
EuroSAT iteration 62/400 : Query Acc = 98.67, Avg Acc = 92.11% +- 1.05%
EuroSAT iteration 63/400 : Query Acc = 89.33, Avg Acc = 92.06% +- 1.04%
EuroSAT iteration 64/400 : Query Acc = 92.00, Avg Acc = 92.06% +- 1.02%
EuroSAT iteration 65/400 : Query Acc = 93.33, Avg Acc = 92.08% +- 1.01%
EuroSAT iteration 66/400 : Query Acc = 97.33, Avg Acc = 92.16% +- 1.01%
EuroSAT iteration 67/400 : Query Acc = 89.33, Avg Acc = 92.12% +- 0.99%
EuroSAT iteration 68/400 : Query Acc = 88.00, Avg Acc = 92.06% +- 0.99%
EuroSAT iteration 69/400 : Query Acc = 90.67, Avg Acc = 92.04% +- 0.97%
EuroSAT iteration 70/400 : Query Acc = 97.33, Avg Acc = 92.11% +- 0.97%
EuroSAT iteration 71/400 : Query Acc = 89.33, Avg Acc = 92.07% +- 0.96%
EuroSAT iteration 72/400 : Query Acc = 90.67, Avg Acc = 92.05% +- 0.95%
EuroSAT iteration 73/400 : Query Acc = 76.00, Avg Acc = 91.84% +- 1.03%
EuroSAT iteration 74/400 : Query Acc = 93.33, Avg Acc = 91.86% +- 1.01%
EuroSAT iteration 75/400 : Query Acc = 85.33, Avg Acc = 91.77% +- 1.01%
EuroSAT iteration 76/400 : Query Acc = 93.33, Avg Acc = 91.79% +- 1.00%
EuroSAT iteration 77/400 : Query Acc = 96.00, Avg Acc = 91.85% +- 0.99%
EuroSAT iteration 78/400 : Query Acc = 94.67, Avg Acc = 91.88% +- 0.98%
EuroSAT iteration 79/400 : Query Acc = 90.67, Avg Acc = 91.87% +- 0.97%
EuroSAT iteration 80/400 : Query Acc = 92.00, Avg Acc = 91.87% +- 0.96%
EuroSAT iteration 81/400 : Query Acc = 94.67, Avg Acc = 91.90% +- 0.95%
EuroSAT iteration 82/400 : Query Acc = 94.67, Avg Acc = 91.94% +- 0.94%
EuroSAT iteration 83/400 : Query Acc = 86.67, Avg Acc = 91.87% +- 0.94%
EuroSAT iteration 84/400 : Query Acc = 84.00, Avg Acc = 91.78% +- 0.94%
EuroSAT iteration 85/400 : Query Acc = 97.33, Avg Acc = 91.84% +- 0.94%
EuroSAT iteration 86/400 : Query Acc = 93.33, Avg Acc = 91.86% +- 0.93%
EuroSAT iteration 87/400 : Query Acc = 81.33, Avg Acc = 91.74% +- 0.95%
EuroSAT iteration 88/400 : Query Acc = 88.00, Avg Acc = 91.70% +- 0.94%
EuroSAT iteration 89/400 : Query Acc = 82.67, Avg Acc = 91.60% +- 0.95%
EuroSAT iteration 90/400 : Query Acc = 84.00, Avg Acc = 91.52% +- 0.96%
EuroSAT iteration 91/400 : Query Acc = 93.33, Avg Acc = 91.54% +- 0.95%
EuroSAT iteration 92/400 : Query Acc = 85.33, Avg Acc = 91.47% +- 0.95%
EuroSAT iteration 93/400 : Query Acc = 92.00, Avg Acc = 91.48% +- 0.94%
EuroSAT iteration 94/400 : Query Acc = 86.67, Avg Acc = 91.42% +- 0.93%
EuroSAT iteration 95/400 : Query Acc = 97.33, Avg Acc = 91.49% +- 0.93%
EuroSAT iteration 96/400 : Query Acc = 84.00, Avg Acc = 91.41% +- 0.93%
EuroSAT iteration 97/400 : Query Acc = 90.67, Avg Acc = 91.40% +- 0.92%
EuroSAT iteration 98/400 : Query Acc = 96.00, Avg Acc = 91.45% +- 0.92%
EuroSAT iteration 99/400 : Query Acc = 94.67, Avg Acc = 91.48% +- 0.91%
EuroSAT iteration 100/400 : Query Acc = 92.00, Avg Acc = 91.49% +- 0.90%
EuroSAT | 100 / 400 Acc = 91.49% +- 0.90%
EuroSAT iteration 101/400 : Query Acc = 97.33, Avg Acc = 91.54% +- 0.90%
EuroSAT iteration 102/400 : Query Acc = 85.33, Avg Acc = 91.48% +- 0.90%
EuroSAT iteration 103/400 : Query Acc = 89.33, Avg Acc = 91.46% +- 0.89%
EuroSAT iteration 104/400 : Query Acc = 97.33, Avg Acc = 91.52% +- 0.89%
EuroSAT iteration 105/400 : Query Acc = 86.67, Avg Acc = 91.47% +- 0.89%
EuroSAT iteration 106/400 : Query Acc = 92.00, Avg Acc = 91.48% +- 0.88%
EuroSAT iteration 107/400 : Query Acc = 86.67, Avg Acc = 91.43% +- 0.87%
EuroSAT iteration 108/400 : Query Acc = 88.00, Avg Acc = 91.40% +- 0.87%
EuroSAT iteration 109/400 : Query Acc = 90.67, Avg Acc = 91.39% +- 0.86%
EuroSAT iteration 110/400 : Query Acc = 92.00, Avg Acc = 91.40% +- 0.85%
EuroSAT iteration 111/400 : Query Acc = 92.00, Avg Acc = 91.40% +- 0.84%
EuroSAT iteration 112/400 : Query Acc = 80.00, Avg Acc = 91.30% +- 0.86%
EuroSAT iteration 113/400 : Query Acc = 93.33, Avg Acc = 91.32% +- 0.85%
EuroSAT iteration 114/400 : Query Acc = 98.67, Avg Acc = 91.39% +- 0.85%
EuroSAT iteration 115/400 : Query Acc = 81.33, Avg Acc = 91.30% +- 0.86%
EuroSAT iteration 116/400 : Query Acc = 94.67, Avg Acc = 91.33% +- 0.86%
EuroSAT iteration 117/400 : Query Acc = 96.00, Avg Acc = 91.37% +- 0.85%
EuroSAT iteration 118/400 : Query Acc = 82.67, Avg Acc = 91.29% +- 0.86%
EuroSAT iteration 119/400 : Query Acc = 93.33, Avg Acc = 91.31% +- 0.85%
EuroSAT iteration 120/400 : Query Acc = 93.33, Avg Acc = 91.33% +- 0.85%
EuroSAT iteration 121/400 : Query Acc = 94.67, Avg Acc = 91.36% +- 0.84%
EuroSAT iteration 122/400 : Query Acc = 94.67, Avg Acc = 91.38% +- 0.84%
EuroSAT iteration 123/400 : Query Acc = 93.33, Avg Acc = 91.40% +- 0.83%
EuroSAT iteration 124/400 : Query Acc = 92.00, Avg Acc = 91.40% +- 0.82%
EuroSAT iteration 125/400 : Query Acc = 89.33, Avg Acc = 91.39% +- 0.82%
EuroSAT iteration 126/400 : Query Acc = 97.33, Avg Acc = 91.43% +- 0.82%
EuroSAT iteration 127/400 : Query Acc = 97.33, Avg Acc = 91.48% +- 0.81%
EuroSAT iteration 128/400 : Query Acc = 94.67, Avg Acc = 91.50% +- 0.81%
EuroSAT iteration 129/400 : Query Acc = 85.33, Avg Acc = 91.46% +- 0.81%
EuroSAT iteration 130/400 : Query Acc = 94.67, Avg Acc = 91.48% +- 0.80%
EuroSAT iteration 131/400 : Query Acc = 98.67, Avg Acc = 91.54% +- 0.81%
EuroSAT iteration 132/400 : Query Acc = 96.00, Avg Acc = 91.57% +- 0.80%
EuroSAT iteration 133/400 : Query Acc = 94.67, Avg Acc = 91.59% +- 0.80%
EuroSAT iteration 134/400 : Query Acc = 92.00, Avg Acc = 91.60% +- 0.79%
EuroSAT iteration 135/400 : Query Acc = 78.67, Avg Acc = 91.50% +- 0.81%
EuroSAT iteration 136/400 : Query Acc = 93.33, Avg Acc = 91.51% +- 0.80%
EuroSAT iteration 137/400 : Query Acc = 96.00, Avg Acc = 91.55% +- 0.80%
EuroSAT iteration 138/400 : Query Acc = 82.67, Avg Acc = 91.48% +- 0.80%
EuroSAT iteration 139/400 : Query Acc = 90.67, Avg Acc = 91.48% +- 0.80%
EuroSAT iteration 140/400 : Query Acc = 85.33, Avg Acc = 91.43% +- 0.80%
EuroSAT iteration 141/400 : Query Acc = 89.33, Avg Acc = 91.42% +- 0.79%
EuroSAT iteration 142/400 : Query Acc = 96.00, Avg Acc = 91.45% +- 0.79%
EuroSAT iteration 143/400 : Query Acc = 77.33, Avg Acc = 91.35% +- 0.81%
EuroSAT iteration 144/400 : Query Acc = 94.67, Avg Acc = 91.37% +- 0.80%
EuroSAT iteration 145/400 : Query Acc = 93.33, Avg Acc = 91.39% +- 0.80%
EuroSAT iteration 146/400 : Query Acc = 90.67, Avg Acc = 91.38% +- 0.79%
EuroSAT iteration 147/400 : Query Acc = 81.33, Avg Acc = 91.32% +- 0.80%
EuroSAT iteration 148/400 : Query Acc = 89.33, Avg Acc = 91.30% +- 0.79%
EuroSAT iteration 149/400 : Query Acc = 82.67, Avg Acc = 91.24% +- 0.79%
EuroSAT iteration 150/400 : Query Acc = 80.00, Avg Acc = 91.17% +- 0.80%
EuroSAT iteration 151/400 : Query Acc = 89.33, Avg Acc = 91.16% +- 0.80%
EuroSAT iteration 152/400 : Query Acc = 82.67, Avg Acc = 91.10% +- 0.80%
EuroSAT iteration 153/400 : Query Acc = 89.33, Avg Acc = 91.09% +- 0.79%
EuroSAT iteration 154/400 : Query Acc = 89.33, Avg Acc = 91.08% +- 0.79%
EuroSAT iteration 155/400 : Query Acc = 92.00, Avg Acc = 91.09% +- 0.78%
EuroSAT iteration 156/400 : Query Acc = 92.00, Avg Acc = 91.09% +- 0.78%
EuroSAT iteration 157/400 : Query Acc = 88.00, Avg Acc = 91.07% +- 0.78%
EuroSAT iteration 158/400 : Query Acc = 88.00, Avg Acc = 91.05% +- 0.77%
EuroSAT iteration 159/400 : Query Acc = 92.00, Avg Acc = 91.06% +- 0.77%
EuroSAT iteration 160/400 : Query Acc = 92.00, Avg Acc = 91.06% +- 0.76%
EuroSAT iteration 161/400 : Query Acc = 81.33, Avg Acc = 91.00% +- 0.77%
EuroSAT iteration 162/400 : Query Acc = 92.00, Avg Acc = 91.01% +- 0.76%
EuroSAT iteration 163/400 : Query Acc = 90.67, Avg Acc = 91.01% +- 0.76%
EuroSAT iteration 164/400 : Query Acc = 85.33, Avg Acc = 90.97% +- 0.76%
EuroSAT iteration 165/400 : Query Acc = 76.00, Avg Acc = 90.88% +- 0.77%
EuroSAT iteration 166/400 : Query Acc = 94.67, Avg Acc = 90.91% +- 0.77%
EuroSAT iteration 167/400 : Query Acc = 96.00, Avg Acc = 90.94% +- 0.77%
EuroSAT iteration 168/400 : Query Acc = 92.00, Avg Acc = 90.94% +- 0.76%
EuroSAT iteration 169/400 : Query Acc = 89.33, Avg Acc = 90.93% +- 0.76%
EuroSAT iteration 170/400 : Query Acc = 90.67, Avg Acc = 90.93% +- 0.75%
EuroSAT iteration 171/400 : Query Acc = 90.67, Avg Acc = 90.93% +- 0.75%
EuroSAT iteration 172/400 : Query Acc = 100.00, Avg Acc = 90.98% +- 0.75%
EuroSAT iteration 173/400 : Query Acc = 81.33, Avg Acc = 90.93% +- 0.75%
EuroSAT iteration 174/400 : Query Acc = 84.00, Avg Acc = 90.89% +- 0.75%
EuroSAT iteration 175/400 : Query Acc = 92.00, Avg Acc = 90.89% +- 0.75%
EuroSAT iteration 176/400 : Query Acc = 94.67, Avg Acc = 90.92% +- 0.75%
EuroSAT iteration 177/400 : Query Acc = 92.00, Avg Acc = 90.92% +- 0.74%
EuroSAT iteration 178/400 : Query Acc = 92.00, Avg Acc = 90.93% +- 0.74%
EuroSAT iteration 179/400 : Query Acc = 94.67, Avg Acc = 90.95% +- 0.74%
EuroSAT iteration 180/400 : Query Acc = 81.33, Avg Acc = 90.90% +- 0.74%
EuroSAT iteration 181/400 : Query Acc = 89.33, Avg Acc = 90.89% +- 0.74%
EuroSAT iteration 182/400 : Query Acc = 94.67, Avg Acc = 90.91% +- 0.73%
EuroSAT iteration 183/400 : Query Acc = 98.67, Avg Acc = 90.95% +- 0.73%
EuroSAT iteration 184/400 : Query Acc = 81.33, Avg Acc = 90.90% +- 0.74%
EuroSAT iteration 185/400 : Query Acc = 93.33, Avg Acc = 90.91% +- 0.73%
EuroSAT iteration 186/400 : Query Acc = 88.00, Avg Acc = 90.89% +- 0.73%
EuroSAT iteration 187/400 : Query Acc = 96.00, Avg Acc = 90.92% +- 0.73%
EuroSAT iteration 188/400 : Query Acc = 94.67, Avg Acc = 90.94% +- 0.72%
EuroSAT iteration 189/400 : Query Acc = 89.33, Avg Acc = 90.93% +- 0.72%
EuroSAT iteration 190/400 : Query Acc = 89.33, Avg Acc = 90.92% +- 0.72%
EuroSAT iteration 191/400 : Query Acc = 92.00, Avg Acc = 90.93% +- 0.71%
EuroSAT iteration 192/400 : Query Acc = 92.00, Avg Acc = 90.94% +- 0.71%
EuroSAT iteration 193/400 : Query Acc = 92.00, Avg Acc = 90.94% +- 0.71%
EuroSAT iteration 194/400 : Query Acc = 92.00, Avg Acc = 90.95% +- 0.70%
EuroSAT iteration 195/400 : Query Acc = 96.00, Avg Acc = 90.97% +- 0.70%
EuroSAT iteration 196/400 : Query Acc = 94.67, Avg Acc = 90.99% +- 0.70%
EuroSAT iteration 197/400 : Query Acc = 88.00, Avg Acc = 90.98% +- 0.70%
EuroSAT iteration 198/400 : Query Acc = 94.67, Avg Acc = 90.99% +- 0.69%
EuroSAT iteration 199/400 : Query Acc = 97.33, Avg Acc = 91.03% +- 0.69%
EuroSAT iteration 200/400 : Query Acc = 97.33, Avg Acc = 91.06% +- 0.69%
EuroSAT | 200 / 400 Acc = 91.06% +- 0.69%
EuroSAT iteration 201/400 : Query Acc = 94.67, Avg Acc = 91.08% +- 0.69%
EuroSAT iteration 202/400 : Query Acc = 88.00, Avg Acc = 91.06% +- 0.69%
EuroSAT iteration 203/400 : Query Acc = 90.67, Avg Acc = 91.06% +- 0.68%
EuroSAT iteration 204/400 : Query Acc = 84.00, Avg Acc = 91.02% +- 0.68%
EuroSAT iteration 205/400 : Query Acc = 90.67, Avg Acc = 91.02% +- 0.68%
EuroSAT iteration 206/400 : Query Acc = 90.67, Avg Acc = 91.02% +- 0.68%
EuroSAT iteration 207/400 : Query Acc = 94.67, Avg Acc = 91.04% +- 0.67%
EuroSAT iteration 208/400 : Query Acc = 82.67, Avg Acc = 91.00% +- 0.68%
EuroSAT iteration 209/400 : Query Acc = 97.33, Avg Acc = 91.03% +- 0.67%
EuroSAT iteration 210/400 : Query Acc = 90.67, Avg Acc = 91.03% +- 0.67%
EuroSAT iteration 211/400 : Query Acc = 92.00, Avg Acc = 91.03% +- 0.67%
EuroSAT iteration 212/400 : Query Acc = 97.33, Avg Acc = 91.06% +- 0.67%
EuroSAT iteration 213/400 : Query Acc = 88.00, Avg Acc = 91.05% +- 0.67%
EuroSAT iteration 214/400 : Query Acc = 82.67, Avg Acc = 91.01% +- 0.67%
EuroSAT iteration 215/400 : Query Acc = 93.33, Avg Acc = 91.02% +- 0.66%
EuroSAT iteration 216/400 : Query Acc = 90.67, Avg Acc = 91.02% +- 0.66%
EuroSAT iteration 217/400 : Query Acc = 93.33, Avg Acc = 91.03% +- 0.66%
EuroSAT iteration 218/400 : Query Acc = 97.33, Avg Acc = 91.06% +- 0.66%
EuroSAT iteration 219/400 : Query Acc = 97.33, Avg Acc = 91.08% +- 0.66%
EuroSAT iteration 220/400 : Query Acc = 89.33, Avg Acc = 91.08% +- 0.65%
EuroSAT iteration 221/400 : Query Acc = 84.00, Avg Acc = 91.05% +- 0.65%
EuroSAT iteration 222/400 : Query Acc = 96.00, Avg Acc = 91.07% +- 0.65%
EuroSAT iteration 223/400 : Query Acc = 88.00, Avg Acc = 91.05% +- 0.65%
EuroSAT iteration 224/400 : Query Acc = 92.00, Avg Acc = 91.06% +- 0.65%
EuroSAT iteration 225/400 : Query Acc = 92.00, Avg Acc = 91.06% +- 0.64%
EuroSAT iteration 226/400 : Query Acc = 96.00, Avg Acc = 91.08% +- 0.64%
EuroSAT iteration 227/400 : Query Acc = 85.33, Avg Acc = 91.06% +- 0.64%
EuroSAT iteration 228/400 : Query Acc = 82.67, Avg Acc = 91.02% +- 0.64%
EuroSAT iteration 229/400 : Query Acc = 94.67, Avg Acc = 91.04% +- 0.64%
EuroSAT iteration 230/400 : Query Acc = 96.00, Avg Acc = 91.06% +- 0.64%
EuroSAT iteration 231/400 : Query Acc = 97.33, Avg Acc = 91.09% +- 0.64%
EuroSAT iteration 232/400 : Query Acc = 89.33, Avg Acc = 91.08% +- 0.64%
EuroSAT iteration 233/400 : Query Acc = 90.67, Avg Acc = 91.08% +- 0.63%
EuroSAT iteration 234/400 : Query Acc = 94.67, Avg Acc = 91.09% +- 0.63%
EuroSAT iteration 235/400 : Query Acc = 82.67, Avg Acc = 91.06% +- 0.63%
EuroSAT iteration 236/400 : Query Acc = 93.33, Avg Acc = 91.07% +- 0.63%
EuroSAT iteration 237/400 : Query Acc = 93.33, Avg Acc = 91.08% +- 0.63%
EuroSAT iteration 238/400 : Query Acc = 84.00, Avg Acc = 91.05% +- 0.63%
EuroSAT iteration 239/400 : Query Acc = 97.33, Avg Acc = 91.07% +- 0.63%
EuroSAT iteration 240/400 : Query Acc = 98.67, Avg Acc = 91.10% +- 0.63%
EuroSAT iteration 241/400 : Query Acc = 88.00, Avg Acc = 91.09% +- 0.63%
EuroSAT iteration 242/400 : Query Acc = 85.33, Avg Acc = 91.07% +- 0.63%
EuroSAT iteration 243/400 : Query Acc = 85.33, Avg Acc = 91.04% +- 0.62%
EuroSAT iteration 244/400 : Query Acc = 88.00, Avg Acc = 91.03% +- 0.62%
EuroSAT iteration 245/400 : Query Acc = 85.33, Avg Acc = 91.01% +- 0.62%
EuroSAT iteration 246/400 : Query Acc = 97.33, Avg Acc = 91.03% +- 0.62%
EuroSAT iteration 247/400 : Query Acc = 97.33, Avg Acc = 91.06% +- 0.62%
EuroSAT iteration 248/400 : Query Acc = 90.67, Avg Acc = 91.06% +- 0.62%
EuroSAT iteration 249/400 : Query Acc = 92.00, Avg Acc = 91.06% +- 0.62%
EuroSAT iteration 250/400 : Query Acc = 85.33, Avg Acc = 91.04% +- 0.62%
EuroSAT iteration 251/400 : Query Acc = 93.33, Avg Acc = 91.05% +- 0.61%
EuroSAT iteration 252/400 : Query Acc = 96.00, Avg Acc = 91.07% +- 0.61%
EuroSAT iteration 253/400 : Query Acc = 86.67, Avg Acc = 91.05% +- 0.61%
EuroSAT iteration 254/400 : Query Acc = 94.67, Avg Acc = 91.06% +- 0.61%
EuroSAT iteration 255/400 : Query Acc = 84.00, Avg Acc = 91.04% +- 0.61%
EuroSAT iteration 256/400 : Query Acc = 97.33, Avg Acc = 91.06% +- 0.61%
EuroSAT iteration 257/400 : Query Acc = 94.67, Avg Acc = 91.07% +- 0.61%
EuroSAT iteration 258/400 : Query Acc = 81.33, Avg Acc = 91.04% +- 0.61%
EuroSAT iteration 259/400 : Query Acc = 89.33, Avg Acc = 91.03% +- 0.61%
EuroSAT iteration 260/400 : Query Acc = 81.33, Avg Acc = 90.99% +- 0.61%
EuroSAT iteration 261/400 : Query Acc = 84.00, Avg Acc = 90.97% +- 0.61%
EuroSAT iteration 262/400 : Query Acc = 92.00, Avg Acc = 90.97% +- 0.61%
EuroSAT iteration 263/400 : Query Acc = 89.33, Avg Acc = 90.96% +- 0.60%
EuroSAT iteration 264/400 : Query Acc = 89.33, Avg Acc = 90.96% +- 0.60%
EuroSAT iteration 265/400 : Query Acc = 96.00, Avg Acc = 90.98% +- 0.60%
EuroSAT iteration 266/400 : Query Acc = 92.00, Avg Acc = 90.98% +- 0.60%
EuroSAT iteration 267/400 : Query Acc = 90.67, Avg Acc = 90.98% +- 0.60%
EuroSAT iteration 268/400 : Query Acc = 89.33, Avg Acc = 90.97% +- 0.59%
EuroSAT iteration 269/400 : Query Acc = 97.33, Avg Acc = 91.00% +- 0.59%
EuroSAT iteration 270/400 : Query Acc = 90.67, Avg Acc = 91.00% +- 0.59%
EuroSAT iteration 271/400 : Query Acc = 94.67, Avg Acc = 91.01% +- 0.59%
EuroSAT iteration 272/400 : Query Acc = 97.33, Avg Acc = 91.03% +- 0.59%
EuroSAT iteration 273/400 : Query Acc = 90.67, Avg Acc = 91.03% +- 0.59%
EuroSAT iteration 274/400 : Query Acc = 97.33, Avg Acc = 91.05% +- 0.59%
EuroSAT iteration 275/400 : Query Acc = 89.33, Avg Acc = 91.05% +- 0.58%
EuroSAT iteration 276/400 : Query Acc = 97.33, Avg Acc = 91.07% +- 0.58%
EuroSAT iteration 277/400 : Query Acc = 94.67, Avg Acc = 91.08% +- 0.58%
EuroSAT iteration 278/400 : Query Acc = 96.00, Avg Acc = 91.10% +- 0.58%
EuroSAT iteration 279/400 : Query Acc = 80.00, Avg Acc = 91.06% +- 0.58%
EuroSAT iteration 280/400 : Query Acc = 94.67, Avg Acc = 91.07% +- 0.58%
EuroSAT iteration 281/400 : Query Acc = 96.00, Avg Acc = 91.09% +- 0.58%
EuroSAT iteration 282/400 : Query Acc = 93.33, Avg Acc = 91.10% +- 0.58%
EuroSAT iteration 283/400 : Query Acc = 96.00, Avg Acc = 91.12% +- 0.58%
EuroSAT iteration 284/400 : Query Acc = 92.00, Avg Acc = 91.12% +- 0.58%
EuroSAT iteration 285/400 : Query Acc = 94.67, Avg Acc = 91.13% +- 0.58%
EuroSAT iteration 286/400 : Query Acc = 90.67, Avg Acc = 91.13% +- 0.57%
EuroSAT iteration 287/400 : Query Acc = 85.33, Avg Acc = 91.11% +- 0.57%
EuroSAT iteration 288/400 : Query Acc = 88.00, Avg Acc = 91.10% +- 0.57%
EuroSAT iteration 289/400 : Query Acc = 90.67, Avg Acc = 91.10% +- 0.57%
EuroSAT iteration 290/400 : Query Acc = 86.67, Avg Acc = 91.08% +- 0.57%
EuroSAT iteration 291/400 : Query Acc = 89.33, Avg Acc = 91.08% +- 0.57%
EuroSAT iteration 292/400 : Query Acc = 96.00, Avg Acc = 91.09% +- 0.57%
EuroSAT iteration 293/400 : Query Acc = 81.33, Avg Acc = 91.06% +- 0.57%
EuroSAT iteration 294/400 : Query Acc = 86.67, Avg Acc = 91.05% +- 0.57%
EuroSAT iteration 295/400 : Query Acc = 90.67, Avg Acc = 91.05% +- 0.56%
EuroSAT iteration 296/400 : Query Acc = 96.00, Avg Acc = 91.06% +- 0.56%
EuroSAT iteration 297/400 : Query Acc = 90.67, Avg Acc = 91.06% +- 0.56%
EuroSAT iteration 298/400 : Query Acc = 89.33, Avg Acc = 91.05% +- 0.56%
EuroSAT iteration 299/400 : Query Acc = 93.33, Avg Acc = 91.06% +- 0.56%
EuroSAT iteration 300/400 : Query Acc = 92.00, Avg Acc = 91.07% +- 0.56%
EuroSAT | 300 / 400 Acc = 91.07% +- 0.56%
EuroSAT iteration 301/400 : Query Acc = 86.67, Avg Acc = 91.05% +- 0.56%
EuroSAT iteration 302/400 : Query Acc = 84.00, Avg Acc = 91.03% +- 0.56%
EuroSAT iteration 303/400 : Query Acc = 88.00, Avg Acc = 91.02% +- 0.55%
EuroSAT iteration 304/400 : Query Acc = 85.33, Avg Acc = 91.00% +- 0.55%
EuroSAT iteration 305/400 : Query Acc = 94.67, Avg Acc = 91.01% +- 0.55%
EuroSAT iteration 306/400 : Query Acc = 82.67, Avg Acc = 90.98% +- 0.55%
EuroSAT iteration 307/400 : Query Acc = 94.67, Avg Acc = 91.00% +- 0.55%
EuroSAT iteration 308/400 : Query Acc = 84.00, Avg Acc = 90.97% +- 0.55%
EuroSAT iteration 309/400 : Query Acc = 78.67, Avg Acc = 90.93% +- 0.55%
EuroSAT iteration 310/400 : Query Acc = 96.00, Avg Acc = 90.95% +- 0.55%
EuroSAT iteration 311/400 : Query Acc = 74.67, Avg Acc = 90.90% +- 0.56%
EuroSAT iteration 312/400 : Query Acc = 90.67, Avg Acc = 90.90% +- 0.56%
EuroSAT iteration 313/400 : Query Acc = 93.33, Avg Acc = 90.90% +- 0.56%
EuroSAT iteration 314/400 : Query Acc = 88.00, Avg Acc = 90.90% +- 0.56%
EuroSAT iteration 315/400 : Query Acc = 89.33, Avg Acc = 90.89% +- 0.56%
EuroSAT iteration 316/400 : Query Acc = 89.33, Avg Acc = 90.89% +- 0.55%
EuroSAT iteration 317/400 : Query Acc = 90.67, Avg Acc = 90.88% +- 0.55%
EuroSAT iteration 318/400 : Query Acc = 94.67, Avg Acc = 90.90% +- 0.55%
EuroSAT iteration 319/400 : Query Acc = 85.33, Avg Acc = 90.88% +- 0.55%
EuroSAT iteration 320/400 : Query Acc = 94.67, Avg Acc = 90.89% +- 0.55%
EuroSAT iteration 321/400 : Query Acc = 93.33, Avg Acc = 90.90% +- 0.55%
EuroSAT iteration 322/400 : Query Acc = 98.67, Avg Acc = 90.92% +- 0.55%
EuroSAT iteration 323/400 : Query Acc = 94.67, Avg Acc = 90.93% +- 0.55%
EuroSAT iteration 324/400 : Query Acc = 90.67, Avg Acc = 90.93% +- 0.54%
EuroSAT iteration 325/400 : Query Acc = 90.67, Avg Acc = 90.93% +- 0.54%
EuroSAT iteration 326/400 : Query Acc = 80.00, Avg Acc = 90.90% +- 0.55%
EuroSAT iteration 327/400 : Query Acc = 78.67, Avg Acc = 90.86% +- 0.55%
EuroSAT iteration 328/400 : Query Acc = 92.00, Avg Acc = 90.87% +- 0.55%
EuroSAT iteration 329/400 : Query Acc = 96.00, Avg Acc = 90.88% +- 0.55%
EuroSAT iteration 330/400 : Query Acc = 85.33, Avg Acc = 90.86% +- 0.55%
EuroSAT iteration 331/400 : Query Acc = 92.00, Avg Acc = 90.87% +- 0.54%
EuroSAT iteration 332/400 : Query Acc = 90.67, Avg Acc = 90.87% +- 0.54%
EuroSAT iteration 333/400 : Query Acc = 89.33, Avg Acc = 90.86% +- 0.54%
EuroSAT iteration 334/400 : Query Acc = 96.00, Avg Acc = 90.88% +- 0.54%
EuroSAT iteration 335/400 : Query Acc = 94.67, Avg Acc = 90.89% +- 0.54%
EuroSAT iteration 336/400 : Query Acc = 94.67, Avg Acc = 90.90% +- 0.54%
EuroSAT iteration 337/400 : Query Acc = 92.00, Avg Acc = 90.90% +- 0.54%
EuroSAT iteration 338/400 : Query Acc = 88.00, Avg Acc = 90.89% +- 0.53%
EuroSAT iteration 339/400 : Query Acc = 96.00, Avg Acc = 90.91% +- 0.53%
EuroSAT iteration 340/400 : Query Acc = 90.67, Avg Acc = 90.91% +- 0.53%
EuroSAT iteration 341/400 : Query Acc = 89.33, Avg Acc = 90.90% +- 0.53%
EuroSAT iteration 342/400 : Query Acc = 93.33, Avg Acc = 90.91% +- 0.53%
EuroSAT iteration 343/400 : Query Acc = 88.00, Avg Acc = 90.90% +- 0.53%
EuroSAT iteration 344/400 : Query Acc = 96.00, Avg Acc = 90.92% +- 0.53%
EuroSAT iteration 345/400 : Query Acc = 86.67, Avg Acc = 90.91% +- 0.53%
EuroSAT iteration 346/400 : Query Acc = 92.00, Avg Acc = 90.91% +- 0.52%
EuroSAT iteration 347/400 : Query Acc = 81.33, Avg Acc = 90.88% +- 0.53%
EuroSAT iteration 348/400 : Query Acc = 90.67, Avg Acc = 90.88% +- 0.52%
EuroSAT iteration 349/400 : Query Acc = 94.67, Avg Acc = 90.89% +- 0.52%
EuroSAT iteration 350/400 : Query Acc = 76.00, Avg Acc = 90.85% +- 0.53%
EuroSAT iteration 351/400 : Query Acc = 82.67, Avg Acc = 90.83% +- 0.53%
EuroSAT iteration 352/400 : Query Acc = 96.00, Avg Acc = 90.84% +- 0.53%
EuroSAT iteration 353/400 : Query Acc = 82.67, Avg Acc = 90.82% +- 0.53%
EuroSAT iteration 354/400 : Query Acc = 84.00, Avg Acc = 90.80% +- 0.53%
EuroSAT iteration 355/400 : Query Acc = 97.33, Avg Acc = 90.82% +- 0.53%
EuroSAT iteration 356/400 : Query Acc = 94.67, Avg Acc = 90.83% +- 0.53%
EuroSAT iteration 357/400 : Query Acc = 93.33, Avg Acc = 90.83% +- 0.53%
EuroSAT iteration 358/400 : Query Acc = 93.33, Avg Acc = 90.84% +- 0.52%
EuroSAT iteration 359/400 : Query Acc = 92.00, Avg Acc = 90.84% +- 0.52%
EuroSAT iteration 360/400 : Query Acc = 94.67, Avg Acc = 90.86% +- 0.52%
EuroSAT iteration 361/400 : Query Acc = 93.33, Avg Acc = 90.86% +- 0.52%
EuroSAT iteration 362/400 : Query Acc = 90.67, Avg Acc = 90.86% +- 0.52%
EuroSAT iteration 363/400 : Query Acc = 90.67, Avg Acc = 90.86% +- 0.52%
EuroSAT iteration 364/400 : Query Acc = 82.67, Avg Acc = 90.84% +- 0.52%
EuroSAT iteration 365/400 : Query Acc = 93.33, Avg Acc = 90.85% +- 0.52%
EuroSAT iteration 366/400 : Query Acc = 90.67, Avg Acc = 90.84% +- 0.52%
EuroSAT iteration 367/400 : Query Acc = 86.67, Avg Acc = 90.83% +- 0.52%
EuroSAT iteration 368/400 : Query Acc = 96.00, Avg Acc = 90.85% +- 0.51%
EuroSAT iteration 369/400 : Query Acc = 93.33, Avg Acc = 90.85% +- 0.51%
EuroSAT iteration 370/400 : Query Acc = 96.00, Avg Acc = 90.87% +- 0.51%
EuroSAT iteration 371/400 : Query Acc = 90.67, Avg Acc = 90.87% +- 0.51%
EuroSAT iteration 372/400 : Query Acc = 96.00, Avg Acc = 90.88% +- 0.51%
EuroSAT iteration 373/400 : Query Acc = 93.33, Avg Acc = 90.89% +- 0.51%
EuroSAT iteration 374/400 : Query Acc = 90.67, Avg Acc = 90.89% +- 0.51%
EuroSAT iteration 375/400 : Query Acc = 93.33, Avg Acc = 90.89% +- 0.51%
EuroSAT iteration 376/400 : Query Acc = 85.33, Avg Acc = 90.88% +- 0.51%
EuroSAT iteration 377/400 : Query Acc = 89.33, Avg Acc = 90.87% +- 0.50%
EuroSAT iteration 378/400 : Query Acc = 92.00, Avg Acc = 90.88% +- 0.50%
EuroSAT iteration 379/400 : Query Acc = 82.67, Avg Acc = 90.86% +- 0.50%
EuroSAT iteration 380/400 : Query Acc = 92.00, Avg Acc = 90.86% +- 0.50%
EuroSAT iteration 381/400 : Query Acc = 92.00, Avg Acc = 90.86% +- 0.50%
EuroSAT iteration 382/400 : Query Acc = 98.67, Avg Acc = 90.88% +- 0.50%
EuroSAT iteration 383/400 : Query Acc = 96.00, Avg Acc = 90.90% +- 0.50%
EuroSAT iteration 384/400 : Query Acc = 81.33, Avg Acc = 90.87% +- 0.50%
EuroSAT iteration 385/400 : Query Acc = 96.00, Avg Acc = 90.88% +- 0.50%
EuroSAT iteration 386/400 : Query Acc = 86.67, Avg Acc = 90.87% +- 0.50%
EuroSAT iteration 387/400 : Query Acc = 90.67, Avg Acc = 90.87% +- 0.50%
EuroSAT iteration 388/400 : Query Acc = 90.67, Avg Acc = 90.87% +- 0.50%
EuroSAT iteration 389/400 : Query Acc = 92.00, Avg Acc = 90.88% +- 0.50%
EuroSAT iteration 390/400 : Query Acc = 92.00, Avg Acc = 90.88% +- 0.50%
EuroSAT iteration 391/400 : Query Acc = 94.67, Avg Acc = 90.89% +- 0.49%
EuroSAT iteration 392/400 : Query Acc = 100.00, Avg Acc = 90.91% +- 0.50%
EuroSAT iteration 393/400 : Query Acc = 96.00, Avg Acc = 90.92% +- 0.49%
EuroSAT iteration 394/400 : Query Acc = 94.67, Avg Acc = 90.93% +- 0.49%
EuroSAT iteration 395/400 : Query Acc = 90.67, Avg Acc = 90.93% +- 0.49%
EuroSAT iteration 396/400 : Query Acc = 92.00, Avg Acc = 90.94% +- 0.49%
EuroSAT iteration 397/400 : Query Acc = 94.67, Avg Acc = 90.94% +- 0.49%
EuroSAT iteration 398/400 : Query Acc = 86.67, Avg Acc = 90.93% +- 0.49%
EuroSAT iteration 399/400 : Query Acc = 92.00, Avg Acc = 90.94% +- 0.49%
Euro 400 Test Acc = 90.94% +- 0.49%
>>> [baseline] CropDiseases 5-shot  2026-09-27 00:16:09
set seed = 1
FineTune! 5 shots on CropDiseases dataset
