等待 ISIC 開發集跑完  2026-10-08 00:50:53
[DESC_SELECT] shot 設定 通過 配對差：1 cat 1 +2.41±1.26
[DESC_SELECT] shot 設定 通過 配對差：5 only 1 +1.45±1.21
[DESC_PLAN] 確認集：shot 1 5
>>> [ATHA 描述] ISIC 1-shot desccat seed=1 n=800  2026-10-08 03:13:53
set seed = 1
FineTune! 1 shots on ISIC dataset
類別描述：/home/ccoliu/FeatureSR/configs/class_descriptions.json（cat）
ISIC iteration 0/800 : Query Acc = 50.67, Avg Acc = 50.67% +- 0.00%
ISIC | 0 / 800 Acc = 50.67% +- 0.00%
ISIC iteration 1/800 : Query Acc = 40.00, Avg Acc = 45.33% +- 7.39%
ISIC iteration 2/800 : Query Acc = 36.00, Avg Acc = 42.22% +- 7.01%
ISIC iteration 3/800 : Query Acc = 46.67, Avg Acc = 43.33% +- 5.58%
ISIC iteration 4/800 : Query Acc = 33.33, Avg Acc = 41.33% +- 5.68%
ISIC iteration 5/800 : Query Acc = 36.00, Avg Acc = 40.44% +- 4.99%
ISIC iteration 6/800 : Query Acc = 36.00, Avg Acc = 39.81% +- 4.43%
ISIC iteration 7/800 : Query Acc = 32.00, Avg Acc = 38.83% +- 4.27%
ISIC iteration 8/800 : Query Acc = 32.00, Avg Acc = 38.07% +- 4.05%
ISIC iteration 9/800 : Query Acc = 32.00, Avg Acc = 37.47% +- 3.81%
ISIC iteration 10/800 : Query Acc = 42.67, Avg Acc = 37.94% +- 3.58%
ISIC iteration 11/800 : Query Acc = 34.67, Avg Acc = 37.67% +- 3.32%
ISIC iteration 12/800 : Query Acc = 40.00, Avg Acc = 37.85% +- 3.08%
ISIC iteration 13/800 : Query Acc = 58.67, Avg Acc = 39.33% +- 4.01%
ISIC iteration 14/800 : Query Acc = 45.33, Avg Acc = 39.73% +- 3.82%
ISIC iteration 15/800 : Query Acc = 44.00, Avg Acc = 40.00% +- 3.62%
ISIC iteration 16/800 : Query Acc = 45.33, Avg Acc = 40.31% +- 3.45%
ISIC iteration 17/800 : Query Acc = 42.67, Avg Acc = 40.44% +- 3.27%
ISIC iteration 18/800 : Query Acc = 37.33, Avg Acc = 40.28% +- 3.12%
ISIC iteration 19/800 : Query Acc = 40.00, Avg Acc = 40.27% +- 2.96%
ISIC iteration 20/800 : Query Acc = 50.67, Avg Acc = 40.76% +- 2.97%
ISIC iteration 21/800 : Query Acc = 42.67, Avg Acc = 40.85% +- 2.84%
ISIC iteration 22/800 : Query Acc = 36.00, Avg Acc = 40.64% +- 2.75%
ISIC iteration 23/800 : Query Acc = 38.67, Avg Acc = 40.56% +- 2.64%
ISIC iteration 24/800 : Query Acc = 42.67, Avg Acc = 40.64% +- 2.54%
ISIC iteration 25/800 : Query Acc = 41.33, Avg Acc = 40.67% +- 2.44%
ISIC iteration 26/800 : Query Acc = 41.33, Avg Acc = 40.69% +- 2.35%
ISIC iteration 27/800 : Query Acc = 30.67, Avg Acc = 40.33% +- 2.37%
ISIC iteration 28/800 : Query Acc = 45.33, Avg Acc = 40.51% +- 2.31%
ISIC iteration 29/800 : Query Acc = 28.00, Avg Acc = 40.09% +- 2.38%
ISIC iteration 30/800 : Query Acc = 49.33, Avg Acc = 40.39% +- 2.37%
ISIC iteration 31/800 : Query Acc = 44.00, Avg Acc = 40.50% +- 2.31%
ISIC iteration 32/800 : Query Acc = 36.00, Avg Acc = 40.36% +- 2.25%
ISIC iteration 33/800 : Query Acc = 33.33, Avg Acc = 40.16% +- 2.22%
ISIC iteration 34/800 : Query Acc = 49.33, Avg Acc = 40.42% +- 2.22%
ISIC iteration 35/800 : Query Acc = 42.67, Avg Acc = 40.48% +- 2.16%
ISIC iteration 36/800 : Query Acc = 33.33, Avg Acc = 40.29% +- 2.13%
ISIC iteration 37/800 : Query Acc = 29.33, Avg Acc = 40.00% +- 2.15%
ISIC iteration 38/800 : Query Acc = 33.33, Avg Acc = 39.83% +- 2.12%
ISIC iteration 39/800 : Query Acc = 36.00, Avg Acc = 39.73% +- 2.08%
ISIC iteration 40/800 : Query Acc = 42.67, Avg Acc = 39.80% +- 2.03%
ISIC iteration 41/800 : Query Acc = 36.00, Avg Acc = 39.71% +- 1.99%
ISIC iteration 42/800 : Query Acc = 58.67, Avg Acc = 40.16% +- 2.12%
ISIC iteration 43/800 : Query Acc = 30.67, Avg Acc = 39.94% +- 2.12%
ISIC iteration 44/800 : Query Acc = 50.67, Avg Acc = 40.18% +- 2.12%
ISIC iteration 45/800 : Query Acc = 34.67, Avg Acc = 40.06% +- 2.09%
ISIC iteration 46/800 : Query Acc = 45.33, Avg Acc = 40.17% +- 2.05%
ISIC iteration 47/800 : Query Acc = 46.67, Avg Acc = 40.31% +- 2.03%
ISIC iteration 48/800 : Query Acc = 50.67, Avg Acc = 40.52% +- 2.03%
ISIC iteration 49/800 : Query Acc = 50.67, Avg Acc = 40.72% +- 2.03%
ISIC iteration 50/800 : Query Acc = 41.33, Avg Acc = 40.73% +- 1.99%
ISIC iteration 51/800 : Query Acc = 57.33, Avg Acc = 41.05% +- 2.05%
ISIC iteration 52/800 : Query Acc = 20.00, Avg Acc = 40.65% +- 2.15%
ISIC iteration 53/800 : Query Acc = 41.33, Avg Acc = 40.67% +- 2.11%
ISIC iteration 54/800 : Query Acc = 36.00, Avg Acc = 40.58% +- 2.08%
ISIC iteration 55/800 : Query Acc = 48.00, Avg Acc = 40.71% +- 2.06%
ISIC iteration 56/800 : Query Acc = 40.00, Avg Acc = 40.70% +- 2.02%
ISIC iteration 57/800 : Query Acc = 30.67, Avg Acc = 40.53% +- 2.01%
ISIC iteration 58/800 : Query Acc = 52.00, Avg Acc = 40.72% +- 2.02%
ISIC iteration 59/800 : Query Acc = 48.00, Avg Acc = 40.84% +- 2.00%
ISIC iteration 60/800 : Query Acc = 40.00, Avg Acc = 40.83% +- 1.96%
ISIC iteration 61/800 : Query Acc = 25.33, Avg Acc = 40.58% +- 1.99%
ISIC iteration 62/800 : Query Acc = 41.33, Avg Acc = 40.59% +- 1.96%
ISIC iteration 63/800 : Query Acc = 30.67, Avg Acc = 40.44% +- 1.95%
ISIC iteration 64/800 : Query Acc = 54.67, Avg Acc = 40.66% +- 1.97%
ISIC iteration 65/800 : Query Acc = 33.33, Avg Acc = 40.55% +- 1.95%
ISIC iteration 66/800 : Query Acc = 46.67, Avg Acc = 40.64% +- 1.93%
ISIC iteration 67/800 : Query Acc = 37.33, Avg Acc = 40.59% +- 1.91%
ISIC iteration 68/800 : Query Acc = 40.00, Avg Acc = 40.58% +- 1.88%
ISIC iteration 69/800 : Query Acc = 40.00, Avg Acc = 40.57% +- 1.85%
ISIC iteration 70/800 : Query Acc = 41.33, Avg Acc = 40.58% +- 1.83%
ISIC iteration 71/800 : Query Acc = 36.00, Avg Acc = 40.52% +- 1.80%
ISIC iteration 72/800 : Query Acc = 30.67, Avg Acc = 40.38% +- 1.80%
ISIC iteration 73/800 : Query Acc = 32.00, Avg Acc = 40.27% +- 1.79%
ISIC iteration 74/800 : Query Acc = 40.00, Avg Acc = 40.27% +- 1.76%
ISIC iteration 75/800 : Query Acc = 46.67, Avg Acc = 40.35% +- 1.75%
ISIC iteration 76/800 : Query Acc = 36.00, Avg Acc = 40.29% +- 1.73%
ISIC iteration 77/800 : Query Acc = 54.67, Avg Acc = 40.48% +- 1.74%
ISIC iteration 78/800 : Query Acc = 30.67, Avg Acc = 40.35% +- 1.74%
ISIC iteration 79/800 : Query Acc = 38.67, Avg Acc = 40.33% +- 1.72%
ISIC iteration 80/800 : Query Acc = 22.67, Avg Acc = 40.12% +- 1.75%
ISIC iteration 81/800 : Query Acc = 37.33, Avg Acc = 40.08% +- 1.73%
ISIC iteration 82/800 : Query Acc = 41.33, Avg Acc = 40.10% +- 1.71%
ISIC iteration 83/800 : Query Acc = 36.00, Avg Acc = 40.05% +- 1.69%
ISIC iteration 84/800 : Query Acc = 44.00, Avg Acc = 40.09% +- 1.67%
ISIC iteration 85/800 : Query Acc = 45.33, Avg Acc = 40.16% +- 1.66%
ISIC iteration 86/800 : Query Acc = 40.00, Avg Acc = 40.15% +- 1.64%
ISIC iteration 87/800 : Query Acc = 21.33, Avg Acc = 39.94% +- 1.67%
ISIC iteration 88/800 : Query Acc = 32.00, Avg Acc = 39.85% +- 1.66%
ISIC iteration 89/800 : Query Acc = 56.00, Avg Acc = 40.03% +- 1.68%
ISIC iteration 90/800 : Query Acc = 42.67, Avg Acc = 40.06% +- 1.66%
ISIC iteration 91/800 : Query Acc = 56.00, Avg Acc = 40.23% +- 1.68%
ISIC iteration 92/800 : Query Acc = 48.00, Avg Acc = 40.32% +- 1.67%
ISIC iteration 93/800 : Query Acc = 40.00, Avg Acc = 40.31% +- 1.65%
ISIC iteration 94/800 : Query Acc = 44.00, Avg Acc = 40.35% +- 1.64%
ISIC iteration 95/800 : Query Acc = 33.33, Avg Acc = 40.28% +- 1.63%
ISIC iteration 96/800 : Query Acc = 40.00, Avg Acc = 40.27% +- 1.61%
ISIC iteration 97/800 : Query Acc = 37.33, Avg Acc = 40.24% +- 1.59%
ISIC iteration 98/800 : Query Acc = 38.67, Avg Acc = 40.23% +- 1.58%
ISIC iteration 99/800 : Query Acc = 48.00, Avg Acc = 40.31% +- 1.57%
ISIC iteration 100/800 : Query Acc = 29.33, Avg Acc = 40.20% +- 1.57%
ISIC | 100 / 800 Acc = 40.20% +- 1.57%
ISIC iteration 101/800 : Query Acc = 48.00, Avg Acc = 40.27% +- 1.56%
ISIC iteration 102/800 : Query Acc = 50.67, Avg Acc = 40.38% +- 1.56%
ISIC iteration 103/800 : Query Acc = 40.00, Avg Acc = 40.37% +- 1.54%
ISIC iteration 104/800 : Query Acc = 46.67, Avg Acc = 40.43% +- 1.53%
ISIC iteration 105/800 : Query Acc = 26.67, Avg Acc = 40.30% +- 1.54%
ISIC iteration 106/800 : Query Acc = 40.00, Avg Acc = 40.30% +- 1.52%
ISIC iteration 107/800 : Query Acc = 41.33, Avg Acc = 40.31% +- 1.51%
ISIC iteration 108/800 : Query Acc = 28.00, Avg Acc = 40.20% +- 1.51%
ISIC iteration 109/800 : Query Acc = 36.00, Avg Acc = 40.16% +- 1.50%
ISIC iteration 110/800 : Query Acc = 26.67, Avg Acc = 40.04% +- 1.51%
ISIC iteration 111/800 : Query Acc = 41.33, Avg Acc = 40.05% +- 1.49%
ISIC iteration 112/800 : Query Acc = 41.33, Avg Acc = 40.06% +- 1.48%
ISIC iteration 113/800 : Query Acc = 30.67, Avg Acc = 39.98% +- 1.48%
ISIC iteration 114/800 : Query Acc = 41.33, Avg Acc = 39.99% +- 1.46%
ISIC iteration 115/800 : Query Acc = 36.00, Avg Acc = 39.95% +- 1.45%
ISIC iteration 116/800 : Query Acc = 40.00, Avg Acc = 39.95% +- 1.44%
ISIC iteration 117/800 : Query Acc = 18.67, Avg Acc = 39.77% +- 1.47%
ISIC iteration 118/800 : Query Acc = 36.00, Avg Acc = 39.74% +- 1.46%
ISIC iteration 119/800 : Query Acc = 29.33, Avg Acc = 39.66% +- 1.46%
ISIC iteration 120/800 : Query Acc = 44.00, Avg Acc = 39.69% +- 1.45%
ISIC iteration 121/800 : Query Acc = 29.33, Avg Acc = 39.61% +- 1.44%
ISIC iteration 122/800 : Query Acc = 34.67, Avg Acc = 39.57% +- 1.43%
ISIC iteration 123/800 : Query Acc = 24.00, Avg Acc = 39.44% +- 1.44%
ISIC iteration 124/800 : Query Acc = 41.33, Avg Acc = 39.46% +- 1.43%
ISIC iteration 125/800 : Query Acc = 42.67, Avg Acc = 39.48% +- 1.42%
ISIC iteration 126/800 : Query Acc = 49.33, Avg Acc = 39.56% +- 1.42%
ISIC iteration 127/800 : Query Acc = 57.33, Avg Acc = 39.70% +- 1.43%
ISIC iteration 128/800 : Query Acc = 49.33, Avg Acc = 39.77% +- 1.43%
ISIC iteration 129/800 : Query Acc = 36.00, Avg Acc = 39.74% +- 1.42%
ISIC iteration 130/800 : Query Acc = 36.00, Avg Acc = 39.72% +- 1.41%
ISIC iteration 131/800 : Query Acc = 40.00, Avg Acc = 39.72% +- 1.40%
ISIC iteration 132/800 : Query Acc = 24.00, Avg Acc = 39.60% +- 1.41%
ISIC iteration 133/800 : Query Acc = 32.00, Avg Acc = 39.54% +- 1.40%
ISIC iteration 134/800 : Query Acc = 48.00, Avg Acc = 39.60% +- 1.40%
ISIC iteration 135/800 : Query Acc = 33.33, Avg Acc = 39.56% +- 1.39%
ISIC iteration 136/800 : Query Acc = 58.67, Avg Acc = 39.70% +- 1.41%
ISIC iteration 137/800 : Query Acc = 36.00, Avg Acc = 39.67% +- 1.40%
ISIC iteration 138/800 : Query Acc = 29.33, Avg Acc = 39.60% +- 1.39%
ISIC iteration 139/800 : Query Acc = 38.67, Avg Acc = 39.59% +- 1.39%
ISIC iteration 140/800 : Query Acc = 30.67, Avg Acc = 39.53% +- 1.38%
ISIC iteration 141/800 : Query Acc = 41.33, Avg Acc = 39.54% +- 1.37%
ISIC iteration 142/800 : Query Acc = 44.00, Avg Acc = 39.57% +- 1.36%
ISIC iteration 143/800 : Query Acc = 36.00, Avg Acc = 39.55% +- 1.35%
ISIC iteration 144/800 : Query Acc = 41.33, Avg Acc = 39.56% +- 1.35%
ISIC iteration 145/800 : Query Acc = 32.00, Avg Acc = 39.51% +- 1.34%
ISIC iteration 146/800 : Query Acc = 36.00, Avg Acc = 39.48% +- 1.33%
ISIC iteration 147/800 : Query Acc = 36.00, Avg Acc = 39.46% +- 1.32%
ISIC iteration 148/800 : Query Acc = 28.00, Avg Acc = 39.38% +- 1.32%
ISIC iteration 149/800 : Query Acc = 60.00, Avg Acc = 39.52% +- 1.34%
ISIC iteration 150/800 : Query Acc = 40.00, Avg Acc = 39.52% +- 1.33%
ISIC iteration 151/800 : Query Acc = 42.67, Avg Acc = 39.54% +- 1.32%
ISIC iteration 152/800 : Query Acc = 50.67, Avg Acc = 39.62% +- 1.32%
ISIC iteration 153/800 : Query Acc = 28.00, Avg Acc = 39.54% +- 1.32%
ISIC iteration 154/800 : Query Acc = 46.67, Avg Acc = 39.59% +- 1.32%
ISIC iteration 155/800 : Query Acc = 36.00, Avg Acc = 39.56% +- 1.31%
ISIC iteration 156/800 : Query Acc = 33.33, Avg Acc = 39.52% +- 1.30%
ISIC iteration 157/800 : Query Acc = 44.00, Avg Acc = 39.55% +- 1.30%
ISIC iteration 158/800 : Query Acc = 48.00, Avg Acc = 39.61% +- 1.29%
ISIC iteration 159/800 : Query Acc = 34.67, Avg Acc = 39.58% +- 1.29%
ISIC iteration 160/800 : Query Acc = 38.67, Avg Acc = 39.57% +- 1.28%
ISIC iteration 161/800 : Query Acc = 33.33, Avg Acc = 39.53% +- 1.27%
ISIC iteration 162/800 : Query Acc = 41.33, Avg Acc = 39.54% +- 1.26%
ISIC iteration 163/800 : Query Acc = 36.00, Avg Acc = 39.52% +- 1.26%
ISIC iteration 164/800 : Query Acc = 44.00, Avg Acc = 39.55% +- 1.25%
ISIC iteration 165/800 : Query Acc = 41.33, Avg Acc = 39.56% +- 1.24%
ISIC iteration 166/800 : Query Acc = 41.33, Avg Acc = 39.57% +- 1.24%
ISIC iteration 167/800 : Query Acc = 30.67, Avg Acc = 39.52% +- 1.23%
ISIC iteration 168/800 : Query Acc = 28.00, Avg Acc = 39.45% +- 1.23%
ISIC iteration 169/800 : Query Acc = 37.33, Avg Acc = 39.44% +- 1.23%
ISIC iteration 170/800 : Query Acc = 41.33, Avg Acc = 39.45% +- 1.22%
ISIC iteration 171/800 : Query Acc = 34.67, Avg Acc = 39.42% +- 1.21%
ISIC iteration 172/800 : Query Acc = 54.67, Avg Acc = 39.51% +- 1.22%
ISIC iteration 173/800 : Query Acc = 44.00, Avg Acc = 39.53% +- 1.21%
ISIC iteration 174/800 : Query Acc = 29.33, Avg Acc = 39.47% +- 1.21%
ISIC iteration 175/800 : Query Acc = 38.67, Avg Acc = 39.47% +- 1.20%
ISIC iteration 176/800 : Query Acc = 46.67, Avg Acc = 39.51% +- 1.20%
ISIC iteration 177/800 : Query Acc = 37.33, Avg Acc = 39.50% +- 1.19%
ISIC iteration 178/800 : Query Acc = 26.67, Avg Acc = 39.43% +- 1.20%
ISIC iteration 179/800 : Query Acc = 45.33, Avg Acc = 39.46% +- 1.19%
ISIC iteration 180/800 : Query Acc = 41.33, Avg Acc = 39.47% +- 1.18%
ISIC iteration 181/800 : Query Acc = 34.67, Avg Acc = 39.44% +- 1.18%
ISIC iteration 182/800 : Query Acc = 40.00, Avg Acc = 39.45% +- 1.17%
ISIC iteration 183/800 : Query Acc = 38.67, Avg Acc = 39.44% +- 1.17%
ISIC iteration 184/800 : Query Acc = 33.33, Avg Acc = 39.41% +- 1.16%
ISIC iteration 185/800 : Query Acc = 36.00, Avg Acc = 39.39% +- 1.16%
ISIC iteration 186/800 : Query Acc = 37.33, Avg Acc = 39.38% +- 1.15%
ISIC iteration 187/800 : Query Acc = 46.67, Avg Acc = 39.42% +- 1.15%
ISIC iteration 188/800 : Query Acc = 26.67, Avg Acc = 39.35% +- 1.15%
ISIC iteration 189/800 : Query Acc = 49.33, Avg Acc = 39.40% +- 1.15%
ISIC iteration 190/800 : Query Acc = 45.33, Avg Acc = 39.43% +- 1.14%
ISIC iteration 191/800 : Query Acc = 38.67, Avg Acc = 39.43% +- 1.14%
ISIC iteration 192/800 : Query Acc = 50.67, Avg Acc = 39.49% +- 1.14%
ISIC iteration 193/800 : Query Acc = 52.00, Avg Acc = 39.55% +- 1.14%
ISIC iteration 194/800 : Query Acc = 46.67, Avg Acc = 39.59% +- 1.13%
ISIC iteration 195/800 : Query Acc = 46.67, Avg Acc = 39.63% +- 1.13%
ISIC iteration 196/800 : Query Acc = 61.33, Avg Acc = 39.74% +- 1.14%
ISIC iteration 197/800 : Query Acc = 36.00, Avg Acc = 39.72% +- 1.14%
ISIC iteration 198/800 : Query Acc = 34.67, Avg Acc = 39.69% +- 1.13%
ISIC iteration 199/800 : Query Acc = 46.67, Avg Acc = 39.73% +- 1.13%
ISIC iteration 200/800 : Query Acc = 34.67, Avg Acc = 39.70% +- 1.13%
ISIC | 200 / 800 Acc = 39.70% +- 1.13%
ISIC iteration 201/800 : Query Acc = 54.67, Avg Acc = 39.78% +- 1.13%
ISIC iteration 202/800 : Query Acc = 41.33, Avg Acc = 39.78% +- 1.12%
ISIC iteration 203/800 : Query Acc = 45.33, Avg Acc = 39.81% +- 1.12%
ISIC iteration 204/800 : Query Acc = 41.33, Avg Acc = 39.82% +- 1.12%
ISIC iteration 205/800 : Query Acc = 56.00, Avg Acc = 39.90% +- 1.12%
ISIC iteration 206/800 : Query Acc = 44.00, Avg Acc = 39.92% +- 1.12%
ISIC iteration 207/800 : Query Acc = 34.67, Avg Acc = 39.89% +- 1.11%
ISIC iteration 208/800 : Query Acc = 28.00, Avg Acc = 39.83% +- 1.11%
ISIC iteration 209/800 : Query Acc = 37.33, Avg Acc = 39.82% +- 1.11%
ISIC iteration 210/800 : Query Acc = 32.00, Avg Acc = 39.79% +- 1.10%
ISIC iteration 211/800 : Query Acc = 29.33, Avg Acc = 39.74% +- 1.10%
ISIC iteration 212/800 : Query Acc = 48.00, Avg Acc = 39.77% +- 1.10%
ISIC iteration 213/800 : Query Acc = 44.00, Avg Acc = 39.79% +- 1.10%
ISIC iteration 214/800 : Query Acc = 40.00, Avg Acc = 39.80% +- 1.09%
ISIC iteration 215/800 : Query Acc = 48.00, Avg Acc = 39.83% +- 1.09%
ISIC iteration 216/800 : Query Acc = 36.00, Avg Acc = 39.82% +- 1.08%
ISIC iteration 217/800 : Query Acc = 30.67, Avg Acc = 39.77% +- 1.08%
ISIC iteration 218/800 : Query Acc = 56.00, Avg Acc = 39.85% +- 1.09%
ISIC iteration 219/800 : Query Acc = 26.67, Avg Acc = 39.79% +- 1.09%
ISIC iteration 220/800 : Query Acc = 50.67, Avg Acc = 39.84% +- 1.09%
ISIC iteration 221/800 : Query Acc = 44.00, Avg Acc = 39.86% +- 1.08%
ISIC iteration 222/800 : Query Acc = 46.67, Avg Acc = 39.89% +- 1.08%
ISIC iteration 223/800 : Query Acc = 38.67, Avg Acc = 39.88% +- 1.08%
ISIC iteration 224/800 : Query Acc = 49.33, Avg Acc = 39.92% +- 1.07%
ISIC iteration 225/800 : Query Acc = 33.33, Avg Acc = 39.89% +- 1.07%
ISIC iteration 226/800 : Query Acc = 41.33, Avg Acc = 39.90% +- 1.07%
ISIC iteration 227/800 : Query Acc = 37.33, Avg Acc = 39.89% +- 1.06%
ISIC iteration 228/800 : Query Acc = 41.33, Avg Acc = 39.90% +- 1.06%
ISIC iteration 229/800 : Query Acc = 48.00, Avg Acc = 39.93% +- 1.05%
ISIC iteration 230/800 : Query Acc = 41.33, Avg Acc = 39.94% +- 1.05%
ISIC iteration 231/800 : Query Acc = 26.67, Avg Acc = 39.88% +- 1.05%
ISIC iteration 232/800 : Query Acc = 48.00, Avg Acc = 39.91% +- 1.05%
ISIC iteration 233/800 : Query Acc = 29.33, Avg Acc = 39.87% +- 1.05%
ISIC iteration 234/800 : Query Acc = 37.33, Avg Acc = 39.86% +- 1.04%
ISIC iteration 235/800 : Query Acc = 50.67, Avg Acc = 39.90% +- 1.04%
ISIC iteration 236/800 : Query Acc = 41.33, Avg Acc = 39.91% +- 1.04%
ISIC iteration 237/800 : Query Acc = 32.00, Avg Acc = 39.88% +- 1.04%
ISIC iteration 238/800 : Query Acc = 49.33, Avg Acc = 39.92% +- 1.04%
ISIC iteration 239/800 : Query Acc = 29.33, Avg Acc = 39.87% +- 1.03%
ISIC iteration 240/800 : Query Acc = 46.67, Avg Acc = 39.90% +- 1.03%
ISIC iteration 241/800 : Query Acc = 28.00, Avg Acc = 39.85% +- 1.03%
ISIC iteration 242/800 : Query Acc = 45.33, Avg Acc = 39.87% +- 1.03%
ISIC iteration 243/800 : Query Acc = 46.67, Avg Acc = 39.90% +- 1.03%
ISIC iteration 244/800 : Query Acc = 48.00, Avg Acc = 39.93% +- 1.02%
ISIC iteration 245/800 : Query Acc = 26.67, Avg Acc = 39.88% +- 1.03%
ISIC iteration 246/800 : Query Acc = 33.33, Avg Acc = 39.85% +- 1.02%
ISIC iteration 247/800 : Query Acc = 54.67, Avg Acc = 39.91% +- 1.02%
ISIC iteration 248/800 : Query Acc = 34.67, Avg Acc = 39.89% +- 1.02%
ISIC iteration 249/800 : Query Acc = 53.33, Avg Acc = 39.95% +- 1.02%
ISIC iteration 250/800 : Query Acc = 44.00, Avg Acc = 39.96% +- 1.02%
ISIC iteration 251/800 : Query Acc = 41.33, Avg Acc = 39.97% +- 1.02%
ISIC iteration 252/800 : Query Acc = 52.00, Avg Acc = 40.02% +- 1.02%
ISIC iteration 253/800 : Query Acc = 50.67, Avg Acc = 40.06% +- 1.01%
ISIC iteration 254/800 : Query Acc = 25.33, Avg Acc = 40.00% +- 1.02%
ISIC iteration 255/800 : Query Acc = 42.67, Avg Acc = 40.01% +- 1.01%
ISIC iteration 256/800 : Query Acc = 44.00, Avg Acc = 40.03% +- 1.01%
ISIC iteration 257/800 : Query Acc = 34.67, Avg Acc = 40.01% +- 1.01%
ISIC iteration 258/800 : Query Acc = 30.67, Avg Acc = 39.97% +- 1.01%
ISIC iteration 259/800 : Query Acc = 45.33, Avg Acc = 39.99% +- 1.00%
ISIC iteration 260/800 : Query Acc = 49.33, Avg Acc = 40.03% +- 1.00%
ISIC iteration 261/800 : Query Acc = 41.33, Avg Acc = 40.03% +- 1.00%
ISIC iteration 262/800 : Query Acc = 41.33, Avg Acc = 40.04% +- 0.99%
ISIC iteration 263/800 : Query Acc = 38.67, Avg Acc = 40.03% +- 0.99%
ISIC iteration 264/800 : Query Acc = 42.67, Avg Acc = 40.04% +- 0.99%
ISIC iteration 265/800 : Query Acc = 42.67, Avg Acc = 40.05% +- 0.98%
ISIC iteration 266/800 : Query Acc = 48.00, Avg Acc = 40.08% +- 0.98%
ISIC iteration 267/800 : Query Acc = 57.33, Avg Acc = 40.14% +- 0.99%
ISIC iteration 268/800 : Query Acc = 41.33, Avg Acc = 40.15% +- 0.98%
ISIC iteration 269/800 : Query Acc = 20.00, Avg Acc = 40.07% +- 0.99%
ISIC iteration 270/800 : Query Acc = 60.00, Avg Acc = 40.15% +- 1.00%
ISIC iteration 271/800 : Query Acc = 32.00, Avg Acc = 40.12% +- 0.99%
ISIC iteration 272/800 : Query Acc = 48.00, Avg Acc = 40.15% +- 0.99%
ISIC iteration 273/800 : Query Acc = 20.00, Avg Acc = 40.07% +- 1.00%
ISIC iteration 274/800 : Query Acc = 12.00, Avg Acc = 39.97% +- 1.01%
ISIC iteration 275/800 : Query Acc = 44.00, Avg Acc = 39.99% +- 1.01%
ISIC iteration 276/800 : Query Acc = 37.33, Avg Acc = 39.98% +- 1.01%
ISIC iteration 277/800 : Query Acc = 38.67, Avg Acc = 39.97% +- 1.00%
ISIC iteration 278/800 : Query Acc = 38.67, Avg Acc = 39.97% +- 1.00%
ISIC iteration 279/800 : Query Acc = 48.00, Avg Acc = 40.00% +- 1.00%
ISIC iteration 280/800 : Query Acc = 45.33, Avg Acc = 40.01% +- 1.00%
ISIC iteration 281/800 : Query Acc = 30.67, Avg Acc = 39.98% +- 0.99%
ISIC iteration 282/800 : Query Acc = 50.67, Avg Acc = 40.02% +- 0.99%
ISIC iteration 283/800 : Query Acc = 45.33, Avg Acc = 40.04% +- 0.99%
ISIC iteration 284/800 : Query Acc = 25.33, Avg Acc = 39.99% +- 0.99%
ISIC iteration 285/800 : Query Acc = 28.00, Avg Acc = 39.94% +- 0.99%
ISIC iteration 286/800 : Query Acc = 40.00, Avg Acc = 39.94% +- 0.99%
ISIC iteration 287/800 : Query Acc = 41.33, Avg Acc = 39.95% +- 0.99%
ISIC iteration 288/800 : Query Acc = 44.00, Avg Acc = 39.96% +- 0.98%
ISIC iteration 289/800 : Query Acc = 50.67, Avg Acc = 40.00% +- 0.98%
ISIC iteration 290/800 : Query Acc = 45.33, Avg Acc = 40.02% +- 0.98%
ISIC iteration 291/800 : Query Acc = 44.00, Avg Acc = 40.03% +- 0.98%
ISIC iteration 292/800 : Query Acc = 40.00, Avg Acc = 40.03% +- 0.97%
ISIC iteration 293/800 : Query Acc = 36.00, Avg Acc = 40.02% +- 0.97%
ISIC iteration 294/800 : Query Acc = 60.00, Avg Acc = 40.09% +- 0.98%
ISIC iteration 295/800 : Query Acc = 36.00, Avg Acc = 40.07% +- 0.97%
ISIC iteration 296/800 : Query Acc = 44.00, Avg Acc = 40.09% +- 0.97%
ISIC iteration 297/800 : Query Acc = 48.00, Avg Acc = 40.11% +- 0.97%
ISIC iteration 298/800 : Query Acc = 49.33, Avg Acc = 40.14% +- 0.97%
ISIC iteration 299/800 : Query Acc = 21.33, Avg Acc = 40.08% +- 0.97%
ISIC iteration 300/800 : Query Acc = 45.33, Avg Acc = 40.10% +- 0.97%
ISIC | 300 / 800 Acc = 40.10% +- 0.97%
ISIC iteration 301/800 : Query Acc = 30.67, Avg Acc = 40.07% +- 0.97%
ISIC iteration 302/800 : Query Acc = 49.33, Avg Acc = 40.10% +- 0.97%
ISIC iteration 303/800 : Query Acc = 40.00, Avg Acc = 40.10% +- 0.96%
ISIC iteration 304/800 : Query Acc = 29.33, Avg Acc = 40.06% +- 0.96%
ISIC iteration 305/800 : Query Acc = 38.67, Avg Acc = 40.06% +- 0.96%
ISIC iteration 306/800 : Query Acc = 50.67, Avg Acc = 40.09% +- 0.96%
ISIC iteration 307/800 : Query Acc = 28.00, Avg Acc = 40.05% +- 0.96%
ISIC iteration 308/800 : Query Acc = 46.67, Avg Acc = 40.07% +- 0.96%
ISIC iteration 309/800 : Query Acc = 45.33, Avg Acc = 40.09% +- 0.95%
ISIC iteration 310/800 : Query Acc = 48.00, Avg Acc = 40.12% +- 0.95%
ISIC iteration 311/800 : Query Acc = 33.33, Avg Acc = 40.09% +- 0.95%
ISIC iteration 312/800 : Query Acc = 26.67, Avg Acc = 40.05% +- 0.95%
ISIC iteration 313/800 : Query Acc = 36.00, Avg Acc = 40.04% +- 0.95%
ISIC iteration 314/800 : Query Acc = 60.00, Avg Acc = 40.10% +- 0.95%
ISIC iteration 315/800 : Query Acc = 34.67, Avg Acc = 40.08% +- 0.95%
ISIC iteration 316/800 : Query Acc = 37.33, Avg Acc = 40.08% +- 0.95%
ISIC iteration 317/800 : Query Acc = 40.00, Avg Acc = 40.08% +- 0.94%
ISIC iteration 318/800 : Query Acc = 41.33, Avg Acc = 40.08% +- 0.94%
ISIC iteration 319/800 : Query Acc = 29.33, Avg Acc = 40.05% +- 0.94%
ISIC iteration 320/800 : Query Acc = 45.33, Avg Acc = 40.06% +- 0.94%
ISIC iteration 321/800 : Query Acc = 45.33, Avg Acc = 40.08% +- 0.94%
ISIC iteration 322/800 : Query Acc = 50.67, Avg Acc = 40.11% +- 0.94%
ISIC iteration 323/800 : Query Acc = 50.67, Avg Acc = 40.14% +- 0.93%
ISIC iteration 324/800 : Query Acc = 38.67, Avg Acc = 40.14% +- 0.93%
ISIC iteration 325/800 : Query Acc = 40.00, Avg Acc = 40.14% +- 0.93%
ISIC iteration 326/800 : Query Acc = 49.33, Avg Acc = 40.17% +- 0.93%
ISIC iteration 327/800 : Query Acc = 49.33, Avg Acc = 40.20% +- 0.93%
ISIC iteration 328/800 : Query Acc = 34.67, Avg Acc = 40.18% +- 0.92%
ISIC iteration 329/800 : Query Acc = 40.00, Avg Acc = 40.18% +- 0.92%
ISIC iteration 330/800 : Query Acc = 41.33, Avg Acc = 40.18% +- 0.92%
ISIC iteration 331/800 : Query Acc = 38.67, Avg Acc = 40.18% +- 0.92%
ISIC iteration 332/800 : Query Acc = 49.33, Avg Acc = 40.20% +- 0.91%
ISIC iteration 333/800 : Query Acc = 58.67, Avg Acc = 40.26% +- 0.92%
ISIC iteration 334/800 : Query Acc = 54.67, Avg Acc = 40.30% +- 0.92%
ISIC iteration 335/800 : Query Acc = 40.00, Avg Acc = 40.30% +- 0.92%
ISIC iteration 336/800 : Query Acc = 32.00, Avg Acc = 40.28% +- 0.92%
ISIC iteration 337/800 : Query Acc = 41.33, Avg Acc = 40.28% +- 0.91%
ISIC iteration 338/800 : Query Acc = 17.33, Avg Acc = 40.21% +- 0.92%
ISIC iteration 339/800 : Query Acc = 32.00, Avg Acc = 40.19% +- 0.92%
ISIC iteration 340/800 : Query Acc = 44.00, Avg Acc = 40.20% +- 0.92%
ISIC iteration 341/800 : Query Acc = 49.33, Avg Acc = 40.23% +- 0.91%
ISIC iteration 342/800 : Query Acc = 41.33, Avg Acc = 40.23% +- 0.91%
ISIC iteration 343/800 : Query Acc = 53.33, Avg Acc = 40.27% +- 0.91%
ISIC iteration 344/800 : Query Acc = 24.00, Avg Acc = 40.22% +- 0.91%
ISIC iteration 345/800 : Query Acc = 22.67, Avg Acc = 40.17% +- 0.92%
ISIC iteration 346/800 : Query Acc = 41.33, Avg Acc = 40.17% +- 0.91%
ISIC iteration 347/800 : Query Acc = 34.67, Avg Acc = 40.16% +- 0.91%
ISIC iteration 348/800 : Query Acc = 48.00, Avg Acc = 40.18% +- 0.91%
ISIC iteration 349/800 : Query Acc = 33.33, Avg Acc = 40.16% +- 0.91%
ISIC iteration 350/800 : Query Acc = 37.33, Avg Acc = 40.15% +- 0.91%
ISIC iteration 351/800 : Query Acc = 45.33, Avg Acc = 40.17% +- 0.90%
ISIC iteration 352/800 : Query Acc = 42.67, Avg Acc = 40.17% +- 0.90%
ISIC iteration 353/800 : Query Acc = 29.33, Avg Acc = 40.14% +- 0.90%
ISIC iteration 354/800 : Query Acc = 41.33, Avg Acc = 40.15% +- 0.90%
ISIC iteration 355/800 : Query Acc = 44.00, Avg Acc = 40.16% +- 0.90%
ISIC iteration 356/800 : Query Acc = 60.00, Avg Acc = 40.21% +- 0.90%
ISIC iteration 357/800 : Query Acc = 36.00, Avg Acc = 40.20% +- 0.90%
ISIC iteration 358/800 : Query Acc = 49.33, Avg Acc = 40.23% +- 0.90%
ISIC iteration 359/800 : Query Acc = 33.33, Avg Acc = 40.21% +- 0.90%
ISIC iteration 360/800 : Query Acc = 37.33, Avg Acc = 40.20% +- 0.89%
ISIC iteration 361/800 : Query Acc = 30.67, Avg Acc = 40.17% +- 0.89%
ISIC iteration 362/800 : Query Acc = 40.00, Avg Acc = 40.17% +- 0.89%
ISIC iteration 363/800 : Query Acc = 32.00, Avg Acc = 40.15% +- 0.89%
ISIC iteration 364/800 : Query Acc = 33.33, Avg Acc = 40.13% +- 0.89%
ISIC iteration 365/800 : Query Acc = 44.00, Avg Acc = 40.14% +- 0.88%
ISIC iteration 366/800 : Query Acc = 46.67, Avg Acc = 40.16% +- 0.88%
ISIC iteration 367/800 : Query Acc = 42.67, Avg Acc = 40.17% +- 0.88%
ISIC iteration 368/800 : Query Acc = 41.33, Avg Acc = 40.17% +- 0.88%
ISIC iteration 369/800 : Query Acc = 38.67, Avg Acc = 40.17% +- 0.88%
ISIC iteration 370/800 : Query Acc = 29.33, Avg Acc = 40.14% +- 0.88%
ISIC iteration 371/800 : Query Acc = 48.00, Avg Acc = 40.16% +- 0.87%
ISIC iteration 372/800 : Query Acc = 49.33, Avg Acc = 40.18% +- 0.87%
ISIC iteration 373/800 : Query Acc = 25.33, Avg Acc = 40.14% +- 0.87%
ISIC iteration 374/800 : Query Acc = 44.00, Avg Acc = 40.15% +- 0.87%
ISIC iteration 375/800 : Query Acc = 57.33, Avg Acc = 40.20% +- 0.87%
ISIC iteration 376/800 : Query Acc = 42.67, Avg Acc = 40.21% +- 0.87%
ISIC iteration 377/800 : Query Acc = 21.33, Avg Acc = 40.16% +- 0.88%
ISIC iteration 378/800 : Query Acc = 44.00, Avg Acc = 40.17% +- 0.87%
ISIC iteration 379/800 : Query Acc = 37.33, Avg Acc = 40.16% +- 0.87%
ISIC iteration 380/800 : Query Acc = 33.33, Avg Acc = 40.14% +- 0.87%
ISIC iteration 381/800 : Query Acc = 42.67, Avg Acc = 40.15% +- 0.87%
ISIC iteration 382/800 : Query Acc = 53.33, Avg Acc = 40.18% +- 0.87%
ISIC iteration 383/800 : Query Acc = 29.33, Avg Acc = 40.15% +- 0.87%
ISIC iteration 384/800 : Query Acc = 41.33, Avg Acc = 40.16% +- 0.86%
ISIC iteration 385/800 : Query Acc = 21.33, Avg Acc = 40.11% +- 0.87%
ISIC iteration 386/800 : Query Acc = 22.67, Avg Acc = 40.06% +- 0.87%
ISIC iteration 387/800 : Query Acc = 48.00, Avg Acc = 40.08% +- 0.87%
ISIC iteration 388/800 : Query Acc = 49.33, Avg Acc = 40.11% +- 0.87%
ISIC iteration 389/800 : Query Acc = 45.33, Avg Acc = 40.12% +- 0.87%
ISIC iteration 390/800 : Query Acc = 30.67, Avg Acc = 40.10% +- 0.87%
ISIC iteration 391/800 : Query Acc = 29.33, Avg Acc = 40.07% +- 0.86%
ISIC iteration 392/800 : Query Acc = 42.67, Avg Acc = 40.07% +- 0.86%
ISIC iteration 393/800 : Query Acc = 53.33, Avg Acc = 40.11% +- 0.86%
ISIC iteration 394/800 : Query Acc = 45.33, Avg Acc = 40.12% +- 0.86%
ISIC iteration 395/800 : Query Acc = 41.33, Avg Acc = 40.12% +- 0.86%
ISIC iteration 396/800 : Query Acc = 26.67, Avg Acc = 40.09% +- 0.86%
ISIC iteration 397/800 : Query Acc = 33.33, Avg Acc = 40.07% +- 0.86%
ISIC iteration 398/800 : Query Acc = 45.33, Avg Acc = 40.09% +- 0.86%
ISIC iteration 399/800 : Query Acc = 36.00, Avg Acc = 40.08% +- 0.85%
ISIC iteration 400/800 : Query Acc = 37.33, Avg Acc = 40.07% +- 0.85%
ISIC | 400 / 800 Acc = 40.07% +- 0.85%
ISIC iteration 401/800 : Query Acc = 44.00, Avg Acc = 40.08% +- 0.85%
ISIC iteration 402/800 : Query Acc = 30.67, Avg Acc = 40.06% +- 0.85%
ISIC iteration 403/800 : Query Acc = 34.67, Avg Acc = 40.04% +- 0.85%
ISIC iteration 404/800 : Query Acc = 26.67, Avg Acc = 40.01% +- 0.85%
ISIC iteration 405/800 : Query Acc = 38.67, Avg Acc = 40.01% +- 0.85%
ISIC iteration 406/800 : Query Acc = 37.33, Avg Acc = 40.00% +- 0.84%
ISIC iteration 407/800 : Query Acc = 45.33, Avg Acc = 40.01% +- 0.84%
ISIC iteration 408/800 : Query Acc = 44.00, Avg Acc = 40.02% +- 0.84%
ISIC iteration 409/800 : Query Acc = 40.00, Avg Acc = 40.02% +- 0.84%
ISIC iteration 410/800 : Query Acc = 46.67, Avg Acc = 40.04% +- 0.84%
ISIC iteration 411/800 : Query Acc = 44.00, Avg Acc = 40.05% +- 0.84%
ISIC iteration 412/800 : Query Acc = 24.00, Avg Acc = 40.01% +- 0.84%
ISIC iteration 413/800 : Query Acc = 45.33, Avg Acc = 40.02% +- 0.83%
ISIC iteration 414/800 : Query Acc = 61.33, Avg Acc = 40.07% +- 0.84%
ISIC iteration 415/800 : Query Acc = 48.00, Avg Acc = 40.09% +- 0.84%
ISIC iteration 416/800 : Query Acc = 22.67, Avg Acc = 40.05% +- 0.84%
ISIC iteration 417/800 : Query Acc = 29.33, Avg Acc = 40.03% +- 0.84%
ISIC iteration 418/800 : Query Acc = 48.00, Avg Acc = 40.04% +- 0.84%
ISIC iteration 419/800 : Query Acc = 49.33, Avg Acc = 40.07% +- 0.84%
ISIC iteration 420/800 : Query Acc = 38.67, Avg Acc = 40.06% +- 0.84%
ISIC iteration 421/800 : Query Acc = 37.33, Avg Acc = 40.06% +- 0.83%
ISIC iteration 422/800 : Query Acc = 28.00, Avg Acc = 40.03% +- 0.83%
ISIC iteration 423/800 : Query Acc = 44.00, Avg Acc = 40.04% +- 0.83%
ISIC iteration 424/800 : Query Acc = 48.00, Avg Acc = 40.06% +- 0.83%
ISIC iteration 425/800 : Query Acc = 49.33, Avg Acc = 40.08% +- 0.83%
ISIC iteration 426/800 : Query Acc = 37.33, Avg Acc = 40.07% +- 0.83%
ISIC iteration 427/800 : Query Acc = 46.67, Avg Acc = 40.09% +- 0.83%
ISIC iteration 428/800 : Query Acc = 44.00, Avg Acc = 40.10% +- 0.82%
ISIC iteration 429/800 : Query Acc = 38.67, Avg Acc = 40.09% +- 0.82%
ISIC iteration 430/800 : Query Acc = 48.00, Avg Acc = 40.11% +- 0.82%
ISIC iteration 431/800 : Query Acc = 54.67, Avg Acc = 40.15% +- 0.82%
ISIC iteration 432/800 : Query Acc = 37.33, Avg Acc = 40.14% +- 0.82%
ISIC iteration 433/800 : Query Acc = 49.33, Avg Acc = 40.16% +- 0.82%
ISIC iteration 434/800 : Query Acc = 37.33, Avg Acc = 40.15% +- 0.82%
ISIC iteration 435/800 : Query Acc = 52.00, Avg Acc = 40.18% +- 0.82%
ISIC iteration 436/800 : Query Acc = 33.33, Avg Acc = 40.16% +- 0.82%
ISIC iteration 437/800 : Query Acc = 45.33, Avg Acc = 40.18% +- 0.81%
ISIC iteration 438/800 : Query Acc = 34.67, Avg Acc = 40.16% +- 0.81%
ISIC iteration 439/800 : Query Acc = 28.00, Avg Acc = 40.14% +- 0.81%
ISIC iteration 440/800 : Query Acc = 52.00, Avg Acc = 40.16% +- 0.81%
ISIC iteration 441/800 : Query Acc = 41.33, Avg Acc = 40.17% +- 0.81%
ISIC iteration 442/800 : Query Acc = 37.33, Avg Acc = 40.16% +- 0.81%
ISIC iteration 443/800 : Query Acc = 49.33, Avg Acc = 40.18% +- 0.81%
ISIC iteration 444/800 : Query Acc = 33.33, Avg Acc = 40.16% +- 0.81%
ISIC iteration 445/800 : Query Acc = 56.00, Avg Acc = 40.20% +- 0.81%
ISIC iteration 446/800 : Query Acc = 46.67, Avg Acc = 40.21% +- 0.81%
ISIC iteration 447/800 : Query Acc = 32.00, Avg Acc = 40.20% +- 0.81%
ISIC iteration 448/800 : Query Acc = 25.33, Avg Acc = 40.16% +- 0.81%
ISIC iteration 449/800 : Query Acc = 37.33, Avg Acc = 40.16% +- 0.81%
ISIC iteration 450/800 : Query Acc = 29.33, Avg Acc = 40.13% +- 0.81%
ISIC iteration 451/800 : Query Acc = 34.67, Avg Acc = 40.12% +- 0.80%
ISIC iteration 452/800 : Query Acc = 29.33, Avg Acc = 40.10% +- 0.80%
ISIC iteration 453/800 : Query Acc = 52.00, Avg Acc = 40.12% +- 0.80%
ISIC iteration 454/800 : Query Acc = 36.00, Avg Acc = 40.11% +- 0.80%
ISIC iteration 455/800 : Query Acc = 33.33, Avg Acc = 40.10% +- 0.80%
ISIC iteration 456/800 : Query Acc = 40.00, Avg Acc = 40.10% +- 0.80%
ISIC iteration 457/800 : Query Acc = 33.33, Avg Acc = 40.08% +- 0.80%
ISIC iteration 458/800 : Query Acc = 52.00, Avg Acc = 40.11% +- 0.80%
ISIC iteration 459/800 : Query Acc = 49.33, Avg Acc = 40.13% +- 0.80%
ISIC iteration 460/800 : Query Acc = 48.00, Avg Acc = 40.15% +- 0.80%
ISIC iteration 461/800 : Query Acc = 50.67, Avg Acc = 40.17% +- 0.80%
ISIC iteration 462/800 : Query Acc = 25.33, Avg Acc = 40.14% +- 0.80%
ISIC iteration 463/800 : Query Acc = 40.00, Avg Acc = 40.14% +- 0.79%
ISIC iteration 464/800 : Query Acc = 48.00, Avg Acc = 40.15% +- 0.79%
ISIC iteration 465/800 : Query Acc = 38.67, Avg Acc = 40.15% +- 0.79%
ISIC iteration 466/800 : Query Acc = 34.67, Avg Acc = 40.14% +- 0.79%
ISIC iteration 467/800 : Query Acc = 54.67, Avg Acc = 40.17% +- 0.79%
ISIC iteration 468/800 : Query Acc = 20.00, Avg Acc = 40.13% +- 0.79%
ISIC iteration 469/800 : Query Acc = 38.67, Avg Acc = 40.12% +- 0.79%
ISIC iteration 470/800 : Query Acc = 24.00, Avg Acc = 40.09% +- 0.79%
ISIC iteration 471/800 : Query Acc = 46.67, Avg Acc = 40.10% +- 0.79%
ISIC iteration 472/800 : Query Acc = 29.33, Avg Acc = 40.08% +- 0.79%
ISIC iteration 473/800 : Query Acc = 54.67, Avg Acc = 40.11% +- 0.79%
ISIC iteration 474/800 : Query Acc = 41.33, Avg Acc = 40.12% +- 0.79%
ISIC iteration 475/800 : Query Acc = 34.67, Avg Acc = 40.10% +- 0.79%
ISIC iteration 476/800 : Query Acc = 48.00, Avg Acc = 40.12% +- 0.79%
ISIC iteration 477/800 : Query Acc = 52.00, Avg Acc = 40.15% +- 0.79%
ISIC iteration 478/800 : Query Acc = 45.33, Avg Acc = 40.16% +- 0.79%
ISIC iteration 479/800 : Query Acc = 49.33, Avg Acc = 40.17% +- 0.79%
ISIC iteration 480/800 : Query Acc = 38.67, Avg Acc = 40.17% +- 0.78%
ISIC iteration 481/800 : Query Acc = 38.67, Avg Acc = 40.17% +- 0.78%
ISIC iteration 482/800 : Query Acc = 29.33, Avg Acc = 40.15% +- 0.78%
ISIC iteration 483/800 : Query Acc = 36.00, Avg Acc = 40.14% +- 0.78%
ISIC iteration 484/800 : Query Acc = 36.00, Avg Acc = 40.13% +- 0.78%
ISIC iteration 485/800 : Query Acc = 44.00, Avg Acc = 40.14% +- 0.78%
ISIC iteration 486/800 : Query Acc = 28.00, Avg Acc = 40.11% +- 0.78%
ISIC iteration 487/800 : Query Acc = 40.00, Avg Acc = 40.11% +- 0.78%
ISIC iteration 488/800 : Query Acc = 22.67, Avg Acc = 40.08% +- 0.78%
ISIC iteration 489/800 : Query Acc = 44.00, Avg Acc = 40.08% +- 0.78%
ISIC iteration 490/800 : Query Acc = 40.00, Avg Acc = 40.08% +- 0.77%
ISIC iteration 491/800 : Query Acc = 54.67, Avg Acc = 40.11% +- 0.78%
ISIC iteration 492/800 : Query Acc = 46.67, Avg Acc = 40.13% +- 0.77%
ISIC iteration 493/800 : Query Acc = 44.00, Avg Acc = 40.13% +- 0.77%
ISIC iteration 494/800 : Query Acc = 49.33, Avg Acc = 40.15% +- 0.77%
ISIC iteration 495/800 : Query Acc = 26.67, Avg Acc = 40.13% +- 0.77%
ISIC iteration 496/800 : Query Acc = 46.67, Avg Acc = 40.14% +- 0.77%
ISIC iteration 497/800 : Query Acc = 38.67, Avg Acc = 40.14% +- 0.77%
ISIC iteration 498/800 : Query Acc = 30.67, Avg Acc = 40.12% +- 0.77%
ISIC iteration 499/800 : Query Acc = 34.67, Avg Acc = 40.11% +- 0.77%
ISIC iteration 500/800 : Query Acc = 42.67, Avg Acc = 40.11% +- 0.77%
ISIC | 500 / 800 Acc = 40.11% +- 0.77%
ISIC iteration 501/800 : Query Acc = 54.67, Avg Acc = 40.14% +- 0.77%
ISIC iteration 502/800 : Query Acc = 40.00, Avg Acc = 40.14% +- 0.77%
ISIC iteration 503/800 : Query Acc = 40.00, Avg Acc = 40.14% +- 0.76%
ISIC iteration 504/800 : Query Acc = 30.67, Avg Acc = 40.12% +- 0.76%
ISIC iteration 505/800 : Query Acc = 46.67, Avg Acc = 40.13% +- 0.76%
ISIC iteration 506/800 : Query Acc = 48.00, Avg Acc = 40.15% +- 0.76%
ISIC iteration 507/800 : Query Acc = 30.67, Avg Acc = 40.13% +- 0.76%
ISIC iteration 508/800 : Query Acc = 36.00, Avg Acc = 40.12% +- 0.76%
ISIC iteration 509/800 : Query Acc = 36.00, Avg Acc = 40.12% +- 0.76%
ISIC iteration 510/800 : Query Acc = 41.33, Avg Acc = 40.12% +- 0.76%
ISIC iteration 511/800 : Query Acc = 54.67, Avg Acc = 40.15% +- 0.76%
ISIC iteration 512/800 : Query Acc = 45.33, Avg Acc = 40.16% +- 0.76%
ISIC iteration 513/800 : Query Acc = 40.00, Avg Acc = 40.16% +- 0.75%
ISIC iteration 514/800 : Query Acc = 21.33, Avg Acc = 40.12% +- 0.76%
ISIC iteration 515/800 : Query Acc = 37.33, Avg Acc = 40.11% +- 0.75%
ISIC iteration 516/800 : Query Acc = 21.33, Avg Acc = 40.08% +- 0.76%
ISIC iteration 517/800 : Query Acc = 50.67, Avg Acc = 40.10% +- 0.76%
ISIC iteration 518/800 : Query Acc = 33.33, Avg Acc = 40.08% +- 0.76%
ISIC iteration 519/800 : Query Acc = 38.67, Avg Acc = 40.08% +- 0.75%
ISIC iteration 520/800 : Query Acc = 41.33, Avg Acc = 40.08% +- 0.75%
ISIC iteration 521/800 : Query Acc = 40.00, Avg Acc = 40.08% +- 0.75%
ISIC iteration 522/800 : Query Acc = 26.67, Avg Acc = 40.06% +- 0.75%
ISIC iteration 523/800 : Query Acc = 45.33, Avg Acc = 40.07% +- 0.75%
ISIC iteration 524/800 : Query Acc = 54.67, Avg Acc = 40.10% +- 0.75%
ISIC iteration 525/800 : Query Acc = 46.67, Avg Acc = 40.11% +- 0.75%
ISIC iteration 526/800 : Query Acc = 49.33, Avg Acc = 40.13% +- 0.75%
ISIC iteration 527/800 : Query Acc = 54.67, Avg Acc = 40.15% +- 0.75%
ISIC iteration 528/800 : Query Acc = 41.33, Avg Acc = 40.16% +- 0.75%
ISIC iteration 529/800 : Query Acc = 41.33, Avg Acc = 40.16% +- 0.75%
ISIC iteration 530/800 : Query Acc = 44.00, Avg Acc = 40.17% +- 0.75%
ISIC iteration 531/800 : Query Acc = 46.67, Avg Acc = 40.18% +- 0.74%
ISIC iteration 532/800 : Query Acc = 41.33, Avg Acc = 40.18% +- 0.74%
ISIC iteration 533/800 : Query Acc = 48.00, Avg Acc = 40.19% +- 0.74%
ISIC iteration 534/800 : Query Acc = 54.67, Avg Acc = 40.22% +- 0.74%
ISIC iteration 535/800 : Query Acc = 29.33, Avg Acc = 40.20% +- 0.74%
ISIC iteration 536/800 : Query Acc = 38.67, Avg Acc = 40.20% +- 0.74%
ISIC iteration 537/800 : Query Acc = 30.67, Avg Acc = 40.18% +- 0.74%
ISIC iteration 538/800 : Query Acc = 37.33, Avg Acc = 40.18% +- 0.74%
ISIC iteration 539/800 : Query Acc = 28.00, Avg Acc = 40.15% +- 0.74%
ISIC iteration 540/800 : Query Acc = 45.33, Avg Acc = 40.16% +- 0.74%
ISIC iteration 541/800 : Query Acc = 24.00, Avg Acc = 40.13% +- 0.74%
ISIC iteration 542/800 : Query Acc = 26.67, Avg Acc = 40.11% +- 0.74%
ISIC iteration 543/800 : Query Acc = 28.00, Avg Acc = 40.09% +- 0.74%
ISIC iteration 544/800 : Query Acc = 53.33, Avg Acc = 40.11% +- 0.74%
ISIC iteration 545/800 : Query Acc = 36.00, Avg Acc = 40.10% +- 0.74%
ISIC iteration 546/800 : Query Acc = 44.00, Avg Acc = 40.11% +- 0.74%
ISIC iteration 547/800 : Query Acc = 33.33, Avg Acc = 40.10% +- 0.74%
ISIC iteration 548/800 : Query Acc = 45.33, Avg Acc = 40.11% +- 0.73%
ISIC iteration 549/800 : Query Acc = 54.67, Avg Acc = 40.13% +- 0.74%
ISIC iteration 550/800 : Query Acc = 62.67, Avg Acc = 40.17% +- 0.74%
ISIC iteration 551/800 : Query Acc = 34.67, Avg Acc = 40.16% +- 0.74%
ISIC iteration 552/800 : Query Acc = 56.00, Avg Acc = 40.19% +- 0.74%
ISIC iteration 553/800 : Query Acc = 32.00, Avg Acc = 40.18% +- 0.74%
ISIC iteration 554/800 : Query Acc = 54.67, Avg Acc = 40.20% +- 0.74%
ISIC iteration 555/800 : Query Acc = 46.67, Avg Acc = 40.22% +- 0.74%
ISIC iteration 556/800 : Query Acc = 32.00, Avg Acc = 40.20% +- 0.74%
ISIC iteration 557/800 : Query Acc = 32.00, Avg Acc = 40.19% +- 0.74%
ISIC iteration 558/800 : Query Acc = 38.67, Avg Acc = 40.18% +- 0.73%
ISIC iteration 559/800 : Query Acc = 48.00, Avg Acc = 40.20% +- 0.73%
ISIC iteration 560/800 : Query Acc = 52.00, Avg Acc = 40.22% +- 0.73%
ISIC iteration 561/800 : Query Acc = 38.67, Avg Acc = 40.22% +- 0.73%
ISIC iteration 562/800 : Query Acc = 46.67, Avg Acc = 40.23% +- 0.73%
ISIC iteration 563/800 : Query Acc = 44.00, Avg Acc = 40.23% +- 0.73%
ISIC iteration 564/800 : Query Acc = 50.67, Avg Acc = 40.25% +- 0.73%
ISIC iteration 565/800 : Query Acc = 33.33, Avg Acc = 40.24% +- 0.73%
ISIC iteration 566/800 : Query Acc = 40.00, Avg Acc = 40.24% +- 0.73%
ISIC iteration 567/800 : Query Acc = 41.33, Avg Acc = 40.24% +- 0.73%
ISIC iteration 568/800 : Query Acc = 26.67, Avg Acc = 40.22% +- 0.73%
ISIC iteration 569/800 : Query Acc = 48.00, Avg Acc = 40.23% +- 0.73%
ISIC iteration 570/800 : Query Acc = 49.33, Avg Acc = 40.25% +- 0.72%
ISIC iteration 571/800 : Query Acc = 42.67, Avg Acc = 40.25% +- 0.72%
ISIC iteration 572/800 : Query Acc = 50.67, Avg Acc = 40.27% +- 0.72%
ISIC iteration 573/800 : Query Acc = 40.00, Avg Acc = 40.27% +- 0.72%
ISIC iteration 574/800 : Query Acc = 44.00, Avg Acc = 40.28% +- 0.72%
ISIC iteration 575/800 : Query Acc = 45.33, Avg Acc = 40.28% +- 0.72%
ISIC iteration 576/800 : Query Acc = 36.00, Avg Acc = 40.28% +- 0.72%
ISIC iteration 577/800 : Query Acc = 34.67, Avg Acc = 40.27% +- 0.72%
ISIC iteration 578/800 : Query Acc = 40.00, Avg Acc = 40.27% +- 0.72%
ISIC iteration 579/800 : Query Acc = 48.00, Avg Acc = 40.28% +- 0.72%
ISIC iteration 580/800 : Query Acc = 22.67, Avg Acc = 40.25% +- 0.72%
ISIC iteration 581/800 : Query Acc = 48.00, Avg Acc = 40.26% +- 0.72%
ISIC iteration 582/800 : Query Acc = 26.67, Avg Acc = 40.24% +- 0.72%
ISIC iteration 583/800 : Query Acc = 36.00, Avg Acc = 40.23% +- 0.72%
ISIC iteration 584/800 : Query Acc = 26.67, Avg Acc = 40.21% +- 0.72%
ISIC iteration 585/800 : Query Acc = 26.67, Avg Acc = 40.19% +- 0.72%
ISIC iteration 586/800 : Query Acc = 48.00, Avg Acc = 40.20% +- 0.71%
ISIC iteration 587/800 : Query Acc = 36.00, Avg Acc = 40.19% +- 0.71%
ISIC iteration 588/800 : Query Acc = 44.00, Avg Acc = 40.20% +- 0.71%
ISIC iteration 589/800 : Query Acc = 42.67, Avg Acc = 40.20% +- 0.71%
ISIC iteration 590/800 : Query Acc = 40.00, Avg Acc = 40.20% +- 0.71%
ISIC iteration 591/800 : Query Acc = 50.67, Avg Acc = 40.22% +- 0.71%
ISIC iteration 592/800 : Query Acc = 44.00, Avg Acc = 40.23% +- 0.71%
ISIC iteration 593/800 : Query Acc = 46.67, Avg Acc = 40.24% +- 0.71%
ISIC iteration 594/800 : Query Acc = 58.67, Avg Acc = 40.27% +- 0.71%
ISIC iteration 595/800 : Query Acc = 28.00, Avg Acc = 40.25% +- 0.71%
ISIC iteration 596/800 : Query Acc = 37.33, Avg Acc = 40.24% +- 0.71%
ISIC iteration 597/800 : Query Acc = 34.67, Avg Acc = 40.23% +- 0.71%
ISIC iteration 598/800 : Query Acc = 53.33, Avg Acc = 40.26% +- 0.71%
ISIC iteration 599/800 : Query Acc = 38.67, Avg Acc = 40.25% +- 0.71%
ISIC iteration 600/800 : Query Acc = 41.33, Avg Acc = 40.26% +- 0.71%
ISIC | 600 / 800 Acc = 40.26% +- 0.71%
ISIC iteration 601/800 : Query Acc = 53.33, Avg Acc = 40.28% +- 0.71%
ISIC iteration 602/800 : Query Acc = 45.33, Avg Acc = 40.29% +- 0.70%
ISIC iteration 603/800 : Query Acc = 56.00, Avg Acc = 40.31% +- 0.70%
ISIC iteration 604/800 : Query Acc = 32.00, Avg Acc = 40.30% +- 0.70%
ISIC iteration 605/800 : Query Acc = 49.33, Avg Acc = 40.31% +- 0.70%
ISIC iteration 606/800 : Query Acc = 50.67, Avg Acc = 40.33% +- 0.70%
ISIC iteration 607/800 : Query Acc = 52.00, Avg Acc = 40.35% +- 0.70%
ISIC iteration 608/800 : Query Acc = 22.67, Avg Acc = 40.32% +- 0.70%
ISIC iteration 609/800 : Query Acc = 53.33, Avg Acc = 40.34% +- 0.70%
ISIC iteration 610/800 : Query Acc = 48.00, Avg Acc = 40.35% +- 0.70%
ISIC iteration 611/800 : Query Acc = 58.67, Avg Acc = 40.38% +- 0.70%
ISIC iteration 612/800 : Query Acc = 32.00, Avg Acc = 40.37% +- 0.70%
ISIC iteration 613/800 : Query Acc = 53.33, Avg Acc = 40.39% +- 0.70%
ISIC iteration 614/800 : Query Acc = 29.33, Avg Acc = 40.37% +- 0.70%
ISIC iteration 615/800 : Query Acc = 36.00, Avg Acc = 40.37% +- 0.70%
ISIC iteration 616/800 : Query Acc = 42.67, Avg Acc = 40.37% +- 0.70%
ISIC iteration 617/800 : Query Acc = 28.00, Avg Acc = 40.35% +- 0.70%
ISIC iteration 618/800 : Query Acc = 28.00, Avg Acc = 40.33% +- 0.70%
ISIC iteration 619/800 : Query Acc = 44.00, Avg Acc = 40.34% +- 0.70%
ISIC iteration 620/800 : Query Acc = 45.33, Avg Acc = 40.34% +- 0.70%
ISIC iteration 621/800 : Query Acc = 46.67, Avg Acc = 40.35% +- 0.70%
ISIC iteration 622/800 : Query Acc = 46.67, Avg Acc = 40.36% +- 0.70%
ISIC iteration 623/800 : Query Acc = 30.67, Avg Acc = 40.35% +- 0.70%
ISIC iteration 624/800 : Query Acc = 40.00, Avg Acc = 40.35% +- 0.70%
ISIC iteration 625/800 : Query Acc = 52.00, Avg Acc = 40.37% +- 0.70%
ISIC iteration 626/800 : Query Acc = 33.33, Avg Acc = 40.36% +- 0.70%
ISIC iteration 627/800 : Query Acc = 53.33, Avg Acc = 40.38% +- 0.70%
ISIC iteration 628/800 : Query Acc = 36.00, Avg Acc = 40.37% +- 0.69%
ISIC iteration 629/800 : Query Acc = 41.33, Avg Acc = 40.37% +- 0.69%
ISIC iteration 630/800 : Query Acc = 32.00, Avg Acc = 40.36% +- 0.69%
ISIC iteration 631/800 : Query Acc = 40.00, Avg Acc = 40.36% +- 0.69%
ISIC iteration 632/800 : Query Acc = 62.67, Avg Acc = 40.39% +- 0.69%
ISIC iteration 633/800 : Query Acc = 46.67, Avg Acc = 40.40% +- 0.69%
ISIC iteration 634/800 : Query Acc = 26.67, Avg Acc = 40.38% +- 0.69%
ISIC iteration 635/800 : Query Acc = 38.67, Avg Acc = 40.38% +- 0.69%
ISIC iteration 636/800 : Query Acc = 33.33, Avg Acc = 40.37% +- 0.69%
ISIC iteration 637/800 : Query Acc = 45.33, Avg Acc = 40.37% +- 0.69%
ISIC iteration 638/800 : Query Acc = 42.67, Avg Acc = 40.38% +- 0.69%
ISIC iteration 639/800 : Query Acc = 54.67, Avg Acc = 40.40% +- 0.69%
ISIC iteration 640/800 : Query Acc = 38.67, Avg Acc = 40.40% +- 0.69%
ISIC iteration 641/800 : Query Acc = 33.33, Avg Acc = 40.39% +- 0.69%
ISIC iteration 642/800 : Query Acc = 45.33, Avg Acc = 40.39% +- 0.69%
ISIC iteration 643/800 : Query Acc = 37.33, Avg Acc = 40.39% +- 0.69%
ISIC iteration 644/800 : Query Acc = 40.00, Avg Acc = 40.39% +- 0.69%
ISIC iteration 645/800 : Query Acc = 45.33, Avg Acc = 40.40% +- 0.68%
ISIC iteration 646/800 : Query Acc = 38.67, Avg Acc = 40.39% +- 0.68%
ISIC iteration 647/800 : Query Acc = 54.67, Avg Acc = 40.42% +- 0.68%
ISIC iteration 648/800 : Query Acc = 32.00, Avg Acc = 40.40% +- 0.68%
ISIC iteration 649/800 : Query Acc = 56.00, Avg Acc = 40.43% +- 0.68%
ISIC iteration 650/800 : Query Acc = 49.33, Avg Acc = 40.44% +- 0.68%
ISIC iteration 651/800 : Query Acc = 45.33, Avg Acc = 40.45% +- 0.68%
ISIC iteration 652/800 : Query Acc = 54.67, Avg Acc = 40.47% +- 0.68%
ISIC iteration 653/800 : Query Acc = 42.67, Avg Acc = 40.47% +- 0.68%
ISIC iteration 654/800 : Query Acc = 46.67, Avg Acc = 40.48% +- 0.68%
ISIC iteration 655/800 : Query Acc = 46.67, Avg Acc = 40.49% +- 0.68%
ISIC iteration 656/800 : Query Acc = 45.33, Avg Acc = 40.50% +- 0.68%
ISIC iteration 657/800 : Query Acc = 64.00, Avg Acc = 40.53% +- 0.68%
ISIC iteration 658/800 : Query Acc = 29.33, Avg Acc = 40.52% +- 0.68%
ISIC iteration 659/800 : Query Acc = 34.67, Avg Acc = 40.51% +- 0.68%
ISIC iteration 660/800 : Query Acc = 37.33, Avg Acc = 40.50% +- 0.68%
ISIC iteration 661/800 : Query Acc = 28.00, Avg Acc = 40.49% +- 0.68%
ISIC iteration 662/800 : Query Acc = 44.00, Avg Acc = 40.49% +- 0.68%
ISIC iteration 663/800 : Query Acc = 28.00, Avg Acc = 40.47% +- 0.68%
ISIC iteration 664/800 : Query Acc = 45.33, Avg Acc = 40.48% +- 0.68%
ISIC iteration 665/800 : Query Acc = 32.00, Avg Acc = 40.47% +- 0.68%
ISIC iteration 666/800 : Query Acc = 41.33, Avg Acc = 40.47% +- 0.68%
ISIC iteration 667/800 : Query Acc = 42.67, Avg Acc = 40.47% +- 0.68%
ISIC iteration 668/800 : Query Acc = 56.00, Avg Acc = 40.49% +- 0.68%
ISIC iteration 669/800 : Query Acc = 38.67, Avg Acc = 40.49% +- 0.67%
ISIC iteration 670/800 : Query Acc = 32.00, Avg Acc = 40.48% +- 0.67%
ISIC iteration 671/800 : Query Acc = 40.00, Avg Acc = 40.48% +- 0.67%
ISIC iteration 672/800 : Query Acc = 22.67, Avg Acc = 40.45% +- 0.67%
ISIC iteration 673/800 : Query Acc = 41.33, Avg Acc = 40.45% +- 0.67%
ISIC iteration 674/800 : Query Acc = 54.67, Avg Acc = 40.47% +- 0.67%
ISIC iteration 675/800 : Query Acc = 26.67, Avg Acc = 40.45% +- 0.67%
ISIC iteration 676/800 : Query Acc = 37.33, Avg Acc = 40.45% +- 0.67%
ISIC iteration 677/800 : Query Acc = 46.67, Avg Acc = 40.46% +- 0.67%
ISIC iteration 678/800 : Query Acc = 44.00, Avg Acc = 40.46% +- 0.67%
ISIC iteration 679/800 : Query Acc = 48.00, Avg Acc = 40.47% +- 0.67%
ISIC iteration 680/800 : Query Acc = 38.67, Avg Acc = 40.47% +- 0.67%
ISIC iteration 681/800 : Query Acc = 33.33, Avg Acc = 40.46% +- 0.67%
ISIC iteration 682/800 : Query Acc = 42.67, Avg Acc = 40.46% +- 0.67%
ISIC iteration 683/800 : Query Acc = 34.67, Avg Acc = 40.46% +- 0.67%
ISIC iteration 684/800 : Query Acc = 30.67, Avg Acc = 40.44% +- 0.67%
ISIC iteration 685/800 : Query Acc = 30.67, Avg Acc = 40.43% +- 0.67%
ISIC iteration 686/800 : Query Acc = 42.67, Avg Acc = 40.43% +- 0.67%
ISIC iteration 687/800 : Query Acc = 29.33, Avg Acc = 40.41% +- 0.67%
ISIC iteration 688/800 : Query Acc = 30.67, Avg Acc = 40.40% +- 0.66%
ISIC iteration 689/800 : Query Acc = 34.67, Avg Acc = 40.39% +- 0.66%
ISIC iteration 690/800 : Query Acc = 38.67, Avg Acc = 40.39% +- 0.66%
ISIC iteration 691/800 : Query Acc = 21.33, Avg Acc = 40.36% +- 0.66%
ISIC iteration 692/800 : Query Acc = 25.33, Avg Acc = 40.34% +- 0.66%
ISIC iteration 693/800 : Query Acc = 28.00, Avg Acc = 40.32% +- 0.66%
ISIC iteration 694/800 : Query Acc = 46.67, Avg Acc = 40.33% +- 0.66%
ISIC iteration 695/800 : Query Acc = 41.33, Avg Acc = 40.33% +- 0.66%
ISIC iteration 696/800 : Query Acc = 45.33, Avg Acc = 40.34% +- 0.66%
ISIC iteration 697/800 : Query Acc = 28.00, Avg Acc = 40.32% +- 0.66%
ISIC iteration 698/800 : Query Acc = 45.33, Avg Acc = 40.33% +- 0.66%
ISIC iteration 699/800 : Query Acc = 29.33, Avg Acc = 40.31% +- 0.66%
ISIC iteration 700/800 : Query Acc = 37.33, Avg Acc = 40.31% +- 0.66%
ISIC | 700 / 800 Acc = 40.31% +- 0.66%
ISIC iteration 701/800 : Query Acc = 36.00, Avg Acc = 40.30% +- 0.66%
ISIC iteration 702/800 : Query Acc = 37.33, Avg Acc = 40.30% +- 0.66%
ISIC iteration 703/800 : Query Acc = 54.67, Avg Acc = 40.32% +- 0.66%
ISIC iteration 704/800 : Query Acc = 48.00, Avg Acc = 40.33% +- 0.66%
ISIC iteration 705/800 : Query Acc = 45.33, Avg Acc = 40.34% +- 0.66%
ISIC iteration 706/800 : Query Acc = 17.33, Avg Acc = 40.31% +- 0.66%
ISIC iteration 707/800 : Query Acc = 34.67, Avg Acc = 40.30% +- 0.66%
ISIC iteration 708/800 : Query Acc = 26.67, Avg Acc = 40.28% +- 0.66%
ISIC iteration 709/800 : Query Acc = 37.33, Avg Acc = 40.27% +- 0.66%
ISIC iteration 710/800 : Query Acc = 49.33, Avg Acc = 40.29% +- 0.66%
ISIC iteration 711/800 : Query Acc = 37.33, Avg Acc = 40.28% +- 0.66%
ISIC iteration 712/800 : Query Acc = 28.00, Avg Acc = 40.27% +- 0.66%
ISIC iteration 713/800 : Query Acc = 46.67, Avg Acc = 40.27% +- 0.66%
ISIC iteration 714/800 : Query Acc = 41.33, Avg Acc = 40.28% +- 0.66%
ISIC iteration 715/800 : Query Acc = 28.00, Avg Acc = 40.26% +- 0.66%
ISIC iteration 716/800 : Query Acc = 34.67, Avg Acc = 40.25% +- 0.65%
ISIC iteration 717/800 : Query Acc = 48.00, Avg Acc = 40.26% +- 0.65%
ISIC iteration 718/800 : Query Acc = 38.67, Avg Acc = 40.26% +- 0.65%
ISIC iteration 719/800 : Query Acc = 41.33, Avg Acc = 40.26% +- 0.65%
ISIC iteration 720/800 : Query Acc = 46.67, Avg Acc = 40.27% +- 0.65%
ISIC iteration 721/800 : Query Acc = 34.67, Avg Acc = 40.26% +- 0.65%
ISIC iteration 722/800 : Query Acc = 57.33, Avg Acc = 40.29% +- 0.65%
ISIC iteration 723/800 : Query Acc = 41.33, Avg Acc = 40.29% +- 0.65%
ISIC iteration 724/800 : Query Acc = 25.33, Avg Acc = 40.27% +- 0.65%
ISIC iteration 725/800 : Query Acc = 37.33, Avg Acc = 40.26% +- 0.65%
ISIC iteration 726/800 : Query Acc = 36.00, Avg Acc = 40.26% +- 0.65%
ISIC iteration 727/800 : Query Acc = 34.67, Avg Acc = 40.25% +- 0.65%
ISIC iteration 728/800 : Query Acc = 42.67, Avg Acc = 40.25% +- 0.65%
ISIC iteration 729/800 : Query Acc = 45.33, Avg Acc = 40.26% +- 0.65%
ISIC iteration 730/800 : Query Acc = 37.33, Avg Acc = 40.26% +- 0.65%
ISIC iteration 731/800 : Query Acc = 44.00, Avg Acc = 40.26% +- 0.65%
ISIC iteration 732/800 : Query Acc = 38.67, Avg Acc = 40.26% +- 0.64%
ISIC iteration 733/800 : Query Acc = 42.67, Avg Acc = 40.26% +- 0.64%
ISIC iteration 734/800 : Query Acc = 37.33, Avg Acc = 40.26% +- 0.64%
ISIC iteration 735/800 : Query Acc = 36.00, Avg Acc = 40.25% +- 0.64%
ISIC iteration 736/800 : Query Acc = 36.00, Avg Acc = 40.25% +- 0.64%
ISIC iteration 737/800 : Query Acc = 33.33, Avg Acc = 40.24% +- 0.64%
ISIC iteration 738/800 : Query Acc = 32.00, Avg Acc = 40.23% +- 0.64%
ISIC iteration 739/800 : Query Acc = 42.67, Avg Acc = 40.23% +- 0.64%
ISIC iteration 740/800 : Query Acc = 26.67, Avg Acc = 40.21% +- 0.64%
ISIC iteration 741/800 : Query Acc = 53.33, Avg Acc = 40.23% +- 0.64%
ISIC iteration 742/800 : Query Acc = 37.33, Avg Acc = 40.22% +- 0.64%
ISIC iteration 743/800 : Query Acc = 30.67, Avg Acc = 40.21% +- 0.64%
ISIC iteration 744/800 : Query Acc = 40.00, Avg Acc = 40.21% +- 0.64%
ISIC iteration 745/800 : Query Acc = 36.00, Avg Acc = 40.21% +- 0.64%
ISIC iteration 746/800 : Query Acc = 46.67, Avg Acc = 40.21% +- 0.64%
ISIC iteration 747/800 : Query Acc = 48.00, Avg Acc = 40.22% +- 0.64%
ISIC iteration 748/800 : Query Acc = 33.33, Avg Acc = 40.22% +- 0.63%
ISIC iteration 749/800 : Query Acc = 30.67, Avg Acc = 40.20% +- 0.63%
ISIC iteration 750/800 : Query Acc = 42.67, Avg Acc = 40.21% +- 0.63%
ISIC iteration 751/800 : Query Acc = 49.33, Avg Acc = 40.22% +- 0.63%
ISIC iteration 752/800 : Query Acc = 38.67, Avg Acc = 40.22% +- 0.63%
ISIC iteration 753/800 : Query Acc = 37.33, Avg Acc = 40.21% +- 0.63%
ISIC iteration 754/800 : Query Acc = 44.00, Avg Acc = 40.22% +- 0.63%
ISIC iteration 755/800 : Query Acc = 50.67, Avg Acc = 40.23% +- 0.63%
ISIC iteration 756/800 : Query Acc = 44.00, Avg Acc = 40.24% +- 0.63%
ISIC iteration 757/800 : Query Acc = 38.67, Avg Acc = 40.23% +- 0.63%
ISIC iteration 758/800 : Query Acc = 45.33, Avg Acc = 40.24% +- 0.63%
ISIC iteration 759/800 : Query Acc = 60.00, Avg Acc = 40.27% +- 0.63%
ISIC iteration 760/800 : Query Acc = 29.33, Avg Acc = 40.25% +- 0.63%
ISIC iteration 761/800 : Query Acc = 50.67, Avg Acc = 40.27% +- 0.63%
ISIC iteration 762/800 : Query Acc = 24.00, Avg Acc = 40.24% +- 0.63%
ISIC iteration 763/800 : Query Acc = 53.33, Avg Acc = 40.26% +- 0.63%
ISIC iteration 764/800 : Query Acc = 18.67, Avg Acc = 40.23% +- 0.63%
ISIC iteration 765/800 : Query Acc = 56.00, Avg Acc = 40.25% +- 0.63%
ISIC iteration 766/800 : Query Acc = 26.67, Avg Acc = 40.24% +- 0.63%
ISIC iteration 767/800 : Query Acc = 36.00, Avg Acc = 40.23% +- 0.63%
ISIC iteration 768/800 : Query Acc = 28.00, Avg Acc = 40.21% +- 0.63%
ISIC iteration 769/800 : Query Acc = 41.33, Avg Acc = 40.22% +- 0.63%
ISIC iteration 770/800 : Query Acc = 38.67, Avg Acc = 40.21% +- 0.63%
ISIC iteration 771/800 : Query Acc = 38.67, Avg Acc = 40.21% +- 0.63%
ISIC iteration 772/800 : Query Acc = 60.00, Avg Acc = 40.24% +- 0.63%
ISIC iteration 773/800 : Query Acc = 28.00, Avg Acc = 40.22% +- 0.63%
ISIC iteration 774/800 : Query Acc = 52.00, Avg Acc = 40.24% +- 0.63%
ISIC iteration 775/800 : Query Acc = 53.33, Avg Acc = 40.25% +- 0.63%
ISIC iteration 776/800 : Query Acc = 30.67, Avg Acc = 40.24% +- 0.63%
ISIC iteration 777/800 : Query Acc = 33.33, Avg Acc = 40.23% +- 0.63%
ISIC iteration 778/800 : Query Acc = 30.67, Avg Acc = 40.22% +- 0.63%
ISIC iteration 779/800 : Query Acc = 48.00, Avg Acc = 40.23% +- 0.63%
ISIC iteration 780/800 : Query Acc = 29.33, Avg Acc = 40.22% +- 0.63%
ISIC iteration 781/800 : Query Acc = 38.67, Avg Acc = 40.21% +- 0.63%
ISIC iteration 782/800 : Query Acc = 37.33, Avg Acc = 40.21% +- 0.63%
ISIC iteration 783/800 : Query Acc = 48.00, Avg Acc = 40.22% +- 0.63%
ISIC iteration 784/800 : Query Acc = 33.33, Avg Acc = 40.21% +- 0.63%
ISIC iteration 785/800 : Query Acc = 32.00, Avg Acc = 40.20% +- 0.62%
ISIC iteration 786/800 : Query Acc = 48.00, Avg Acc = 40.21% +- 0.62%
ISIC iteration 787/800 : Query Acc = 37.33, Avg Acc = 40.21% +- 0.62%
ISIC iteration 788/800 : Query Acc = 50.67, Avg Acc = 40.22% +- 0.62%
ISIC iteration 789/800 : Query Acc = 50.67, Avg Acc = 40.23% +- 0.62%
ISIC iteration 790/800 : Query Acc = 38.67, Avg Acc = 40.23% +- 0.62%
ISIC iteration 791/800 : Query Acc = 53.33, Avg Acc = 40.25% +- 0.62%
ISIC iteration 792/800 : Query Acc = 46.67, Avg Acc = 40.26% +- 0.62%
ISIC iteration 793/800 : Query Acc = 34.67, Avg Acc = 40.25% +- 0.62%
ISIC iteration 794/800 : Query Acc = 37.33, Avg Acc = 40.25% +- 0.62%
ISIC iteration 795/800 : Query Acc = 30.67, Avg Acc = 40.23% +- 0.62%
ISIC iteration 796/800 : Query Acc = 44.00, Avg Acc = 40.24% +- 0.62%
ISIC iteration 797/800 : Query Acc = 29.33, Avg Acc = 40.23% +- 0.62%
ISIC iteration 798/800 : Query Acc = 30.67, Avg Acc = 40.21% +- 0.62%
ISIC iteration 799/800 : Query Acc = 53.33, Avg Acc = 40.23% +- 0.62%
ISIC 800 Test Acc = 40.23% +- 0.62%
[DESC_CONFIRM ISIC 1shot] n = 800 個共同 episode（A 800、B 800）
[DESC_CONFIRM ISIC 1shot] A   37.86 ± 0.54   ISIC_1shot_base_seed1_n800.jsonl
[DESC_CONFIRM ISIC 1shot] B   40.23 ± 0.62   ISIC_1shot_desccat_seed1_n800.jsonl
[DESC_CONFIRM ISIC 1shot] B − A  +2.37 ± 0.43   CI 不含 0
>>> [ATHA 描述] ISIC 5-shot desconly seed=1 n=400  2026-10-08 05:28:56
set seed = 1
FineTune! 5 shots on ISIC dataset
類別描述：/home/ccoliu/FeatureSR/configs/class_descriptions.json（only）
ISIC iteration 0/400 : Query Acc = 65.33, Avg Acc = 65.33% +- 0.00%
ISIC | 0 / 400 Acc = 65.33% +- 0.00%
ISIC iteration 1/400 : Query Acc = 62.67, Avg Acc = 64.00% +- 1.85%
ISIC iteration 2/400 : Query Acc = 64.00, Avg Acc = 64.00% +- 1.23%
ISIC iteration 3/400 : Query Acc = 48.00, Avg Acc = 60.00% +- 6.85%
ISIC iteration 4/400 : Query Acc = 60.00, Avg Acc = 60.00% +- 5.48%
ISIC iteration 5/400 : Query Acc = 57.33, Avg Acc = 59.56% +- 4.64%
ISIC iteration 6/400 : Query Acc = 45.33, Avg Acc = 57.52% +- 5.42%
ISIC iteration 7/400 : Query Acc = 65.33, Avg Acc = 58.50% +- 5.07%
ISIC iteration 8/400 : Query Acc = 70.67, Avg Acc = 59.85% +- 5.15%
ISIC iteration 9/400 : Query Acc = 33.33, Avg Acc = 57.20% +- 6.77%
ISIC iteration 10/400 : Query Acc = 62.67, Avg Acc = 57.70% +- 6.22%
ISIC iteration 11/400 : Query Acc = 69.33, Avg Acc = 58.67% +- 5.99%
ISIC iteration 12/400 : Query Acc = 65.33, Avg Acc = 59.18% +- 5.61%
ISIC iteration 13/400 : Query Acc = 54.67, Avg Acc = 58.86% +- 5.25%
ISIC iteration 14/400 : Query Acc = 54.67, Avg Acc = 58.58% +- 4.92%
ISIC iteration 15/400 : Query Acc = 64.00, Avg Acc = 58.92% +- 4.66%
ISIC iteration 16/400 : Query Acc = 52.00, Avg Acc = 58.51% +- 4.45%
ISIC iteration 17/400 : Query Acc = 60.00, Avg Acc = 58.59% +- 4.21%
ISIC iteration 18/400 : Query Acc = 54.67, Avg Acc = 58.39% +- 4.01%
ISIC iteration 19/400 : Query Acc = 66.67, Avg Acc = 58.80% +- 3.89%
ISIC iteration 20/400 : Query Acc = 54.67, Avg Acc = 58.60% +- 3.72%
ISIC iteration 21/400 : Query Acc = 38.67, Avg Acc = 57.70% +- 3.95%
ISIC iteration 22/400 : Query Acc = 48.00, Avg Acc = 57.28% +- 3.87%
ISIC iteration 23/400 : Query Acc = 58.67, Avg Acc = 57.33% +- 3.71%
ISIC iteration 24/400 : Query Acc = 54.67, Avg Acc = 57.23% +- 3.57%
ISIC iteration 25/400 : Query Acc = 61.33, Avg Acc = 57.38% +- 3.44%
ISIC iteration 26/400 : Query Acc = 48.00, Avg Acc = 57.04% +- 3.38%
ISIC iteration 27/400 : Query Acc = 61.33, Avg Acc = 57.19% +- 3.27%
ISIC iteration 28/400 : Query Acc = 60.00, Avg Acc = 57.29% +- 3.17%
ISIC iteration 29/400 : Query Acc = 58.67, Avg Acc = 57.33% +- 3.06%
ISIC iteration 30/400 : Query Acc = 62.67, Avg Acc = 57.51% +- 2.98%
ISIC iteration 31/400 : Query Acc = 49.33, Avg Acc = 57.25% +- 2.93%
ISIC iteration 32/400 : Query Acc = 57.33, Avg Acc = 57.25% +- 2.84%
ISIC iteration 33/400 : Query Acc = 53.33, Avg Acc = 57.14% +- 2.77%
ISIC iteration 34/400 : Query Acc = 74.67, Avg Acc = 57.64% +- 2.86%
ISIC iteration 35/400 : Query Acc = 53.33, Avg Acc = 57.52% +- 2.79%
ISIC iteration 36/400 : Query Acc = 58.67, Avg Acc = 57.55% +- 2.71%
ISIC iteration 37/400 : Query Acc = 42.67, Avg Acc = 57.16% +- 2.75%
ISIC iteration 38/400 : Query Acc = 64.00, Avg Acc = 57.33% +- 2.70%
ISIC iteration 39/400 : Query Acc = 66.67, Avg Acc = 57.57% +- 2.67%
ISIC iteration 40/400 : Query Acc = 36.00, Avg Acc = 57.04% +- 2.80%
ISIC iteration 41/400 : Query Acc = 53.33, Avg Acc = 56.95% +- 2.74%
ISIC iteration 42/400 : Query Acc = 70.67, Avg Acc = 57.27% +- 2.74%
ISIC iteration 43/400 : Query Acc = 68.00, Avg Acc = 57.52% +- 2.72%
ISIC iteration 44/400 : Query Acc = 57.33, Avg Acc = 57.51% +- 2.66%
ISIC iteration 45/400 : Query Acc = 48.00, Avg Acc = 57.30% +- 2.63%
ISIC iteration 46/400 : Query Acc = 68.00, Avg Acc = 57.53% +- 2.62%
ISIC iteration 47/400 : Query Acc = 62.67, Avg Acc = 57.64% +- 2.57%
ISIC iteration 48/400 : Query Acc = 56.00, Avg Acc = 57.61% +- 2.52%
ISIC iteration 49/400 : Query Acc = 58.67, Avg Acc = 57.63% +- 2.47%
ISIC iteration 50/400 : Query Acc = 58.67, Avg Acc = 57.65% +- 2.42%
ISIC iteration 51/400 : Query Acc = 57.33, Avg Acc = 57.64% +- 2.37%
ISIC iteration 52/400 : Query Acc = 62.67, Avg Acc = 57.74% +- 2.34%
ISIC iteration 53/400 : Query Acc = 50.67, Avg Acc = 57.60% +- 2.31%
ISIC iteration 54/400 : Query Acc = 60.00, Avg Acc = 57.65% +- 2.27%
ISIC iteration 55/400 : Query Acc = 60.00, Avg Acc = 57.69% +- 2.23%
ISIC iteration 56/400 : Query Acc = 62.67, Avg Acc = 57.78% +- 2.19%
ISIC iteration 57/400 : Query Acc = 44.00, Avg Acc = 57.54% +- 2.21%
ISIC iteration 58/400 : Query Acc = 54.67, Avg Acc = 57.49% +- 2.17%
ISIC iteration 59/400 : Query Acc = 58.67, Avg Acc = 57.51% +- 2.13%
ISIC iteration 60/400 : Query Acc = 61.33, Avg Acc = 57.57% +- 2.10%
ISIC iteration 61/400 : Query Acc = 57.33, Avg Acc = 57.57% +- 2.07%
ISIC iteration 62/400 : Query Acc = 52.00, Avg Acc = 57.48% +- 2.04%
ISIC iteration 63/400 : Query Acc = 57.33, Avg Acc = 57.48% +- 2.01%
ISIC iteration 64/400 : Query Acc = 66.67, Avg Acc = 57.62% +- 2.00%
ISIC iteration 65/400 : Query Acc = 44.00, Avg Acc = 57.41% +- 2.01%
ISIC iteration 66/400 : Query Acc = 61.33, Avg Acc = 57.47% +- 1.98%
ISIC iteration 67/400 : Query Acc = 70.67, Avg Acc = 57.67% +- 1.99%
ISIC iteration 68/400 : Query Acc = 57.33, Avg Acc = 57.66% +- 1.96%
ISIC iteration 69/400 : Query Acc = 58.67, Avg Acc = 57.68% +- 1.93%
ISIC iteration 70/400 : Query Acc = 62.67, Avg Acc = 57.75% +- 1.91%
ISIC iteration 71/400 : Query Acc = 60.00, Avg Acc = 57.78% +- 1.89%
ISIC iteration 72/400 : Query Acc = 48.00, Avg Acc = 57.64% +- 1.88%
ISIC iteration 73/400 : Query Acc = 41.33, Avg Acc = 57.42% +- 1.90%
ISIC iteration 74/400 : Query Acc = 69.33, Avg Acc = 57.58% +- 1.90%
ISIC iteration 75/400 : Query Acc = 64.00, Avg Acc = 57.67% +- 1.88%
ISIC iteration 76/400 : Query Acc = 48.00, Avg Acc = 57.54% +- 1.88%
ISIC iteration 77/400 : Query Acc = 69.33, Avg Acc = 57.69% +- 1.87%
ISIC iteration 78/400 : Query Acc = 40.00, Avg Acc = 57.47% +- 1.90%
ISIC iteration 79/400 : Query Acc = 50.67, Avg Acc = 57.38% +- 1.88%
ISIC iteration 80/400 : Query Acc = 40.00, Avg Acc = 57.17% +- 1.91%
ISIC iteration 81/400 : Query Acc = 49.33, Avg Acc = 57.07% +- 1.89%
ISIC iteration 82/400 : Query Acc = 52.00, Avg Acc = 57.01% +- 1.87%
ISIC iteration 83/400 : Query Acc = 48.00, Avg Acc = 56.90% +- 1.86%
ISIC iteration 84/400 : Query Acc = 60.00, Avg Acc = 56.94% +- 1.84%
ISIC iteration 85/400 : Query Acc = 41.33, Avg Acc = 56.76% +- 1.86%
ISIC iteration 86/400 : Query Acc = 56.00, Avg Acc = 56.75% +- 1.83%
ISIC iteration 87/400 : Query Acc = 42.67, Avg Acc = 56.59% +- 1.84%
ISIC iteration 88/400 : Query Acc = 60.00, Avg Acc = 56.63% +- 1.82%
ISIC iteration 89/400 : Query Acc = 68.00, Avg Acc = 56.76% +- 1.82%
ISIC iteration 90/400 : Query Acc = 65.33, Avg Acc = 56.85% +- 1.81%
ISIC iteration 91/400 : Query Acc = 56.00, Avg Acc = 56.84% +- 1.79%
ISIC iteration 92/400 : Query Acc = 44.00, Avg Acc = 56.70% +- 1.79%
ISIC iteration 93/400 : Query Acc = 58.67, Avg Acc = 56.72% +- 1.77%
ISIC iteration 94/400 : Query Acc = 52.00, Avg Acc = 56.67% +- 1.75%
ISIC iteration 95/400 : Query Acc = 61.33, Avg Acc = 56.72% +- 1.74%
ISIC iteration 96/400 : Query Acc = 56.00, Avg Acc = 56.71% +- 1.72%
ISIC iteration 97/400 : Query Acc = 58.67, Avg Acc = 56.73% +- 1.70%
ISIC iteration 98/400 : Query Acc = 69.33, Avg Acc = 56.86% +- 1.70%
ISIC iteration 99/400 : Query Acc = 61.33, Avg Acc = 56.91% +- 1.69%
ISIC iteration 100/400 : Query Acc = 64.00, Avg Acc = 56.98% +- 1.68%
ISIC | 100 / 400 Acc = 56.98% +- 1.68%
ISIC iteration 101/400 : Query Acc = 65.33, Avg Acc = 57.06% +- 1.67%
ISIC iteration 102/400 : Query Acc = 53.33, Avg Acc = 57.02% +- 1.66%
ISIC iteration 103/400 : Query Acc = 42.67, Avg Acc = 56.88% +- 1.66%
ISIC iteration 104/400 : Query Acc = 64.00, Avg Acc = 56.95% +- 1.65%
ISIC iteration 105/400 : Query Acc = 53.33, Avg Acc = 56.92% +- 1.64%
ISIC iteration 106/400 : Query Acc = 58.67, Avg Acc = 56.93% +- 1.62%
ISIC iteration 107/400 : Query Acc = 53.33, Avg Acc = 56.90% +- 1.61%
ISIC iteration 108/400 : Query Acc = 48.00, Avg Acc = 56.82% +- 1.60%
ISIC iteration 109/400 : Query Acc = 56.00, Avg Acc = 56.81% +- 1.59%
ISIC iteration 110/400 : Query Acc = 48.00, Avg Acc = 56.73% +- 1.58%
ISIC iteration 111/400 : Query Acc = 53.33, Avg Acc = 56.70% +- 1.57%
ISIC iteration 112/400 : Query Acc = 40.00, Avg Acc = 56.55% +- 1.58%
ISIC iteration 113/400 : Query Acc = 53.33, Avg Acc = 56.53% +- 1.57%
ISIC iteration 114/400 : Query Acc = 61.33, Avg Acc = 56.57% +- 1.56%
ISIC iteration 115/400 : Query Acc = 48.00, Avg Acc = 56.49% +- 1.55%
ISIC iteration 116/400 : Query Acc = 58.67, Avg Acc = 56.51% +- 1.54%
ISIC iteration 117/400 : Query Acc = 42.67, Avg Acc = 56.40% +- 1.54%
ISIC iteration 118/400 : Query Acc = 62.67, Avg Acc = 56.45% +- 1.53%
ISIC iteration 119/400 : Query Acc = 70.67, Avg Acc = 56.57% +- 1.54%
ISIC iteration 120/400 : Query Acc = 62.67, Avg Acc = 56.62% +- 1.53%
ISIC iteration 121/400 : Query Acc = 64.00, Avg Acc = 56.68% +- 1.52%
ISIC iteration 122/400 : Query Acc = 42.67, Avg Acc = 56.56% +- 1.52%
ISIC iteration 123/400 : Query Acc = 57.33, Avg Acc = 56.57% +- 1.51%
ISIC iteration 124/400 : Query Acc = 52.00, Avg Acc = 56.53% +- 1.50%
ISIC iteration 125/400 : Query Acc = 60.00, Avg Acc = 56.56% +- 1.49%
ISIC iteration 126/400 : Query Acc = 58.67, Avg Acc = 56.58% +- 1.48%
ISIC iteration 127/400 : Query Acc = 54.67, Avg Acc = 56.56% +- 1.47%
ISIC iteration 128/400 : Query Acc = 56.00, Avg Acc = 56.56% +- 1.45%
ISIC iteration 129/400 : Query Acc = 62.67, Avg Acc = 56.61% +- 1.45%
ISIC iteration 130/400 : Query Acc = 53.33, Avg Acc = 56.58% +- 1.44%
ISIC iteration 131/400 : Query Acc = 61.33, Avg Acc = 56.62% +- 1.43%
ISIC iteration 132/400 : Query Acc = 50.67, Avg Acc = 56.57% +- 1.42%
ISIC iteration 133/400 : Query Acc = 57.33, Avg Acc = 56.58% +- 1.41%
ISIC iteration 134/400 : Query Acc = 54.67, Avg Acc = 56.56% +- 1.40%
ISIC iteration 135/400 : Query Acc = 65.33, Avg Acc = 56.63% +- 1.39%
ISIC iteration 136/400 : Query Acc = 64.00, Avg Acc = 56.68% +- 1.39%
ISIC iteration 137/400 : Query Acc = 58.67, Avg Acc = 56.70% +- 1.38%
ISIC iteration 138/400 : Query Acc = 49.33, Avg Acc = 56.64% +- 1.37%
ISIC iteration 139/400 : Query Acc = 53.33, Avg Acc = 56.62% +- 1.36%
ISIC iteration 140/400 : Query Acc = 46.67, Avg Acc = 56.55% +- 1.36%
ISIC iteration 141/400 : Query Acc = 65.33, Avg Acc = 56.61% +- 1.36%
ISIC iteration 142/400 : Query Acc = 50.67, Avg Acc = 56.57% +- 1.35%
ISIC iteration 143/400 : Query Acc = 64.00, Avg Acc = 56.62% +- 1.34%
ISIC iteration 144/400 : Query Acc = 58.67, Avg Acc = 56.63% +- 1.33%
ISIC iteration 145/400 : Query Acc = 53.33, Avg Acc = 56.61% +- 1.33%
ISIC iteration 146/400 : Query Acc = 54.67, Avg Acc = 56.60% +- 1.32%
ISIC iteration 147/400 : Query Acc = 40.00, Avg Acc = 56.49% +- 1.33%
ISIC iteration 148/400 : Query Acc = 53.33, Avg Acc = 56.47% +- 1.32%
ISIC iteration 149/400 : Query Acc = 56.00, Avg Acc = 56.46% +- 1.31%
ISIC iteration 150/400 : Query Acc = 48.00, Avg Acc = 56.41% +- 1.31%
ISIC iteration 151/400 : Query Acc = 54.67, Avg Acc = 56.39% +- 1.30%
ISIC iteration 152/400 : Query Acc = 64.00, Avg Acc = 56.44% +- 1.29%
ISIC iteration 153/400 : Query Acc = 41.33, Avg Acc = 56.35% +- 1.30%
ISIC iteration 154/400 : Query Acc = 52.00, Avg Acc = 56.32% +- 1.29%
ISIC iteration 155/400 : Query Acc = 62.67, Avg Acc = 56.36% +- 1.28%
ISIC iteration 156/400 : Query Acc = 50.67, Avg Acc = 56.32% +- 1.28%
ISIC iteration 157/400 : Query Acc = 66.67, Avg Acc = 56.39% +- 1.28%
ISIC iteration 158/400 : Query Acc = 65.33, Avg Acc = 56.44% +- 1.27%
ISIC iteration 159/400 : Query Acc = 46.67, Avg Acc = 56.38% +- 1.27%
ISIC iteration 160/400 : Query Acc = 53.33, Avg Acc = 56.36% +- 1.26%
ISIC iteration 161/400 : Query Acc = 52.00, Avg Acc = 56.34% +- 1.26%
ISIC iteration 162/400 : Query Acc = 69.33, Avg Acc = 56.42% +- 1.26%
ISIC iteration 163/400 : Query Acc = 52.00, Avg Acc = 56.39% +- 1.25%
ISIC iteration 164/400 : Query Acc = 36.00, Avg Acc = 56.27% +- 1.27%
ISIC iteration 165/400 : Query Acc = 44.00, Avg Acc = 56.19% +- 1.27%
ISIC iteration 166/400 : Query Acc = 65.33, Avg Acc = 56.25% +- 1.27%
ISIC iteration 167/400 : Query Acc = 68.00, Avg Acc = 56.32% +- 1.27%
ISIC iteration 168/400 : Query Acc = 45.33, Avg Acc = 56.25% +- 1.26%
ISIC iteration 169/400 : Query Acc = 50.67, Avg Acc = 56.22% +- 1.26%
ISIC iteration 170/400 : Query Acc = 50.67, Avg Acc = 56.19% +- 1.25%
ISIC iteration 171/400 : Query Acc = 56.00, Avg Acc = 56.19% +- 1.25%
ISIC iteration 172/400 : Query Acc = 62.67, Avg Acc = 56.22% +- 1.24%
ISIC iteration 173/400 : Query Acc = 64.00, Avg Acc = 56.27% +- 1.24%
ISIC iteration 174/400 : Query Acc = 53.33, Avg Acc = 56.25% +- 1.23%
ISIC iteration 175/400 : Query Acc = 62.67, Avg Acc = 56.29% +- 1.22%
ISIC iteration 176/400 : Query Acc = 48.00, Avg Acc = 56.24% +- 1.22%
ISIC iteration 177/400 : Query Acc = 54.67, Avg Acc = 56.23% +- 1.21%
ISIC iteration 178/400 : Query Acc = 58.67, Avg Acc = 56.25% +- 1.21%
ISIC iteration 179/400 : Query Acc = 56.00, Avg Acc = 56.24% +- 1.20%
ISIC iteration 180/400 : Query Acc = 52.00, Avg Acc = 56.22% +- 1.20%
ISIC iteration 181/400 : Query Acc = 64.00, Avg Acc = 56.26% +- 1.19%
ISIC iteration 182/400 : Query Acc = 65.33, Avg Acc = 56.31% +- 1.19%
ISIC iteration 183/400 : Query Acc = 58.67, Avg Acc = 56.33% +- 1.18%
ISIC iteration 184/400 : Query Acc = 41.33, Avg Acc = 56.25% +- 1.19%
ISIC iteration 185/400 : Query Acc = 69.33, Avg Acc = 56.32% +- 1.19%
ISIC iteration 186/400 : Query Acc = 45.33, Avg Acc = 56.26% +- 1.19%
ISIC iteration 187/400 : Query Acc = 48.00, Avg Acc = 56.21% +- 1.19%
ISIC iteration 188/400 : Query Acc = 48.00, Avg Acc = 56.17% +- 1.18%
ISIC iteration 189/400 : Query Acc = 64.00, Avg Acc = 56.21% +- 1.18%
ISIC iteration 190/400 : Query Acc = 60.00, Avg Acc = 56.23% +- 1.17%
ISIC iteration 191/400 : Query Acc = 65.33, Avg Acc = 56.28% +- 1.17%
ISIC iteration 192/400 : Query Acc = 60.00, Avg Acc = 56.30% +- 1.17%
ISIC iteration 193/400 : Query Acc = 56.00, Avg Acc = 56.30% +- 1.16%
ISIC iteration 194/400 : Query Acc = 42.67, Avg Acc = 56.23% +- 1.16%
ISIC iteration 195/400 : Query Acc = 58.67, Avg Acc = 56.24% +- 1.16%
ISIC iteration 196/400 : Query Acc = 58.67, Avg Acc = 56.25% +- 1.15%
ISIC iteration 197/400 : Query Acc = 38.67, Avg Acc = 56.16% +- 1.16%
ISIC iteration 198/400 : Query Acc = 69.33, Avg Acc = 56.23% +- 1.16%
ISIC iteration 199/400 : Query Acc = 62.67, Avg Acc = 56.26% +- 1.15%
ISIC iteration 200/400 : Query Acc = 53.33, Avg Acc = 56.25% +- 1.15%
ISIC | 200 / 400 Acc = 56.25% +- 1.15%
ISIC iteration 201/400 : Query Acc = 50.67, Avg Acc = 56.22% +- 1.14%
ISIC iteration 202/400 : Query Acc = 60.00, Avg Acc = 56.24% +- 1.14%
ISIC iteration 203/400 : Query Acc = 69.33, Avg Acc = 56.30% +- 1.14%
ISIC iteration 204/400 : Query Acc = 54.67, Avg Acc = 56.29% +- 1.14%
ISIC iteration 205/400 : Query Acc = 62.67, Avg Acc = 56.32% +- 1.13%
ISIC iteration 206/400 : Query Acc = 73.33, Avg Acc = 56.41% +- 1.14%
ISIC iteration 207/400 : Query Acc = 52.00, Avg Acc = 56.38% +- 1.13%
ISIC iteration 208/400 : Query Acc = 48.00, Avg Acc = 56.34% +- 1.13%
ISIC iteration 209/400 : Query Acc = 61.33, Avg Acc = 56.37% +- 1.13%
ISIC iteration 210/400 : Query Acc = 45.33, Avg Acc = 56.32% +- 1.13%
ISIC iteration 211/400 : Query Acc = 68.00, Avg Acc = 56.37% +- 1.12%
ISIC iteration 212/400 : Query Acc = 66.67, Avg Acc = 56.42% +- 1.12%
ISIC iteration 213/400 : Query Acc = 66.67, Avg Acc = 56.47% +- 1.12%
ISIC iteration 214/400 : Query Acc = 61.33, Avg Acc = 56.49% +- 1.12%
ISIC iteration 215/400 : Query Acc = 58.67, Avg Acc = 56.50% +- 1.11%
ISIC iteration 216/400 : Query Acc = 62.67, Avg Acc = 56.53% +- 1.11%
ISIC iteration 217/400 : Query Acc = 50.67, Avg Acc = 56.50% +- 1.11%
ISIC iteration 218/400 : Query Acc = 62.67, Avg Acc = 56.53% +- 1.10%
ISIC iteration 219/400 : Query Acc = 54.67, Avg Acc = 56.52% +- 1.10%
ISIC iteration 220/400 : Query Acc = 57.33, Avg Acc = 56.52% +- 1.09%
ISIC iteration 221/400 : Query Acc = 49.33, Avg Acc = 56.49% +- 1.09%
ISIC iteration 222/400 : Query Acc = 52.00, Avg Acc = 56.47% +- 1.08%
ISIC iteration 223/400 : Query Acc = 73.33, Avg Acc = 56.55% +- 1.09%
ISIC iteration 224/400 : Query Acc = 53.33, Avg Acc = 56.53% +- 1.09%
ISIC iteration 225/400 : Query Acc = 66.67, Avg Acc = 56.58% +- 1.08%
ISIC iteration 226/400 : Query Acc = 61.33, Avg Acc = 56.60% +- 1.08%
ISIC iteration 227/400 : Query Acc = 74.67, Avg Acc = 56.68% +- 1.09%
ISIC iteration 228/400 : Query Acc = 62.67, Avg Acc = 56.70% +- 1.08%
ISIC iteration 229/400 : Query Acc = 52.00, Avg Acc = 56.68% +- 1.08%
ISIC iteration 230/400 : Query Acc = 61.33, Avg Acc = 56.70% +- 1.08%
ISIC iteration 231/400 : Query Acc = 62.67, Avg Acc = 56.73% +- 1.07%
ISIC iteration 232/400 : Query Acc = 69.33, Avg Acc = 56.78% +- 1.07%
ISIC iteration 233/400 : Query Acc = 37.33, Avg Acc = 56.70% +- 1.08%
ISIC iteration 234/400 : Query Acc = 54.67, Avg Acc = 56.69% +- 1.08%
ISIC iteration 235/400 : Query Acc = 64.00, Avg Acc = 56.72% +- 1.07%
ISIC iteration 236/400 : Query Acc = 56.00, Avg Acc = 56.72% +- 1.07%
ISIC iteration 237/400 : Query Acc = 42.67, Avg Acc = 56.66% +- 1.07%
ISIC iteration 238/400 : Query Acc = 69.33, Avg Acc = 56.71% +- 1.07%
ISIC iteration 239/400 : Query Acc = 56.00, Avg Acc = 56.71% +- 1.07%
ISIC iteration 240/400 : Query Acc = 65.33, Avg Acc = 56.75% +- 1.06%
ISIC iteration 241/400 : Query Acc = 54.67, Avg Acc = 56.74% +- 1.06%
ISIC iteration 242/400 : Query Acc = 64.00, Avg Acc = 56.77% +- 1.06%
ISIC iteration 243/400 : Query Acc = 54.67, Avg Acc = 56.76% +- 1.05%
ISIC iteration 244/400 : Query Acc = 62.67, Avg Acc = 56.78% +- 1.05%
ISIC iteration 245/400 : Query Acc = 44.00, Avg Acc = 56.73% +- 1.05%
ISIC iteration 246/400 : Query Acc = 41.33, Avg Acc = 56.67% +- 1.05%
ISIC iteration 247/400 : Query Acc = 58.67, Avg Acc = 56.68% +- 1.05%
ISIC iteration 248/400 : Query Acc = 65.33, Avg Acc = 56.71% +- 1.05%
ISIC iteration 249/400 : Query Acc = 61.33, Avg Acc = 56.73% +- 1.04%
ISIC iteration 250/400 : Query Acc = 56.00, Avg Acc = 56.73% +- 1.04%
ISIC iteration 251/400 : Query Acc = 48.00, Avg Acc = 56.69% +- 1.04%
ISIC iteration 252/400 : Query Acc = 54.67, Avg Acc = 56.69% +- 1.03%
ISIC iteration 253/400 : Query Acc = 70.67, Avg Acc = 56.74% +- 1.03%
ISIC iteration 254/400 : Query Acc = 56.00, Avg Acc = 56.74% +- 1.03%
ISIC iteration 255/400 : Query Acc = 72.00, Avg Acc = 56.80% +- 1.03%
ISIC iteration 256/400 : Query Acc = 58.67, Avg Acc = 56.80% +- 1.03%
ISIC iteration 257/400 : Query Acc = 54.67, Avg Acc = 56.80% +- 1.03%
ISIC iteration 258/400 : Query Acc = 64.00, Avg Acc = 56.82% +- 1.02%
ISIC iteration 259/400 : Query Acc = 73.33, Avg Acc = 56.89% +- 1.03%
ISIC iteration 260/400 : Query Acc = 60.00, Avg Acc = 56.90% +- 1.02%
ISIC iteration 261/400 : Query Acc = 58.67, Avg Acc = 56.91% +- 1.02%
ISIC iteration 262/400 : Query Acc = 56.00, Avg Acc = 56.90% +- 1.02%
ISIC iteration 263/400 : Query Acc = 52.00, Avg Acc = 56.88% +- 1.01%
ISIC iteration 264/400 : Query Acc = 52.00, Avg Acc = 56.87% +- 1.01%
ISIC iteration 265/400 : Query Acc = 40.00, Avg Acc = 56.80% +- 1.01%
ISIC iteration 266/400 : Query Acc = 64.00, Avg Acc = 56.83% +- 1.01%
ISIC iteration 267/400 : Query Acc = 57.33, Avg Acc = 56.83% +- 1.01%
ISIC iteration 268/400 : Query Acc = 54.67, Avg Acc = 56.82% +- 1.00%
ISIC iteration 269/400 : Query Acc = 52.00, Avg Acc = 56.80% +- 1.00%
ISIC iteration 270/400 : Query Acc = 52.00, Avg Acc = 56.79% +- 1.00%
ISIC iteration 271/400 : Query Acc = 62.67, Avg Acc = 56.81% +- 0.99%
ISIC iteration 272/400 : Query Acc = 58.67, Avg Acc = 56.82% +- 0.99%
ISIC iteration 273/400 : Query Acc = 45.33, Avg Acc = 56.77% +- 0.99%
ISIC iteration 274/400 : Query Acc = 49.33, Avg Acc = 56.75% +- 0.99%
ISIC iteration 275/400 : Query Acc = 50.67, Avg Acc = 56.72% +- 0.99%
ISIC iteration 276/400 : Query Acc = 42.67, Avg Acc = 56.67% +- 0.99%
ISIC iteration 277/400 : Query Acc = 60.00, Avg Acc = 56.69% +- 0.98%
ISIC iteration 278/400 : Query Acc = 70.67, Avg Acc = 56.74% +- 0.98%
ISIC iteration 279/400 : Query Acc = 69.33, Avg Acc = 56.78% +- 0.99%
ISIC iteration 280/400 : Query Acc = 45.33, Avg Acc = 56.74% +- 0.99%
ISIC iteration 281/400 : Query Acc = 49.33, Avg Acc = 56.71% +- 0.98%
ISIC iteration 282/400 : Query Acc = 66.67, Avg Acc = 56.75% +- 0.98%
ISIC iteration 283/400 : Query Acc = 54.67, Avg Acc = 56.74% +- 0.98%
ISIC iteration 284/400 : Query Acc = 37.33, Avg Acc = 56.67% +- 0.98%
ISIC iteration 285/400 : Query Acc = 64.00, Avg Acc = 56.70% +- 0.98%
ISIC iteration 286/400 : Query Acc = 68.00, Avg Acc = 56.74% +- 0.98%
ISIC iteration 287/400 : Query Acc = 40.00, Avg Acc = 56.68% +- 0.98%
ISIC iteration 288/400 : Query Acc = 65.33, Avg Acc = 56.71% +- 0.98%
ISIC iteration 289/400 : Query Acc = 58.67, Avg Acc = 56.72% +- 0.98%
ISIC iteration 290/400 : Query Acc = 53.33, Avg Acc = 56.71% +- 0.98%
ISIC iteration 291/400 : Query Acc = 56.00, Avg Acc = 56.70% +- 0.97%
ISIC iteration 292/400 : Query Acc = 57.33, Avg Acc = 56.71% +- 0.97%
ISIC iteration 293/400 : Query Acc = 66.67, Avg Acc = 56.74% +- 0.97%
ISIC iteration 294/400 : Query Acc = 50.67, Avg Acc = 56.72% +- 0.97%
ISIC iteration 295/400 : Query Acc = 52.00, Avg Acc = 56.70% +- 0.96%
ISIC iteration 296/400 : Query Acc = 45.33, Avg Acc = 56.66% +- 0.96%
ISIC iteration 297/400 : Query Acc = 60.00, Avg Acc = 56.68% +- 0.96%
ISIC iteration 298/400 : Query Acc = 44.00, Avg Acc = 56.63% +- 0.96%
ISIC iteration 299/400 : Query Acc = 45.33, Avg Acc = 56.60% +- 0.96%
ISIC iteration 300/400 : Query Acc = 60.00, Avg Acc = 56.61% +- 0.96%
ISIC | 300 / 400 Acc = 56.61% +- 0.96%
ISIC iteration 301/400 : Query Acc = 53.33, Avg Acc = 56.60% +- 0.95%
ISIC iteration 302/400 : Query Acc = 61.33, Avg Acc = 56.61% +- 0.95%
ISIC iteration 303/400 : Query Acc = 53.33, Avg Acc = 56.60% +- 0.95%
ISIC iteration 304/400 : Query Acc = 57.33, Avg Acc = 56.60% +- 0.95%
ISIC iteration 305/400 : Query Acc = 62.67, Avg Acc = 56.62% +- 0.94%
ISIC iteration 306/400 : Query Acc = 60.00, Avg Acc = 56.63% +- 0.94%
ISIC iteration 307/400 : Query Acc = 54.67, Avg Acc = 56.63% +- 0.94%
ISIC iteration 308/400 : Query Acc = 66.67, Avg Acc = 56.66% +- 0.94%
ISIC iteration 309/400 : Query Acc = 74.67, Avg Acc = 56.72% +- 0.94%
ISIC iteration 310/400 : Query Acc = 56.00, Avg Acc = 56.72% +- 0.94%
ISIC iteration 311/400 : Query Acc = 52.00, Avg Acc = 56.70% +- 0.94%
ISIC iteration 312/400 : Query Acc = 54.67, Avg Acc = 56.69% +- 0.93%
ISIC iteration 313/400 : Query Acc = 44.00, Avg Acc = 56.65% +- 0.93%
ISIC iteration 314/400 : Query Acc = 64.00, Avg Acc = 56.68% +- 0.93%
ISIC iteration 315/400 : Query Acc = 64.00, Avg Acc = 56.70% +- 0.93%
ISIC iteration 316/400 : Query Acc = 60.00, Avg Acc = 56.71% +- 0.93%
ISIC iteration 317/400 : Query Acc = 57.33, Avg Acc = 56.71% +- 0.92%
ISIC iteration 318/400 : Query Acc = 60.00, Avg Acc = 56.72% +- 0.92%
ISIC iteration 319/400 : Query Acc = 40.00, Avg Acc = 56.67% +- 0.92%
ISIC iteration 320/400 : Query Acc = 46.67, Avg Acc = 56.64% +- 0.92%
ISIC iteration 321/400 : Query Acc = 57.33, Avg Acc = 56.64% +- 0.92%
ISIC iteration 322/400 : Query Acc = 46.67, Avg Acc = 56.61% +- 0.92%
ISIC iteration 323/400 : Query Acc = 61.33, Avg Acc = 56.63% +- 0.92%
ISIC iteration 324/400 : Query Acc = 57.33, Avg Acc = 56.63% +- 0.91%
ISIC iteration 325/400 : Query Acc = 52.00, Avg Acc = 56.61% +- 0.91%
ISIC iteration 326/400 : Query Acc = 68.00, Avg Acc = 56.65% +- 0.91%
ISIC iteration 327/400 : Query Acc = 56.00, Avg Acc = 56.65% +- 0.91%
ISIC iteration 328/400 : Query Acc = 45.33, Avg Acc = 56.61% +- 0.91%
ISIC iteration 329/400 : Query Acc = 52.00, Avg Acc = 56.60% +- 0.91%
ISIC iteration 330/400 : Query Acc = 48.00, Avg Acc = 56.57% +- 0.90%
ISIC iteration 331/400 : Query Acc = 66.67, Avg Acc = 56.60% +- 0.90%
ISIC iteration 332/400 : Query Acc = 61.33, Avg Acc = 56.62% +- 0.90%
ISIC iteration 333/400 : Query Acc = 57.33, Avg Acc = 56.62% +- 0.90%
ISIC iteration 334/400 : Query Acc = 41.33, Avg Acc = 56.57% +- 0.90%
ISIC iteration 335/400 : Query Acc = 50.67, Avg Acc = 56.56% +- 0.90%
ISIC iteration 336/400 : Query Acc = 40.00, Avg Acc = 56.51% +- 0.90%
ISIC iteration 337/400 : Query Acc = 52.00, Avg Acc = 56.49% +- 0.90%
ISIC iteration 338/400 : Query Acc = 42.67, Avg Acc = 56.45% +- 0.90%
ISIC iteration 339/400 : Query Acc = 65.33, Avg Acc = 56.48% +- 0.90%
ISIC iteration 340/400 : Query Acc = 61.33, Avg Acc = 56.49% +- 0.90%
ISIC iteration 341/400 : Query Acc = 57.33, Avg Acc = 56.50% +- 0.89%
ISIC iteration 342/400 : Query Acc = 56.00, Avg Acc = 56.49% +- 0.89%
ISIC iteration 343/400 : Query Acc = 61.33, Avg Acc = 56.51% +- 0.89%
ISIC iteration 344/400 : Query Acc = 60.00, Avg Acc = 56.52% +- 0.89%
ISIC iteration 345/400 : Query Acc = 54.67, Avg Acc = 56.51% +- 0.88%
ISIC iteration 346/400 : Query Acc = 62.67, Avg Acc = 56.53% +- 0.88%
ISIC iteration 347/400 : Query Acc = 48.00, Avg Acc = 56.51% +- 0.88%
ISIC iteration 348/400 : Query Acc = 45.33, Avg Acc = 56.47% +- 0.88%
ISIC iteration 349/400 : Query Acc = 68.00, Avg Acc = 56.51% +- 0.88%
ISIC iteration 350/400 : Query Acc = 56.00, Avg Acc = 56.51% +- 0.88%
ISIC iteration 351/400 : Query Acc = 44.00, Avg Acc = 56.47% +- 0.88%
ISIC iteration 352/400 : Query Acc = 60.00, Avg Acc = 56.48% +- 0.88%
ISIC iteration 353/400 : Query Acc = 65.33, Avg Acc = 56.50% +- 0.87%
ISIC iteration 354/400 : Query Acc = 40.00, Avg Acc = 56.46% +- 0.88%
ISIC iteration 355/400 : Query Acc = 44.00, Avg Acc = 56.42% +- 0.88%
ISIC iteration 356/400 : Query Acc = 56.00, Avg Acc = 56.42% +- 0.87%
ISIC iteration 357/400 : Query Acc = 48.00, Avg Acc = 56.40% +- 0.87%
ISIC iteration 358/400 : Query Acc = 49.33, Avg Acc = 56.38% +- 0.87%
ISIC iteration 359/400 : Query Acc = 65.33, Avg Acc = 56.40% +- 0.87%
ISIC iteration 360/400 : Query Acc = 56.00, Avg Acc = 56.40% +- 0.87%
ISIC iteration 361/400 : Query Acc = 44.00, Avg Acc = 56.37% +- 0.87%
ISIC iteration 362/400 : Query Acc = 50.67, Avg Acc = 56.35% +- 0.87%
ISIC iteration 363/400 : Query Acc = 37.33, Avg Acc = 56.30% +- 0.87%
ISIC iteration 364/400 : Query Acc = 65.33, Avg Acc = 56.33% +- 0.87%
ISIC iteration 365/400 : Query Acc = 65.33, Avg Acc = 56.35% +- 0.87%
ISIC iteration 366/400 : Query Acc = 45.33, Avg Acc = 56.32% +- 0.87%
ISIC iteration 367/400 : Query Acc = 52.00, Avg Acc = 56.31% +- 0.87%
ISIC iteration 368/400 : Query Acc = 56.00, Avg Acc = 56.31% +- 0.86%
ISIC iteration 369/400 : Query Acc = 60.00, Avg Acc = 56.32% +- 0.86%
ISIC iteration 370/400 : Query Acc = 53.33, Avg Acc = 56.31% +- 0.86%
ISIC iteration 371/400 : Query Acc = 57.33, Avg Acc = 56.31% +- 0.86%
ISIC iteration 372/400 : Query Acc = 57.33, Avg Acc = 56.31% +- 0.85%
ISIC iteration 373/400 : Query Acc = 52.00, Avg Acc = 56.30% +- 0.85%
ISIC iteration 374/400 : Query Acc = 56.00, Avg Acc = 56.30% +- 0.85%
ISIC iteration 375/400 : Query Acc = 61.33, Avg Acc = 56.32% +- 0.85%
ISIC iteration 376/400 : Query Acc = 66.67, Avg Acc = 56.34% +- 0.85%
ISIC iteration 377/400 : Query Acc = 69.33, Avg Acc = 56.38% +- 0.85%
ISIC iteration 378/400 : Query Acc = 72.00, Avg Acc = 56.42% +- 0.85%
ISIC iteration 379/400 : Query Acc = 50.67, Avg Acc = 56.40% +- 0.85%
ISIC iteration 380/400 : Query Acc = 58.67, Avg Acc = 56.41% +- 0.85%
ISIC iteration 381/400 : Query Acc = 54.67, Avg Acc = 56.40% +- 0.84%
ISIC iteration 382/400 : Query Acc = 56.00, Avg Acc = 56.40% +- 0.84%
ISIC iteration 383/400 : Query Acc = 34.67, Avg Acc = 56.35% +- 0.85%
ISIC iteration 384/400 : Query Acc = 62.67, Avg Acc = 56.36% +- 0.85%
ISIC iteration 385/400 : Query Acc = 57.33, Avg Acc = 56.37% +- 0.84%
ISIC iteration 386/400 : Query Acc = 44.00, Avg Acc = 56.33% +- 0.84%
ISIC iteration 387/400 : Query Acc = 61.33, Avg Acc = 56.35% +- 0.84%
ISIC iteration 388/400 : Query Acc = 58.67, Avg Acc = 56.35% +- 0.84%
ISIC iteration 389/400 : Query Acc = 52.00, Avg Acc = 56.34% +- 0.84%
ISIC iteration 390/400 : Query Acc = 54.67, Avg Acc = 56.34% +- 0.84%
ISIC iteration 391/400 : Query Acc = 61.33, Avg Acc = 56.35% +- 0.83%
ISIC iteration 392/400 : Query Acc = 64.00, Avg Acc = 56.37% +- 0.83%
ISIC iteration 393/400 : Query Acc = 54.67, Avg Acc = 56.37% +- 0.83%
ISIC iteration 394/400 : Query Acc = 76.00, Avg Acc = 56.42% +- 0.83%
ISIC iteration 395/400 : Query Acc = 58.67, Avg Acc = 56.42% +- 0.83%
ISIC iteration 396/400 : Query Acc = 38.67, Avg Acc = 56.38% +- 0.83%
ISIC iteration 397/400 : Query Acc = 60.00, Avg Acc = 56.39% +- 0.83%
ISIC iteration 398/400 : Query Acc = 52.00, Avg Acc = 56.37% +- 0.83%
ISIC iteration 399/400 : Query Acc = 38.67, Avg Acc = 56.33% +- 0.83%
ISIC 400 Test Acc = 56.33% +- 0.83%
[DESC_CONFIRM ISIC 5shot] n = 400 個共同 episode（A 400、B 400）
[DESC_CONFIRM ISIC 5shot] A   55.52 ± 0.80   ISIC_5shot_base_seed1_n400.jsonl
[DESC_CONFIRM ISIC 5shot] B   56.33 ± 0.83   ISIC_5shot_desconly_seed1_n400.jsonl
[DESC_CONFIRM ISIC 5shot] B − A  +0.81 ± 0.60   CI 不含 0
>>> [ATHA 描述] ChestX 1-shot desccat seed=1 n=800  2026-10-08 09:14:42
set seed = 1
FineTune! 1 shots on ChestX dataset
類別描述：/home/ccoliu/FeatureSR/configs/class_descriptions.json（cat）
ChestX iteration 0/800 : Query Acc = 24.00, Avg Acc = 24.00% +- 0.00%
ChestX | 0 / 800 Acc = 24.00% +- 0.00%
ChestX iteration 1/800 : Query Acc = 24.00, Avg Acc = 24.00% +- 0.00%
ChestX iteration 2/800 : Query Acc = 24.00, Avg Acc = 24.00% +- 0.00%
ChestX iteration 3/800 : Query Acc = 22.67, Avg Acc = 23.67% +- 0.57%
ChestX iteration 4/800 : Query Acc = 24.00, Avg Acc = 23.73% +- 0.47%
ChestX iteration 5/800 : Query Acc = 10.67, Avg Acc = 21.56% +- 3.92%
ChestX iteration 6/800 : Query Acc = 16.00, Avg Acc = 20.76% +- 3.65%
ChestX iteration 7/800 : Query Acc = 24.00, Avg Acc = 21.17% +- 3.28%
ChestX iteration 8/800 : Query Acc = 18.67, Avg Acc = 20.89% +- 2.96%
ChestX iteration 9/800 : Query Acc = 21.33, Avg Acc = 20.93% +- 2.67%
ChestX iteration 10/800 : Query Acc = 24.00, Avg Acc = 21.21% +- 2.48%
ChestX iteration 11/800 : Query Acc = 18.67, Avg Acc = 21.00% +- 2.31%
ChestX iteration 12/800 : Query Acc = 16.00, Avg Acc = 20.62% +- 2.25%
ChestX iteration 13/800 : Query Acc = 12.00, Avg Acc = 20.00% +- 2.39%
ChestX iteration 14/800 : Query Acc = 26.67, Avg Acc = 20.44% +- 2.38%
ChestX iteration 15/800 : Query Acc = 21.33, Avg Acc = 20.50% +- 2.24%
ChestX iteration 16/800 : Query Acc = 16.00, Avg Acc = 20.24% +- 2.17%
ChestX iteration 17/800 : Query Acc = 17.33, Avg Acc = 20.07% +- 2.07%
ChestX iteration 18/800 : Query Acc = 18.67, Avg Acc = 20.00% +- 1.96%
ChestX iteration 19/800 : Query Acc = 21.33, Avg Acc = 20.07% +- 1.87%
ChestX iteration 20/800 : Query Acc = 33.33, Avg Acc = 20.70% +- 2.15%
ChestX iteration 21/800 : Query Acc = 26.67, Avg Acc = 20.97% +- 2.12%
ChestX iteration 22/800 : Query Acc = 25.33, Avg Acc = 21.16% +- 2.06%
ChestX iteration 23/800 : Query Acc = 18.67, Avg Acc = 21.06% +- 1.98%
ChestX iteration 24/800 : Query Acc = 18.67, Avg Acc = 20.96% +- 1.91%
ChestX iteration 25/800 : Query Acc = 25.33, Avg Acc = 21.13% +- 1.87%
ChestX iteration 26/800 : Query Acc = 22.67, Avg Acc = 21.19% +- 1.80%
ChestX iteration 27/800 : Query Acc = 17.33, Avg Acc = 21.05% +- 1.76%
ChestX iteration 28/800 : Query Acc = 28.00, Avg Acc = 21.29% +- 1.76%
ChestX iteration 29/800 : Query Acc = 20.00, Avg Acc = 21.24% +- 1.70%
ChestX iteration 30/800 : Query Acc = 16.00, Avg Acc = 21.08% +- 1.68%
ChestX iteration 31/800 : Query Acc = 25.33, Avg Acc = 21.21% +- 1.65%
ChestX iteration 32/800 : Query Acc = 20.00, Avg Acc = 21.17% +- 1.60%
ChestX iteration 33/800 : Query Acc = 17.33, Avg Acc = 21.06% +- 1.57%
ChestX iteration 34/800 : Query Acc = 25.33, Avg Acc = 21.18% +- 1.54%
ChestX iteration 35/800 : Query Acc = 20.00, Avg Acc = 21.15% +- 1.50%
ChestX iteration 36/800 : Query Acc = 16.00, Avg Acc = 21.01% +- 1.48%
ChestX iteration 37/800 : Query Acc = 20.00, Avg Acc = 20.98% +- 1.44%
ChestX iteration 38/800 : Query Acc = 26.67, Avg Acc = 21.13% +- 1.44%
ChestX iteration 39/800 : Query Acc = 17.33, Avg Acc = 21.03% +- 1.41%
ChestX iteration 40/800 : Query Acc = 20.00, Avg Acc = 21.01% +- 1.38%
ChestX iteration 41/800 : Query Acc = 25.33, Avg Acc = 21.11% +- 1.36%
ChestX iteration 42/800 : Query Acc = 28.00, Avg Acc = 21.27% +- 1.36%
ChestX iteration 43/800 : Query Acc = 21.33, Avg Acc = 21.27% +- 1.33%
ChestX iteration 44/800 : Query Acc = 24.00, Avg Acc = 21.33% +- 1.31%
ChestX iteration 45/800 : Query Acc = 21.33, Avg Acc = 21.33% +- 1.28%
ChestX iteration 46/800 : Query Acc = 20.00, Avg Acc = 21.30% +- 1.25%
ChestX iteration 47/800 : Query Acc = 22.67, Avg Acc = 21.33% +- 1.23%
ChestX iteration 48/800 : Query Acc = 25.33, Avg Acc = 21.41% +- 1.21%
ChestX iteration 49/800 : Query Acc = 25.33, Avg Acc = 21.49% +- 1.20%
ChestX iteration 50/800 : Query Acc = 16.00, Avg Acc = 21.39% +- 1.20%
ChestX iteration 51/800 : Query Acc = 26.67, Avg Acc = 21.49% +- 1.19%
ChestX iteration 52/800 : Query Acc = 28.00, Avg Acc = 21.61% +- 1.19%
ChestX iteration 53/800 : Query Acc = 24.00, Avg Acc = 21.65% +- 1.17%
ChestX iteration 54/800 : Query Acc = 21.33, Avg Acc = 21.65% +- 1.15%
ChestX iteration 55/800 : Query Acc = 22.67, Avg Acc = 21.67% +- 1.13%
ChestX iteration 56/800 : Query Acc = 14.67, Avg Acc = 21.54% +- 1.14%
ChestX iteration 57/800 : Query Acc = 21.33, Avg Acc = 21.54% +- 1.12%
ChestX iteration 58/800 : Query Acc = 24.00, Avg Acc = 21.58% +- 1.10%
ChestX iteration 59/800 : Query Acc = 22.67, Avg Acc = 21.60% +- 1.08%
ChestX iteration 60/800 : Query Acc = 17.33, Avg Acc = 21.53% +- 1.07%
ChestX iteration 61/800 : Query Acc = 17.33, Avg Acc = 21.46% +- 1.06%
ChestX iteration 62/800 : Query Acc = 22.67, Avg Acc = 21.48% +- 1.05%
ChestX iteration 63/800 : Query Acc = 14.67, Avg Acc = 21.38% +- 1.05%
ChestX iteration 64/800 : Query Acc = 21.33, Avg Acc = 21.37% +- 1.04%
ChestX iteration 65/800 : Query Acc = 21.33, Avg Acc = 21.37% +- 1.02%
ChestX iteration 66/800 : Query Acc = 18.67, Avg Acc = 21.33% +- 1.01%
ChestX iteration 67/800 : Query Acc = 21.33, Avg Acc = 21.33% +- 0.99%
ChestX iteration 68/800 : Query Acc = 24.00, Avg Acc = 21.37% +- 0.98%
ChestX iteration 69/800 : Query Acc = 16.00, Avg Acc = 21.30% +- 0.98%
ChestX iteration 70/800 : Query Acc = 24.00, Avg Acc = 21.33% +- 0.97%
ChestX iteration 71/800 : Query Acc = 28.00, Avg Acc = 21.43% +- 0.97%
ChestX iteration 72/800 : Query Acc = 29.33, Avg Acc = 21.53% +- 0.98%
ChestX iteration 73/800 : Query Acc = 29.33, Avg Acc = 21.64% +- 0.99%
ChestX iteration 74/800 : Query Acc = 22.67, Avg Acc = 21.65% +- 0.98%
ChestX iteration 75/800 : Query Acc = 26.67, Avg Acc = 21.72% +- 0.97%
ChestX iteration 76/800 : Query Acc = 20.00, Avg Acc = 21.70% +- 0.96%
ChestX iteration 77/800 : Query Acc = 21.33, Avg Acc = 21.69% +- 0.95%
ChestX iteration 78/800 : Query Acc = 20.00, Avg Acc = 21.67% +- 0.94%
ChestX iteration 79/800 : Query Acc = 28.00, Avg Acc = 21.75% +- 0.94%
ChestX iteration 80/800 : Query Acc = 20.00, Avg Acc = 21.73% +- 0.93%
ChestX iteration 81/800 : Query Acc = 22.67, Avg Acc = 21.74% +- 0.92%
ChestX iteration 82/800 : Query Acc = 28.00, Avg Acc = 21.82% +- 0.92%
ChestX iteration 83/800 : Query Acc = 21.33, Avg Acc = 21.81% +- 0.91%
ChestX iteration 84/800 : Query Acc = 20.00, Avg Acc = 21.79% +- 0.90%
ChestX iteration 85/800 : Query Acc = 25.33, Avg Acc = 21.83% +- 0.89%
ChestX iteration 86/800 : Query Acc = 18.67, Avg Acc = 21.79% +- 0.88%
ChestX iteration 87/800 : Query Acc = 22.67, Avg Acc = 21.80% +- 0.87%
ChestX iteration 88/800 : Query Acc = 26.67, Avg Acc = 21.86% +- 0.87%
ChestX iteration 89/800 : Query Acc = 24.00, Avg Acc = 21.88% +- 0.86%
ChestX iteration 90/800 : Query Acc = 22.67, Avg Acc = 21.89% +- 0.85%
ChestX iteration 91/800 : Query Acc = 22.67, Avg Acc = 21.90% +- 0.84%
ChestX iteration 92/800 : Query Acc = 17.33, Avg Acc = 21.85% +- 0.84%
ChestX iteration 93/800 : Query Acc = 22.67, Avg Acc = 21.86% +- 0.83%
ChestX iteration 94/800 : Query Acc = 25.33, Avg Acc = 21.89% +- 0.82%
ChestX iteration 95/800 : Query Acc = 16.00, Avg Acc = 21.83% +- 0.83%
ChestX iteration 96/800 : Query Acc = 25.33, Avg Acc = 21.87% +- 0.82%
ChestX iteration 97/800 : Query Acc = 22.67, Avg Acc = 21.88% +- 0.81%
ChestX iteration 98/800 : Query Acc = 25.33, Avg Acc = 21.91% +- 0.81%
ChestX iteration 99/800 : Query Acc = 17.33, Avg Acc = 21.87% +- 0.80%
ChestX iteration 100/800 : Query Acc = 18.67, Avg Acc = 21.83% +- 0.80%
ChestX | 100 / 800 Acc = 21.83% +- 0.80%
ChestX iteration 101/800 : Query Acc = 20.00, Avg Acc = 21.82% +- 0.79%
ChestX iteration 102/800 : Query Acc = 25.33, Avg Acc = 21.85% +- 0.79%
ChestX iteration 103/800 : Query Acc = 20.00, Avg Acc = 21.83% +- 0.78%
ChestX iteration 104/800 : Query Acc = 29.33, Avg Acc = 21.90% +- 0.78%
ChestX iteration 105/800 : Query Acc = 20.00, Avg Acc = 21.89% +- 0.78%
ChestX iteration 106/800 : Query Acc = 13.33, Avg Acc = 21.81% +- 0.79%
ChestX iteration 107/800 : Query Acc = 20.00, Avg Acc = 21.79% +- 0.78%
ChestX iteration 108/800 : Query Acc = 20.00, Avg Acc = 21.77% +- 0.77%
ChestX iteration 109/800 : Query Acc = 17.33, Avg Acc = 21.73% +- 0.77%
ChestX iteration 110/800 : Query Acc = 18.67, Avg Acc = 21.71% +- 0.76%
ChestX iteration 111/800 : Query Acc = 18.67, Avg Acc = 21.68% +- 0.76%
ChestX iteration 112/800 : Query Acc = 25.33, Avg Acc = 21.71% +- 0.76%
ChestX iteration 113/800 : Query Acc = 22.67, Avg Acc = 21.72% +- 0.75%
ChestX iteration 114/800 : Query Acc = 12.00, Avg Acc = 21.63% +- 0.76%
ChestX iteration 115/800 : Query Acc = 20.00, Avg Acc = 21.62% +- 0.75%
ChestX iteration 116/800 : Query Acc = 21.33, Avg Acc = 21.62% +- 0.75%
ChestX iteration 117/800 : Query Acc = 16.00, Avg Acc = 21.57% +- 0.75%
ChestX iteration 118/800 : Query Acc = 16.00, Avg Acc = 21.52% +- 0.75%
ChestX iteration 119/800 : Query Acc = 26.67, Avg Acc = 21.57% +- 0.75%
ChestX iteration 120/800 : Query Acc = 32.00, Avg Acc = 21.65% +- 0.76%
ChestX iteration 121/800 : Query Acc = 26.67, Avg Acc = 21.69% +- 0.76%
ChestX iteration 122/800 : Query Acc = 17.33, Avg Acc = 21.66% +- 0.75%
ChestX iteration 123/800 : Query Acc = 25.33, Avg Acc = 21.69% +- 0.75%
ChestX iteration 124/800 : Query Acc = 18.67, Avg Acc = 21.66% +- 0.74%
ChestX iteration 125/800 : Query Acc = 25.33, Avg Acc = 21.69% +- 0.74%
ChestX iteration 126/800 : Query Acc = 32.00, Avg Acc = 21.77% +- 0.75%
ChestX iteration 127/800 : Query Acc = 25.33, Avg Acc = 21.80% +- 0.75%
ChestX iteration 128/800 : Query Acc = 24.00, Avg Acc = 21.82% +- 0.74%
ChestX iteration 129/800 : Query Acc = 20.00, Avg Acc = 21.81% +- 0.74%
ChestX iteration 130/800 : Query Acc = 21.33, Avg Acc = 21.80% +- 0.73%
ChestX iteration 131/800 : Query Acc = 28.00, Avg Acc = 21.85% +- 0.73%
ChestX iteration 132/800 : Query Acc = 24.00, Avg Acc = 21.86% +- 0.73%
ChestX iteration 133/800 : Query Acc = 17.33, Avg Acc = 21.83% +- 0.73%
ChestX iteration 134/800 : Query Acc = 18.67, Avg Acc = 21.81% +- 0.72%
ChestX iteration 135/800 : Query Acc = 25.33, Avg Acc = 21.83% +- 0.72%
ChestX iteration 136/800 : Query Acc = 13.33, Avg Acc = 21.77% +- 0.72%
ChestX iteration 137/800 : Query Acc = 30.67, Avg Acc = 21.84% +- 0.73%
ChestX iteration 138/800 : Query Acc = 24.00, Avg Acc = 21.85% +- 0.72%
ChestX iteration 139/800 : Query Acc = 21.33, Avg Acc = 21.85% +- 0.72%
ChestX iteration 140/800 : Query Acc = 18.67, Avg Acc = 21.83% +- 0.72%
ChestX iteration 141/800 : Query Acc = 22.67, Avg Acc = 21.83% +- 0.71%
ChestX iteration 142/800 : Query Acc = 18.67, Avg Acc = 21.81% +- 0.71%
ChestX iteration 143/800 : Query Acc = 18.67, Avg Acc = 21.79% +- 0.70%
ChestX iteration 144/800 : Query Acc = 29.33, Avg Acc = 21.84% +- 0.71%
ChestX iteration 145/800 : Query Acc = 13.33, Avg Acc = 21.78% +- 0.71%
ChestX iteration 146/800 : Query Acc = 28.00, Avg Acc = 21.82% +- 0.71%
ChestX iteration 147/800 : Query Acc = 38.67, Avg Acc = 21.94% +- 0.74%
ChestX iteration 148/800 : Query Acc = 28.00, Avg Acc = 21.98% +- 0.74%
ChestX iteration 149/800 : Query Acc = 26.67, Avg Acc = 22.01% +- 0.74%
ChestX iteration 150/800 : Query Acc = 17.33, Avg Acc = 21.98% +- 0.73%
ChestX iteration 151/800 : Query Acc = 20.00, Avg Acc = 21.96% +- 0.73%
ChestX iteration 152/800 : Query Acc = 30.67, Avg Acc = 22.02% +- 0.73%
ChestX iteration 153/800 : Query Acc = 21.33, Avg Acc = 22.02% +- 0.73%
ChestX iteration 154/800 : Query Acc = 21.33, Avg Acc = 22.01% +- 0.72%
ChestX iteration 155/800 : Query Acc = 20.00, Avg Acc = 22.00% +- 0.72%
ChestX iteration 156/800 : Query Acc = 20.00, Avg Acc = 21.99% +- 0.72%
ChestX iteration 157/800 : Query Acc = 22.67, Avg Acc = 21.99% +- 0.71%
ChestX iteration 158/800 : Query Acc = 22.67, Avg Acc = 22.00% +- 0.71%
ChestX iteration 159/800 : Query Acc = 13.33, Avg Acc = 21.94% +- 0.71%
ChestX iteration 160/800 : Query Acc = 25.33, Avg Acc = 21.96% +- 0.71%
ChestX iteration 161/800 : Query Acc = 22.67, Avg Acc = 21.97% +- 0.70%
ChestX iteration 162/800 : Query Acc = 25.33, Avg Acc = 21.99% +- 0.70%
ChestX iteration 163/800 : Query Acc = 36.00, Avg Acc = 22.07% +- 0.71%
ChestX iteration 164/800 : Query Acc = 21.33, Avg Acc = 22.07% +- 0.71%
ChestX iteration 165/800 : Query Acc = 21.33, Avg Acc = 22.06% +- 0.71%
ChestX iteration 166/800 : Query Acc = 17.33, Avg Acc = 22.04% +- 0.70%
ChestX iteration 167/800 : Query Acc = 24.00, Avg Acc = 22.05% +- 0.70%
ChestX iteration 168/800 : Query Acc = 21.33, Avg Acc = 22.04% +- 0.70%
ChestX iteration 169/800 : Query Acc = 30.67, Avg Acc = 22.09% +- 0.70%
ChestX iteration 170/800 : Query Acc = 32.00, Avg Acc = 22.15% +- 0.70%
ChestX iteration 171/800 : Query Acc = 24.00, Avg Acc = 22.16% +- 0.70%
ChestX iteration 172/800 : Query Acc = 16.00, Avg Acc = 22.13% +- 0.70%
ChestX iteration 173/800 : Query Acc = 25.33, Avg Acc = 22.15% +- 0.70%
ChestX iteration 174/800 : Query Acc = 20.00, Avg Acc = 22.13% +- 0.69%
ChestX iteration 175/800 : Query Acc = 18.67, Avg Acc = 22.11% +- 0.69%
ChestX iteration 176/800 : Query Acc = 20.00, Avg Acc = 22.10% +- 0.69%
ChestX iteration 177/800 : Query Acc = 24.00, Avg Acc = 22.11% +- 0.68%
ChestX iteration 178/800 : Query Acc = 18.67, Avg Acc = 22.09% +- 0.68%
ChestX iteration 179/800 : Query Acc = 18.67, Avg Acc = 22.07% +- 0.68%
ChestX iteration 180/800 : Query Acc = 20.00, Avg Acc = 22.06% +- 0.67%
ChestX iteration 181/800 : Query Acc = 24.00, Avg Acc = 22.07% +- 0.67%
ChestX iteration 182/800 : Query Acc = 17.33, Avg Acc = 22.05% +- 0.67%
ChestX iteration 183/800 : Query Acc = 26.67, Avg Acc = 22.07% +- 0.67%
ChestX iteration 184/800 : Query Acc = 21.33, Avg Acc = 22.07% +- 0.66%
ChestX iteration 185/800 : Query Acc = 10.67, Avg Acc = 22.01% +- 0.67%
ChestX iteration 186/800 : Query Acc = 21.33, Avg Acc = 22.00% +- 0.67%
ChestX iteration 187/800 : Query Acc = 18.67, Avg Acc = 21.99% +- 0.67%
ChestX iteration 188/800 : Query Acc = 18.67, Avg Acc = 21.97% +- 0.66%
ChestX iteration 189/800 : Query Acc = 17.33, Avg Acc = 21.94% +- 0.66%
ChestX iteration 190/800 : Query Acc = 25.33, Avg Acc = 21.96% +- 0.66%
ChestX iteration 191/800 : Query Acc = 18.67, Avg Acc = 21.94% +- 0.66%
ChestX iteration 192/800 : Query Acc = 20.00, Avg Acc = 21.93% +- 0.65%
ChestX iteration 193/800 : Query Acc = 24.00, Avg Acc = 21.95% +- 0.65%
ChestX iteration 194/800 : Query Acc = 24.00, Avg Acc = 21.96% +- 0.65%
ChestX iteration 195/800 : Query Acc = 20.00, Avg Acc = 21.95% +- 0.64%
ChestX iteration 196/800 : Query Acc = 22.67, Avg Acc = 21.95% +- 0.64%
ChestX iteration 197/800 : Query Acc = 16.00, Avg Acc = 21.92% +- 0.64%
ChestX iteration 198/800 : Query Acc = 18.67, Avg Acc = 21.90% +- 0.64%
ChestX iteration 199/800 : Query Acc = 21.33, Avg Acc = 21.90% +- 0.63%
ChestX iteration 200/800 : Query Acc = 20.00, Avg Acc = 21.89% +- 0.63%
ChestX | 200 / 800 Acc = 21.89% +- 0.63%
ChestX iteration 201/800 : Query Acc = 24.00, Avg Acc = 21.90% +- 0.63%
ChestX iteration 202/800 : Query Acc = 26.67, Avg Acc = 21.92% +- 0.63%
ChestX iteration 203/800 : Query Acc = 20.00, Avg Acc = 21.92% +- 0.62%
ChestX iteration 204/800 : Query Acc = 29.33, Avg Acc = 21.95% +- 0.63%
ChestX iteration 205/800 : Query Acc = 20.00, Avg Acc = 21.94% +- 0.62%
ChestX iteration 206/800 : Query Acc = 14.67, Avg Acc = 21.91% +- 0.62%
ChestX iteration 207/800 : Query Acc = 16.00, Avg Acc = 21.88% +- 0.62%
ChestX iteration 208/800 : Query Acc = 20.00, Avg Acc = 21.87% +- 0.62%
ChestX iteration 209/800 : Query Acc = 22.67, Avg Acc = 21.87% +- 0.62%
ChestX iteration 210/800 : Query Acc = 18.67, Avg Acc = 21.86% +- 0.61%
ChestX iteration 211/800 : Query Acc = 20.00, Avg Acc = 21.85% +- 0.61%
ChestX iteration 212/800 : Query Acc = 14.67, Avg Acc = 21.82% +- 0.61%
ChestX iteration 213/800 : Query Acc = 20.00, Avg Acc = 21.81% +- 0.61%
ChestX iteration 214/800 : Query Acc = 26.67, Avg Acc = 21.83% +- 0.61%
ChestX iteration 215/800 : Query Acc = 14.67, Avg Acc = 21.80% +- 0.61%
ChestX iteration 216/800 : Query Acc = 25.33, Avg Acc = 21.81% +- 0.61%
ChestX iteration 217/800 : Query Acc = 29.33, Avg Acc = 21.85% +- 0.61%
ChestX iteration 218/800 : Query Acc = 20.00, Avg Acc = 21.84% +- 0.61%
ChestX iteration 219/800 : Query Acc = 29.33, Avg Acc = 21.87% +- 0.61%
ChestX iteration 220/800 : Query Acc = 14.67, Avg Acc = 21.84% +- 0.61%
ChestX iteration 221/800 : Query Acc = 24.00, Avg Acc = 21.85% +- 0.61%
ChestX iteration 222/800 : Query Acc = 25.33, Avg Acc = 21.87% +- 0.60%
ChestX iteration 223/800 : Query Acc = 28.00, Avg Acc = 21.89% +- 0.60%
ChestX iteration 224/800 : Query Acc = 22.67, Avg Acc = 21.90% +- 0.60%
ChestX iteration 225/800 : Query Acc = 29.33, Avg Acc = 21.93% +- 0.60%
ChestX iteration 226/800 : Query Acc = 13.33, Avg Acc = 21.89% +- 0.60%
ChestX iteration 227/800 : Query Acc = 25.33, Avg Acc = 21.91% +- 0.60%
ChestX iteration 228/800 : Query Acc = 12.00, Avg Acc = 21.86% +- 0.60%
ChestX iteration 229/800 : Query Acc = 26.67, Avg Acc = 21.88% +- 0.60%
ChestX iteration 230/800 : Query Acc = 28.00, Avg Acc = 21.91% +- 0.60%
ChestX iteration 231/800 : Query Acc = 20.00, Avg Acc = 21.90% +- 0.60%
ChestX iteration 232/800 : Query Acc = 16.00, Avg Acc = 21.88% +- 0.60%
ChestX iteration 233/800 : Query Acc = 22.67, Avg Acc = 21.88% +- 0.60%
ChestX iteration 234/800 : Query Acc = 21.33, Avg Acc = 21.88% +- 0.59%
ChestX iteration 235/800 : Query Acc = 17.33, Avg Acc = 21.86% +- 0.59%
ChestX iteration 236/800 : Query Acc = 24.00, Avg Acc = 21.87% +- 0.59%
ChestX iteration 237/800 : Query Acc = 13.33, Avg Acc = 21.83% +- 0.59%
ChestX iteration 238/800 : Query Acc = 14.67, Avg Acc = 21.80% +- 0.59%
ChestX iteration 239/800 : Query Acc = 24.00, Avg Acc = 21.81% +- 0.59%
ChestX iteration 240/800 : Query Acc = 22.67, Avg Acc = 21.81% +- 0.59%
ChestX iteration 241/800 : Query Acc = 24.00, Avg Acc = 21.82% +- 0.59%
ChestX iteration 242/800 : Query Acc = 29.33, Avg Acc = 21.85% +- 0.59%
ChestX iteration 243/800 : Query Acc = 26.67, Avg Acc = 21.87% +- 0.59%
ChestX iteration 244/800 : Query Acc = 22.67, Avg Acc = 21.88% +- 0.58%
ChestX iteration 245/800 : Query Acc = 16.00, Avg Acc = 21.85% +- 0.58%
ChestX iteration 246/800 : Query Acc = 25.33, Avg Acc = 21.87% +- 0.58%
ChestX iteration 247/800 : Query Acc = 25.33, Avg Acc = 21.88% +- 0.58%
ChestX iteration 248/800 : Query Acc = 26.67, Avg Acc = 21.90% +- 0.58%
ChestX iteration 249/800 : Query Acc = 25.33, Avg Acc = 21.91% +- 0.58%
ChestX iteration 250/800 : Query Acc = 25.33, Avg Acc = 21.93% +- 0.58%
ChestX iteration 251/800 : Query Acc = 20.00, Avg Acc = 21.92% +- 0.57%
ChestX iteration 252/800 : Query Acc = 20.00, Avg Acc = 21.91% +- 0.57%
ChestX iteration 253/800 : Query Acc = 22.67, Avg Acc = 21.92% +- 0.57%
ChestX iteration 254/800 : Query Acc = 21.33, Avg Acc = 21.91% +- 0.57%
ChestX iteration 255/800 : Query Acc = 24.00, Avg Acc = 21.92% +- 0.56%
ChestX iteration 256/800 : Query Acc = 17.33, Avg Acc = 21.90% +- 0.56%
ChestX iteration 257/800 : Query Acc = 18.67, Avg Acc = 21.89% +- 0.56%
ChestX iteration 258/800 : Query Acc = 21.33, Avg Acc = 21.89% +- 0.56%
ChestX iteration 259/800 : Query Acc = 24.00, Avg Acc = 21.90% +- 0.56%
ChestX iteration 260/800 : Query Acc = 26.67, Avg Acc = 21.92% +- 0.56%
ChestX iteration 261/800 : Query Acc = 17.33, Avg Acc = 21.90% +- 0.56%
ChestX iteration 262/800 : Query Acc = 21.33, Avg Acc = 21.90% +- 0.55%
ChestX iteration 263/800 : Query Acc = 28.00, Avg Acc = 21.92% +- 0.55%
ChestX iteration 264/800 : Query Acc = 21.33, Avg Acc = 21.92% +- 0.55%
ChestX iteration 265/800 : Query Acc = 20.00, Avg Acc = 21.91% +- 0.55%
ChestX iteration 266/800 : Query Acc = 20.00, Avg Acc = 21.90% +- 0.55%
ChestX iteration 267/800 : Query Acc = 22.67, Avg Acc = 21.91% +- 0.55%
ChestX iteration 268/800 : Query Acc = 30.67, Avg Acc = 21.94% +- 0.55%
ChestX iteration 269/800 : Query Acc = 17.33, Avg Acc = 21.92% +- 0.55%
ChestX iteration 270/800 : Query Acc = 17.33, Avg Acc = 21.90% +- 0.55%
ChestX iteration 271/800 : Query Acc = 14.67, Avg Acc = 21.88% +- 0.55%
ChestX iteration 272/800 : Query Acc = 22.67, Avg Acc = 21.88% +- 0.54%
ChestX iteration 273/800 : Query Acc = 24.00, Avg Acc = 21.89% +- 0.54%
ChestX iteration 274/800 : Query Acc = 17.33, Avg Acc = 21.87% +- 0.54%
ChestX iteration 275/800 : Query Acc = 26.67, Avg Acc = 21.89% +- 0.54%
ChestX iteration 276/800 : Query Acc = 18.67, Avg Acc = 21.88% +- 0.54%
ChestX iteration 277/800 : Query Acc = 17.33, Avg Acc = 21.86% +- 0.54%
ChestX iteration 278/800 : Query Acc = 29.33, Avg Acc = 21.89% +- 0.54%
ChestX iteration 279/800 : Query Acc = 21.33, Avg Acc = 21.89% +- 0.54%
ChestX iteration 280/800 : Query Acc = 18.67, Avg Acc = 21.87% +- 0.54%
ChestX iteration 281/800 : Query Acc = 24.00, Avg Acc = 21.88% +- 0.53%
ChestX iteration 282/800 : Query Acc = 17.33, Avg Acc = 21.87% +- 0.53%
ChestX iteration 283/800 : Query Acc = 17.33, Avg Acc = 21.85% +- 0.53%
ChestX iteration 284/800 : Query Acc = 26.67, Avg Acc = 21.87% +- 0.53%
ChestX iteration 285/800 : Query Acc = 17.33, Avg Acc = 21.85% +- 0.53%
ChestX iteration 286/800 : Query Acc = 18.67, Avg Acc = 21.84% +- 0.53%
ChestX iteration 287/800 : Query Acc = 17.33, Avg Acc = 21.82% +- 0.53%
ChestX iteration 288/800 : Query Acc = 29.33, Avg Acc = 21.85% +- 0.53%
ChestX iteration 289/800 : Query Acc = 28.00, Avg Acc = 21.87% +- 0.53%
ChestX iteration 290/800 : Query Acc = 21.33, Avg Acc = 21.87% +- 0.53%
ChestX iteration 291/800 : Query Acc = 28.00, Avg Acc = 21.89% +- 0.53%
ChestX iteration 292/800 : Query Acc = 25.33, Avg Acc = 21.90% +- 0.52%
ChestX iteration 293/800 : Query Acc = 22.67, Avg Acc = 21.90% +- 0.52%
ChestX iteration 294/800 : Query Acc = 17.33, Avg Acc = 21.89% +- 0.52%
ChestX iteration 295/800 : Query Acc = 24.00, Avg Acc = 21.90% +- 0.52%
ChestX iteration 296/800 : Query Acc = 20.00, Avg Acc = 21.89% +- 0.52%
ChestX iteration 297/800 : Query Acc = 20.00, Avg Acc = 21.88% +- 0.52%
ChestX iteration 298/800 : Query Acc = 21.33, Avg Acc = 21.88% +- 0.52%
ChestX iteration 299/800 : Query Acc = 17.33, Avg Acc = 21.87% +- 0.51%
ChestX iteration 300/800 : Query Acc = 20.00, Avg Acc = 21.86% +- 0.51%
ChestX | 300 / 800 Acc = 21.86% +- 0.51%
ChestX iteration 301/800 : Query Acc = 33.33, Avg Acc = 21.90% +- 0.52%
ChestX iteration 302/800 : Query Acc = 18.67, Avg Acc = 21.89% +- 0.52%
ChestX iteration 303/800 : Query Acc = 22.67, Avg Acc = 21.89% +- 0.51%
ChestX iteration 304/800 : Query Acc = 22.67, Avg Acc = 21.89% +- 0.51%
ChestX iteration 305/800 : Query Acc = 18.67, Avg Acc = 21.88% +- 0.51%
ChestX iteration 306/800 : Query Acc = 20.00, Avg Acc = 21.88% +- 0.51%
ChestX iteration 307/800 : Query Acc = 16.00, Avg Acc = 21.86% +- 0.51%
ChestX iteration 308/800 : Query Acc = 20.00, Avg Acc = 21.85% +- 0.51%
ChestX iteration 309/800 : Query Acc = 18.67, Avg Acc = 21.84% +- 0.51%
ChestX iteration 310/800 : Query Acc = 34.67, Avg Acc = 21.88% +- 0.51%
ChestX iteration 311/800 : Query Acc = 24.00, Avg Acc = 21.89% +- 0.51%
ChestX iteration 312/800 : Query Acc = 21.33, Avg Acc = 21.89% +- 0.51%
ChestX iteration 313/800 : Query Acc = 20.00, Avg Acc = 21.88% +- 0.51%
ChestX iteration 314/800 : Query Acc = 21.33, Avg Acc = 21.88% +- 0.50%
ChestX iteration 315/800 : Query Acc = 13.33, Avg Acc = 21.85% +- 0.51%
ChestX iteration 316/800 : Query Acc = 18.67, Avg Acc = 21.84% +- 0.50%
ChestX iteration 317/800 : Query Acc = 22.67, Avg Acc = 21.84% +- 0.50%
ChestX iteration 318/800 : Query Acc = 16.00, Avg Acc = 21.83% +- 0.50%
ChestX iteration 319/800 : Query Acc = 28.00, Avg Acc = 21.85% +- 0.50%
ChestX iteration 320/800 : Query Acc = 22.67, Avg Acc = 21.85% +- 0.50%
ChestX iteration 321/800 : Query Acc = 24.00, Avg Acc = 21.86% +- 0.50%
ChestX iteration 322/800 : Query Acc = 21.33, Avg Acc = 21.85% +- 0.50%
ChestX iteration 323/800 : Query Acc = 21.33, Avg Acc = 21.85% +- 0.50%
ChestX iteration 324/800 : Query Acc = 20.00, Avg Acc = 21.85% +- 0.50%
ChestX iteration 325/800 : Query Acc = 16.00, Avg Acc = 21.83% +- 0.50%
ChestX iteration 326/800 : Query Acc = 16.00, Avg Acc = 21.81% +- 0.49%
ChestX iteration 327/800 : Query Acc = 18.67, Avg Acc = 21.80% +- 0.49%
ChestX iteration 328/800 : Query Acc = 17.33, Avg Acc = 21.79% +- 0.49%
ChestX iteration 329/800 : Query Acc = 24.00, Avg Acc = 21.79% +- 0.49%
ChestX iteration 330/800 : Query Acc = 25.33, Avg Acc = 21.80% +- 0.49%
ChestX iteration 331/800 : Query Acc = 21.33, Avg Acc = 21.80% +- 0.49%
ChestX iteration 332/800 : Query Acc = 17.33, Avg Acc = 21.79% +- 0.49%
ChestX iteration 333/800 : Query Acc = 22.67, Avg Acc = 21.79% +- 0.49%
ChestX iteration 334/800 : Query Acc = 16.00, Avg Acc = 21.78% +- 0.49%
ChestX iteration 335/800 : Query Acc = 22.67, Avg Acc = 21.78% +- 0.49%
ChestX iteration 336/800 : Query Acc = 13.33, Avg Acc = 21.75% +- 0.49%
ChestX iteration 337/800 : Query Acc = 26.67, Avg Acc = 21.77% +- 0.49%
ChestX iteration 338/800 : Query Acc = 20.00, Avg Acc = 21.76% +- 0.48%
ChestX iteration 339/800 : Query Acc = 30.67, Avg Acc = 21.79% +- 0.49%
ChestX iteration 340/800 : Query Acc = 26.67, Avg Acc = 21.80% +- 0.48%
ChestX iteration 341/800 : Query Acc = 20.00, Avg Acc = 21.80% +- 0.48%
ChestX iteration 342/800 : Query Acc = 25.33, Avg Acc = 21.81% +- 0.48%
ChestX iteration 343/800 : Query Acc = 20.00, Avg Acc = 21.80% +- 0.48%
ChestX iteration 344/800 : Query Acc = 26.67, Avg Acc = 21.82% +- 0.48%
ChestX iteration 345/800 : Query Acc = 25.33, Avg Acc = 21.83% +- 0.48%
ChestX iteration 346/800 : Query Acc = 16.00, Avg Acc = 21.81% +- 0.48%
ChestX iteration 347/800 : Query Acc = 20.00, Avg Acc = 21.80% +- 0.48%
ChestX iteration 348/800 : Query Acc = 18.67, Avg Acc = 21.80% +- 0.48%
ChestX iteration 349/800 : Query Acc = 24.00, Avg Acc = 21.80% +- 0.48%
ChestX iteration 350/800 : Query Acc = 18.67, Avg Acc = 21.79% +- 0.47%
ChestX iteration 351/800 : Query Acc = 22.67, Avg Acc = 21.80% +- 0.47%
ChestX iteration 352/800 : Query Acc = 14.67, Avg Acc = 21.78% +- 0.47%
ChestX iteration 353/800 : Query Acc = 21.33, Avg Acc = 21.77% +- 0.47%
ChestX iteration 354/800 : Query Acc = 21.33, Avg Acc = 21.77% +- 0.47%
ChestX iteration 355/800 : Query Acc = 22.67, Avg Acc = 21.78% +- 0.47%
ChestX iteration 356/800 : Query Acc = 22.67, Avg Acc = 21.78% +- 0.47%
ChestX iteration 357/800 : Query Acc = 18.67, Avg Acc = 21.77% +- 0.47%
ChestX iteration 358/800 : Query Acc = 29.33, Avg Acc = 21.79% +- 0.47%
ChestX iteration 359/800 : Query Acc = 28.00, Avg Acc = 21.81% +- 0.47%
ChestX iteration 360/800 : Query Acc = 26.67, Avg Acc = 21.82% +- 0.47%
ChestX iteration 361/800 : Query Acc = 9.33, Avg Acc = 21.79% +- 0.47%
ChestX iteration 362/800 : Query Acc = 21.33, Avg Acc = 21.79% +- 0.47%
ChestX iteration 363/800 : Query Acc = 20.00, Avg Acc = 21.78% +- 0.47%
ChestX iteration 364/800 : Query Acc = 18.67, Avg Acc = 21.77% +- 0.47%
ChestX iteration 365/800 : Query Acc = 18.67, Avg Acc = 21.76% +- 0.47%
ChestX iteration 366/800 : Query Acc = 28.00, Avg Acc = 21.78% +- 0.47%
ChestX iteration 367/800 : Query Acc = 26.67, Avg Acc = 21.79% +- 0.47%
ChestX iteration 368/800 : Query Acc = 25.33, Avg Acc = 21.80% +- 0.47%
ChestX iteration 369/800 : Query Acc = 21.33, Avg Acc = 21.80% +- 0.46%
ChestX iteration 370/800 : Query Acc = 18.67, Avg Acc = 21.79% +- 0.46%
ChestX iteration 371/800 : Query Acc = 24.00, Avg Acc = 21.80% +- 0.46%
ChestX iteration 372/800 : Query Acc = 20.00, Avg Acc = 21.79% +- 0.46%
ChestX iteration 373/800 : Query Acc = 18.67, Avg Acc = 21.79% +- 0.46%
ChestX iteration 374/800 : Query Acc = 22.67, Avg Acc = 21.79% +- 0.46%
ChestX iteration 375/800 : Query Acc = 29.33, Avg Acc = 21.81% +- 0.46%
ChestX iteration 376/800 : Query Acc = 20.00, Avg Acc = 21.80% +- 0.46%
ChestX iteration 377/800 : Query Acc = 18.67, Avg Acc = 21.80% +- 0.46%
ChestX iteration 378/800 : Query Acc = 14.67, Avg Acc = 21.78% +- 0.46%
ChestX iteration 379/800 : Query Acc = 22.67, Avg Acc = 21.78% +- 0.46%
ChestX iteration 380/800 : Query Acc = 18.67, Avg Acc = 21.77% +- 0.46%
ChestX iteration 381/800 : Query Acc = 26.67, Avg Acc = 21.78% +- 0.45%
ChestX iteration 382/800 : Query Acc = 22.67, Avg Acc = 21.79% +- 0.45%
ChestX iteration 383/800 : Query Acc = 22.67, Avg Acc = 21.79% +- 0.45%
ChestX iteration 384/800 : Query Acc = 16.00, Avg Acc = 21.77% +- 0.45%
ChestX iteration 385/800 : Query Acc = 17.33, Avg Acc = 21.76% +- 0.45%
ChestX iteration 386/800 : Query Acc = 22.67, Avg Acc = 21.76% +- 0.45%
ChestX iteration 387/800 : Query Acc = 17.33, Avg Acc = 21.75% +- 0.45%
ChestX iteration 388/800 : Query Acc = 24.00, Avg Acc = 21.76% +- 0.45%
ChestX iteration 389/800 : Query Acc = 25.33, Avg Acc = 21.77% +- 0.45%
ChestX iteration 390/800 : Query Acc = 24.00, Avg Acc = 21.77% +- 0.45%
ChestX iteration 391/800 : Query Acc = 24.00, Avg Acc = 21.78% +- 0.45%
ChestX iteration 392/800 : Query Acc = 28.00, Avg Acc = 21.79% +- 0.45%
ChestX iteration 393/800 : Query Acc = 24.00, Avg Acc = 21.80% +- 0.44%
ChestX iteration 394/800 : Query Acc = 18.67, Avg Acc = 21.79% +- 0.44%
ChestX iteration 395/800 : Query Acc = 20.00, Avg Acc = 21.79% +- 0.44%
ChestX iteration 396/800 : Query Acc = 25.33, Avg Acc = 21.80% +- 0.44%
ChestX iteration 397/800 : Query Acc = 22.67, Avg Acc = 21.80% +- 0.44%
ChestX iteration 398/800 : Query Acc = 17.33, Avg Acc = 21.79% +- 0.44%
ChestX iteration 399/800 : Query Acc = 16.00, Avg Acc = 21.77% +- 0.44%
ChestX iteration 400/800 : Query Acc = 13.33, Avg Acc = 21.75% +- 0.44%
ChestX | 400 / 800 Acc = 21.75% +- 0.44%
ChestX iteration 401/800 : Query Acc = 22.67, Avg Acc = 21.75% +- 0.44%
ChestX iteration 402/800 : Query Acc = 21.33, Avg Acc = 21.75% +- 0.44%
ChestX iteration 403/800 : Query Acc = 22.67, Avg Acc = 21.76% +- 0.44%
ChestX iteration 404/800 : Query Acc = 28.00, Avg Acc = 21.77% +- 0.44%
ChestX iteration 405/800 : Query Acc = 22.67, Avg Acc = 21.77% +- 0.44%
ChestX iteration 406/800 : Query Acc = 22.67, Avg Acc = 21.78% +- 0.44%
ChestX iteration 407/800 : Query Acc = 18.67, Avg Acc = 21.77% +- 0.44%
ChestX iteration 408/800 : Query Acc = 26.67, Avg Acc = 21.78% +- 0.43%
ChestX iteration 409/800 : Query Acc = 14.67, Avg Acc = 21.76% +- 0.43%
ChestX iteration 410/800 : Query Acc = 14.67, Avg Acc = 21.75% +- 0.44%
ChestX iteration 411/800 : Query Acc = 13.33, Avg Acc = 21.72% +- 0.44%
ChestX iteration 412/800 : Query Acc = 22.67, Avg Acc = 21.73% +- 0.43%
ChestX iteration 413/800 : Query Acc = 20.00, Avg Acc = 21.72% +- 0.43%
ChestX iteration 414/800 : Query Acc = 24.00, Avg Acc = 21.73% +- 0.43%
ChestX iteration 415/800 : Query Acc = 20.00, Avg Acc = 21.72% +- 0.43%
ChestX iteration 416/800 : Query Acc = 22.67, Avg Acc = 21.73% +- 0.43%
ChestX iteration 417/800 : Query Acc = 21.33, Avg Acc = 21.73% +- 0.43%
ChestX iteration 418/800 : Query Acc = 20.00, Avg Acc = 21.72% +- 0.43%
ChestX iteration 419/800 : Query Acc = 17.33, Avg Acc = 21.71% +- 0.43%
ChestX iteration 420/800 : Query Acc = 22.67, Avg Acc = 21.71% +- 0.43%
ChestX iteration 421/800 : Query Acc = 25.33, Avg Acc = 21.72% +- 0.43%
ChestX iteration 422/800 : Query Acc = 28.00, Avg Acc = 21.74% +- 0.43%
ChestX iteration 423/800 : Query Acc = 20.00, Avg Acc = 21.73% +- 0.43%
ChestX iteration 424/800 : Query Acc = 34.67, Avg Acc = 21.76% +- 0.43%
ChestX iteration 425/800 : Query Acc = 22.67, Avg Acc = 21.77% +- 0.43%
ChestX iteration 426/800 : Query Acc = 21.33, Avg Acc = 21.76% +- 0.43%
ChestX iteration 427/800 : Query Acc = 20.00, Avg Acc = 21.76% +- 0.43%
ChestX iteration 428/800 : Query Acc = 18.67, Avg Acc = 21.75% +- 0.43%
ChestX iteration 429/800 : Query Acc = 22.67, Avg Acc = 21.76% +- 0.42%
ChestX iteration 430/800 : Query Acc = 17.33, Avg Acc = 21.74% +- 0.42%
ChestX iteration 431/800 : Query Acc = 21.33, Avg Acc = 21.74% +- 0.42%
ChestX iteration 432/800 : Query Acc = 17.33, Avg Acc = 21.73% +- 0.42%
ChestX iteration 433/800 : Query Acc = 22.67, Avg Acc = 21.74% +- 0.42%
ChestX iteration 434/800 : Query Acc = 29.33, Avg Acc = 21.75% +- 0.42%
ChestX iteration 435/800 : Query Acc = 21.33, Avg Acc = 21.75% +- 0.42%
ChestX iteration 436/800 : Query Acc = 32.00, Avg Acc = 21.78% +- 0.42%
ChestX iteration 437/800 : Query Acc = 18.67, Avg Acc = 21.77% +- 0.42%
ChestX iteration 438/800 : Query Acc = 14.67, Avg Acc = 21.75% +- 0.42%
ChestX iteration 439/800 : Query Acc = 18.67, Avg Acc = 21.75% +- 0.42%
ChestX iteration 440/800 : Query Acc = 21.33, Avg Acc = 21.74% +- 0.42%
ChestX iteration 441/800 : Query Acc = 26.67, Avg Acc = 21.76% +- 0.42%
ChestX iteration 442/800 : Query Acc = 18.67, Avg Acc = 21.75% +- 0.42%
ChestX iteration 443/800 : Query Acc = 21.33, Avg Acc = 21.75% +- 0.42%
ChestX iteration 444/800 : Query Acc = 16.00, Avg Acc = 21.73% +- 0.42%
ChestX iteration 445/800 : Query Acc = 25.33, Avg Acc = 21.74% +- 0.42%
ChestX iteration 446/800 : Query Acc = 22.67, Avg Acc = 21.74% +- 0.42%
ChestX iteration 447/800 : Query Acc = 21.33, Avg Acc = 21.74% +- 0.42%
ChestX iteration 448/800 : Query Acc = 22.67, Avg Acc = 21.75% +- 0.41%
ChestX iteration 449/800 : Query Acc = 22.67, Avg Acc = 21.75% +- 0.41%
ChestX iteration 450/800 : Query Acc = 21.33, Avg Acc = 21.75% +- 0.41%
ChestX iteration 451/800 : Query Acc = 25.33, Avg Acc = 21.76% +- 0.41%
ChestX iteration 452/800 : Query Acc = 18.67, Avg Acc = 21.75% +- 0.41%
ChestX iteration 453/800 : Query Acc = 18.67, Avg Acc = 21.74% +- 0.41%
ChestX iteration 454/800 : Query Acc = 16.00, Avg Acc = 21.73% +- 0.41%
ChestX iteration 455/800 : Query Acc = 21.33, Avg Acc = 21.73% +- 0.41%
ChestX iteration 456/800 : Query Acc = 29.33, Avg Acc = 21.74% +- 0.41%
ChestX iteration 457/800 : Query Acc = 18.67, Avg Acc = 21.74% +- 0.41%
ChestX iteration 458/800 : Query Acc = 21.33, Avg Acc = 21.74% +- 0.41%
ChestX iteration 459/800 : Query Acc = 13.33, Avg Acc = 21.72% +- 0.41%
ChestX iteration 460/800 : Query Acc = 30.67, Avg Acc = 21.74% +- 0.41%
ChestX iteration 461/800 : Query Acc = 26.67, Avg Acc = 21.75% +- 0.41%
ChestX iteration 462/800 : Query Acc = 21.33, Avg Acc = 21.75% +- 0.41%
ChestX iteration 463/800 : Query Acc = 26.67, Avg Acc = 21.76% +- 0.41%
ChestX iteration 464/800 : Query Acc = 21.33, Avg Acc = 21.76% +- 0.41%
ChestX iteration 465/800 : Query Acc = 24.00, Avg Acc = 21.76% +- 0.41%
ChestX iteration 466/800 : Query Acc = 24.00, Avg Acc = 21.77% +- 0.41%
ChestX iteration 467/800 : Query Acc = 22.67, Avg Acc = 21.77% +- 0.41%
ChestX iteration 468/800 : Query Acc = 24.00, Avg Acc = 21.77% +- 0.40%
ChestX iteration 469/800 : Query Acc = 18.67, Avg Acc = 21.77% +- 0.40%
ChestX iteration 470/800 : Query Acc = 16.00, Avg Acc = 21.76% +- 0.40%
ChestX iteration 471/800 : Query Acc = 17.33, Avg Acc = 21.75% +- 0.40%
ChestX iteration 472/800 : Query Acc = 13.33, Avg Acc = 21.73% +- 0.40%
ChestX iteration 473/800 : Query Acc = 26.67, Avg Acc = 21.74% +- 0.40%
ChestX iteration 474/800 : Query Acc = 26.67, Avg Acc = 21.75% +- 0.40%
ChestX iteration 475/800 : Query Acc = 14.67, Avg Acc = 21.73% +- 0.40%
ChestX iteration 476/800 : Query Acc = 26.67, Avg Acc = 21.74% +- 0.40%
ChestX iteration 477/800 : Query Acc = 26.67, Avg Acc = 21.75% +- 0.40%
ChestX iteration 478/800 : Query Acc = 26.67, Avg Acc = 21.76% +- 0.40%
ChestX iteration 479/800 : Query Acc = 33.33, Avg Acc = 21.79% +- 0.40%
ChestX iteration 480/800 : Query Acc = 20.00, Avg Acc = 21.79% +- 0.40%
ChestX iteration 481/800 : Query Acc = 20.00, Avg Acc = 21.78% +- 0.40%
ChestX iteration 482/800 : Query Acc = 22.67, Avg Acc = 21.78% +- 0.40%
ChestX iteration 483/800 : Query Acc = 14.67, Avg Acc = 21.77% +- 0.40%
ChestX iteration 484/800 : Query Acc = 20.00, Avg Acc = 21.76% +- 0.40%
ChestX iteration 485/800 : Query Acc = 28.00, Avg Acc = 21.78% +- 0.40%
ChestX iteration 486/800 : Query Acc = 24.00, Avg Acc = 21.78% +- 0.40%
ChestX iteration 487/800 : Query Acc = 18.67, Avg Acc = 21.78% +- 0.40%
ChestX iteration 488/800 : Query Acc = 24.00, Avg Acc = 21.78% +- 0.40%
ChestX iteration 489/800 : Query Acc = 26.67, Avg Acc = 21.79% +- 0.40%
ChestX iteration 490/800 : Query Acc = 17.33, Avg Acc = 21.78% +- 0.40%
ChestX iteration 491/800 : Query Acc = 33.33, Avg Acc = 21.80% +- 0.40%
ChestX iteration 492/800 : Query Acc = 16.00, Avg Acc = 21.79% +- 0.40%
ChestX iteration 493/800 : Query Acc = 21.33, Avg Acc = 21.79% +- 0.40%
ChestX iteration 494/800 : Query Acc = 26.67, Avg Acc = 21.80% +- 0.40%
ChestX iteration 495/800 : Query Acc = 24.00, Avg Acc = 21.81% +- 0.40%
ChestX iteration 496/800 : Query Acc = 30.67, Avg Acc = 21.82% +- 0.40%
ChestX iteration 497/800 : Query Acc = 22.67, Avg Acc = 21.83% +- 0.40%
ChestX iteration 498/800 : Query Acc = 24.00, Avg Acc = 21.83% +- 0.40%
ChestX iteration 499/800 : Query Acc = 28.00, Avg Acc = 21.84% +- 0.40%
ChestX iteration 500/800 : Query Acc = 21.33, Avg Acc = 21.84% +- 0.40%
ChestX | 500 / 800 Acc = 21.84% +- 0.40%
ChestX iteration 501/800 : Query Acc = 18.67, Avg Acc = 21.84% +- 0.40%
ChestX iteration 502/800 : Query Acc = 24.00, Avg Acc = 21.84% +- 0.40%
ChestX iteration 503/800 : Query Acc = 17.33, Avg Acc = 21.83% +- 0.40%
ChestX iteration 504/800 : Query Acc = 17.33, Avg Acc = 21.82% +- 0.39%
ChestX iteration 505/800 : Query Acc = 24.00, Avg Acc = 21.83% +- 0.39%
ChestX iteration 506/800 : Query Acc = 28.00, Avg Acc = 21.84% +- 0.39%
ChestX iteration 507/800 : Query Acc = 17.33, Avg Acc = 21.83% +- 0.39%
ChestX iteration 508/800 : Query Acc = 12.00, Avg Acc = 21.81% +- 0.39%
ChestX iteration 509/800 : Query Acc = 20.00, Avg Acc = 21.81% +- 0.39%
ChestX iteration 510/800 : Query Acc = 21.33, Avg Acc = 21.81% +- 0.39%
ChestX iteration 511/800 : Query Acc = 22.67, Avg Acc = 21.81% +- 0.39%
ChestX iteration 512/800 : Query Acc = 18.67, Avg Acc = 21.80% +- 0.39%
ChestX iteration 513/800 : Query Acc = 14.67, Avg Acc = 21.79% +- 0.39%
ChestX iteration 514/800 : Query Acc = 16.00, Avg Acc = 21.78% +- 0.39%
ChestX iteration 515/800 : Query Acc = 18.67, Avg Acc = 21.77% +- 0.39%
ChestX iteration 516/800 : Query Acc = 17.33, Avg Acc = 21.76% +- 0.39%
ChestX iteration 517/800 : Query Acc = 28.00, Avg Acc = 21.77% +- 0.39%
ChestX iteration 518/800 : Query Acc = 28.00, Avg Acc = 21.79% +- 0.39%
ChestX iteration 519/800 : Query Acc = 20.00, Avg Acc = 21.78% +- 0.39%
ChestX iteration 520/800 : Query Acc = 24.00, Avg Acc = 21.79% +- 0.39%
ChestX iteration 521/800 : Query Acc = 14.67, Avg Acc = 21.77% +- 0.39%
ChestX iteration 522/800 : Query Acc = 17.33, Avg Acc = 21.76% +- 0.39%
ChestX iteration 523/800 : Query Acc = 26.67, Avg Acc = 21.77% +- 0.39%
ChestX iteration 524/800 : Query Acc = 24.00, Avg Acc = 21.78% +- 0.39%
ChestX iteration 525/800 : Query Acc = 24.00, Avg Acc = 21.78% +- 0.39%
ChestX iteration 526/800 : Query Acc = 24.00, Avg Acc = 21.79% +- 0.39%
ChestX iteration 527/800 : Query Acc = 18.67, Avg Acc = 21.78% +- 0.39%
ChestX iteration 528/800 : Query Acc = 24.00, Avg Acc = 21.78% +- 0.39%
ChestX iteration 529/800 : Query Acc = 24.00, Avg Acc = 21.79% +- 0.39%
ChestX iteration 530/800 : Query Acc = 25.33, Avg Acc = 21.80% +- 0.38%
ChestX iteration 531/800 : Query Acc = 12.00, Avg Acc = 21.78% +- 0.39%
ChestX iteration 532/800 : Query Acc = 18.67, Avg Acc = 21.77% +- 0.39%
ChestX iteration 533/800 : Query Acc = 20.00, Avg Acc = 21.77% +- 0.38%
ChestX iteration 534/800 : Query Acc = 18.67, Avg Acc = 21.76% +- 0.38%
ChestX iteration 535/800 : Query Acc = 21.33, Avg Acc = 21.76% +- 0.38%
ChestX iteration 536/800 : Query Acc = 24.00, Avg Acc = 21.77% +- 0.38%
ChestX iteration 537/800 : Query Acc = 21.33, Avg Acc = 21.76% +- 0.38%
ChestX iteration 538/800 : Query Acc = 24.00, Avg Acc = 21.77% +- 0.38%
ChestX iteration 539/800 : Query Acc = 22.67, Avg Acc = 21.77% +- 0.38%
ChestX iteration 540/800 : Query Acc = 14.67, Avg Acc = 21.76% +- 0.38%
ChestX iteration 541/800 : Query Acc = 24.00, Avg Acc = 21.76% +- 0.38%
ChestX iteration 542/800 : Query Acc = 24.00, Avg Acc = 21.77% +- 0.38%
ChestX iteration 543/800 : Query Acc = 20.00, Avg Acc = 21.76% +- 0.38%
ChestX iteration 544/800 : Query Acc = 26.67, Avg Acc = 21.77% +- 0.38%
ChestX iteration 545/800 : Query Acc = 22.67, Avg Acc = 21.77% +- 0.38%
ChestX iteration 546/800 : Query Acc = 28.00, Avg Acc = 21.78% +- 0.38%
ChestX iteration 547/800 : Query Acc = 13.33, Avg Acc = 21.77% +- 0.38%
ChestX iteration 548/800 : Query Acc = 16.00, Avg Acc = 21.76% +- 0.38%
ChestX iteration 549/800 : Query Acc = 24.00, Avg Acc = 21.76% +- 0.38%
ChestX iteration 550/800 : Query Acc = 22.67, Avg Acc = 21.76% +- 0.38%
ChestX iteration 551/800 : Query Acc = 24.00, Avg Acc = 21.77% +- 0.38%
ChestX iteration 552/800 : Query Acc = 25.33, Avg Acc = 21.77% +- 0.38%
ChestX iteration 553/800 : Query Acc = 20.00, Avg Acc = 21.77% +- 0.38%
ChestX iteration 554/800 : Query Acc = 24.00, Avg Acc = 21.78% +- 0.37%
ChestX iteration 555/800 : Query Acc = 29.33, Avg Acc = 21.79% +- 0.37%
ChestX iteration 556/800 : Query Acc = 17.33, Avg Acc = 21.78% +- 0.37%
ChestX iteration 557/800 : Query Acc = 28.00, Avg Acc = 21.79% +- 0.37%
ChestX iteration 558/800 : Query Acc = 28.00, Avg Acc = 21.80% +- 0.37%
ChestX iteration 559/800 : Query Acc = 21.33, Avg Acc = 21.80% +- 0.37%
ChestX iteration 560/800 : Query Acc = 16.00, Avg Acc = 21.79% +- 0.37%
ChestX iteration 561/800 : Query Acc = 32.00, Avg Acc = 21.81% +- 0.37%
ChestX iteration 562/800 : Query Acc = 24.00, Avg Acc = 21.81% +- 0.37%
ChestX iteration 563/800 : Query Acc = 18.67, Avg Acc = 21.81% +- 0.37%
ChestX iteration 564/800 : Query Acc = 17.33, Avg Acc = 21.80% +- 0.37%
ChestX iteration 565/800 : Query Acc = 24.00, Avg Acc = 21.80% +- 0.37%
ChestX iteration 566/800 : Query Acc = 18.67, Avg Acc = 21.80% +- 0.37%
ChestX iteration 567/800 : Query Acc = 22.67, Avg Acc = 21.80% +- 0.37%
ChestX iteration 568/800 : Query Acc = 22.67, Avg Acc = 21.80% +- 0.37%
ChestX iteration 569/800 : Query Acc = 18.67, Avg Acc = 21.80% +- 0.37%
ChestX iteration 570/800 : Query Acc = 28.00, Avg Acc = 21.81% +- 0.37%
ChestX iteration 571/800 : Query Acc = 24.00, Avg Acc = 21.81% +- 0.37%
ChestX iteration 572/800 : Query Acc = 22.67, Avg Acc = 21.81% +- 0.37%
ChestX iteration 573/800 : Query Acc = 21.33, Avg Acc = 21.81% +- 0.37%
ChestX iteration 574/800 : Query Acc = 16.00, Avg Acc = 21.80% +- 0.37%
ChestX iteration 575/800 : Query Acc = 25.33, Avg Acc = 21.81% +- 0.37%
ChestX iteration 576/800 : Query Acc = 20.00, Avg Acc = 21.80% +- 0.37%
ChestX iteration 577/800 : Query Acc = 25.33, Avg Acc = 21.81% +- 0.37%
ChestX iteration 578/800 : Query Acc = 24.00, Avg Acc = 21.81% +- 0.37%
ChestX iteration 579/800 : Query Acc = 14.67, Avg Acc = 21.80% +- 0.37%
ChestX iteration 580/800 : Query Acc = 17.33, Avg Acc = 21.79% +- 0.37%
ChestX iteration 581/800 : Query Acc = 26.67, Avg Acc = 21.80% +- 0.37%
ChestX iteration 582/800 : Query Acc = 14.67, Avg Acc = 21.79% +- 0.37%
ChestX iteration 583/800 : Query Acc = 22.67, Avg Acc = 21.79% +- 0.37%
ChestX iteration 584/800 : Query Acc = 10.67, Avg Acc = 21.77% +- 0.37%
ChestX iteration 585/800 : Query Acc = 12.00, Avg Acc = 21.76% +- 0.37%
ChestX iteration 586/800 : Query Acc = 21.33, Avg Acc = 21.76% +- 0.37%
ChestX iteration 587/800 : Query Acc = 21.33, Avg Acc = 21.76% +- 0.37%
ChestX iteration 588/800 : Query Acc = 18.67, Avg Acc = 21.75% +- 0.37%
ChestX iteration 589/800 : Query Acc = 24.00, Avg Acc = 21.75% +- 0.37%
ChestX iteration 590/800 : Query Acc = 22.67, Avg Acc = 21.76% +- 0.36%
ChestX iteration 591/800 : Query Acc = 18.67, Avg Acc = 21.75% +- 0.36%
ChestX iteration 592/800 : Query Acc = 17.33, Avg Acc = 21.74% +- 0.36%
ChestX iteration 593/800 : Query Acc = 32.00, Avg Acc = 21.76% +- 0.36%
ChestX iteration 594/800 : Query Acc = 25.33, Avg Acc = 21.77% +- 0.36%
ChestX iteration 595/800 : Query Acc = 26.67, Avg Acc = 21.77% +- 0.36%
ChestX iteration 596/800 : Query Acc = 24.00, Avg Acc = 21.78% +- 0.36%
ChestX iteration 597/800 : Query Acc = 24.00, Avg Acc = 21.78% +- 0.36%
ChestX iteration 598/800 : Query Acc = 17.33, Avg Acc = 21.77% +- 0.36%
ChestX iteration 599/800 : Query Acc = 21.33, Avg Acc = 21.77% +- 0.36%
ChestX iteration 600/800 : Query Acc = 24.00, Avg Acc = 21.78% +- 0.36%
ChestX | 600 / 800 Acc = 21.78% +- 0.36%
ChestX iteration 601/800 : Query Acc = 24.00, Avg Acc = 21.78% +- 0.36%
ChestX iteration 602/800 : Query Acc = 26.67, Avg Acc = 21.79% +- 0.36%
ChestX iteration 603/800 : Query Acc = 17.33, Avg Acc = 21.78% +- 0.36%
ChestX iteration 604/800 : Query Acc = 21.33, Avg Acc = 21.78% +- 0.36%
ChestX iteration 605/800 : Query Acc = 28.00, Avg Acc = 21.79% +- 0.36%
ChestX iteration 606/800 : Query Acc = 17.33, Avg Acc = 21.78% +- 0.36%
ChestX iteration 607/800 : Query Acc = 29.33, Avg Acc = 21.80% +- 0.36%
ChestX iteration 608/800 : Query Acc = 18.67, Avg Acc = 21.79% +- 0.36%
ChestX iteration 609/800 : Query Acc = 30.67, Avg Acc = 21.81% +- 0.36%
ChestX iteration 610/800 : Query Acc = 28.00, Avg Acc = 21.82% +- 0.36%
ChestX iteration 611/800 : Query Acc = 24.00, Avg Acc = 21.82% +- 0.36%
ChestX iteration 612/800 : Query Acc = 24.00, Avg Acc = 21.82% +- 0.36%
ChestX iteration 613/800 : Query Acc = 20.00, Avg Acc = 21.82% +- 0.36%
ChestX iteration 614/800 : Query Acc = 29.33, Avg Acc = 21.83% +- 0.36%
ChestX iteration 615/800 : Query Acc = 25.33, Avg Acc = 21.84% +- 0.36%
ChestX iteration 616/800 : Query Acc = 22.67, Avg Acc = 21.84% +- 0.36%
ChestX iteration 617/800 : Query Acc = 25.33, Avg Acc = 21.84% +- 0.36%
ChestX iteration 618/800 : Query Acc = 21.33, Avg Acc = 21.84% +- 0.36%
ChestX iteration 619/800 : Query Acc = 29.33, Avg Acc = 21.86% +- 0.36%
ChestX iteration 620/800 : Query Acc = 22.67, Avg Acc = 21.86% +- 0.36%
ChestX iteration 621/800 : Query Acc = 36.00, Avg Acc = 21.88% +- 0.36%
ChestX iteration 622/800 : Query Acc = 18.67, Avg Acc = 21.87% +- 0.36%
ChestX iteration 623/800 : Query Acc = 14.67, Avg Acc = 21.86% +- 0.36%
ChestX iteration 624/800 : Query Acc = 25.33, Avg Acc = 21.87% +- 0.36%
ChestX iteration 625/800 : Query Acc = 21.33, Avg Acc = 21.87% +- 0.36%
ChestX iteration 626/800 : Query Acc = 24.00, Avg Acc = 21.87% +- 0.36%
ChestX iteration 627/800 : Query Acc = 26.67, Avg Acc = 21.88% +- 0.36%
ChestX iteration 628/800 : Query Acc = 18.67, Avg Acc = 21.87% +- 0.36%
ChestX iteration 629/800 : Query Acc = 20.00, Avg Acc = 21.87% +- 0.36%
ChestX iteration 630/800 : Query Acc = 32.00, Avg Acc = 21.89% +- 0.36%
ChestX iteration 631/800 : Query Acc = 25.33, Avg Acc = 21.89% +- 0.36%
ChestX iteration 632/800 : Query Acc = 20.00, Avg Acc = 21.89% +- 0.36%
ChestX iteration 633/800 : Query Acc = 18.67, Avg Acc = 21.88% +- 0.36%
ChestX iteration 634/800 : Query Acc = 26.67, Avg Acc = 21.89% +- 0.35%
ChestX iteration 635/800 : Query Acc = 28.00, Avg Acc = 21.90% +- 0.35%
ChestX iteration 636/800 : Query Acc = 25.33, Avg Acc = 21.91% +- 0.35%
ChestX iteration 637/800 : Query Acc = 18.67, Avg Acc = 21.90% +- 0.35%
ChestX iteration 638/800 : Query Acc = 26.67, Avg Acc = 21.91% +- 0.35%
ChestX iteration 639/800 : Query Acc = 24.00, Avg Acc = 21.91% +- 0.35%
ChestX iteration 640/800 : Query Acc = 18.67, Avg Acc = 21.91% +- 0.35%
ChestX iteration 641/800 : Query Acc = 22.67, Avg Acc = 21.91% +- 0.35%
ChestX iteration 642/800 : Query Acc = 34.67, Avg Acc = 21.93% +- 0.35%
ChestX iteration 643/800 : Query Acc = 20.00, Avg Acc = 21.93% +- 0.35%
ChestX iteration 644/800 : Query Acc = 16.00, Avg Acc = 21.92% +- 0.35%
ChestX iteration 645/800 : Query Acc = 25.33, Avg Acc = 21.92% +- 0.35%
ChestX iteration 646/800 : Query Acc = 28.00, Avg Acc = 21.93% +- 0.35%
ChestX iteration 647/800 : Query Acc = 21.33, Avg Acc = 21.93% +- 0.35%
ChestX iteration 648/800 : Query Acc = 28.00, Avg Acc = 21.94% +- 0.35%
ChestX iteration 649/800 : Query Acc = 21.33, Avg Acc = 21.94% +- 0.35%
ChestX iteration 650/800 : Query Acc = 20.00, Avg Acc = 21.94% +- 0.35%
ChestX iteration 651/800 : Query Acc = 17.33, Avg Acc = 21.93% +- 0.35%
ChestX iteration 652/800 : Query Acc = 26.67, Avg Acc = 21.94% +- 0.35%
ChestX iteration 653/800 : Query Acc = 16.00, Avg Acc = 21.93% +- 0.35%
ChestX iteration 654/800 : Query Acc = 20.00, Avg Acc = 21.92% +- 0.35%
ChestX iteration 655/800 : Query Acc = 18.67, Avg Acc = 21.92% +- 0.35%
ChestX iteration 656/800 : Query Acc = 17.33, Avg Acc = 21.91% +- 0.35%
ChestX iteration 657/800 : Query Acc = 24.00, Avg Acc = 21.91% +- 0.35%
ChestX iteration 658/800 : Query Acc = 17.33, Avg Acc = 21.91% +- 0.35%
ChestX iteration 659/800 : Query Acc = 26.67, Avg Acc = 21.92% +- 0.35%
ChestX iteration 660/800 : Query Acc = 20.00, Avg Acc = 21.91% +- 0.35%
ChestX iteration 661/800 : Query Acc = 28.00, Avg Acc = 21.92% +- 0.35%
ChestX iteration 662/800 : Query Acc = 29.33, Avg Acc = 21.93% +- 0.35%
ChestX iteration 663/800 : Query Acc = 24.00, Avg Acc = 21.94% +- 0.35%
ChestX iteration 664/800 : Query Acc = 16.00, Avg Acc = 21.93% +- 0.35%
ChestX iteration 665/800 : Query Acc = 17.33, Avg Acc = 21.92% +- 0.35%
ChestX iteration 666/800 : Query Acc = 29.33, Avg Acc = 21.93% +- 0.35%
ChestX iteration 667/800 : Query Acc = 18.67, Avg Acc = 21.93% +- 0.35%
ChestX iteration 668/800 : Query Acc = 22.67, Avg Acc = 21.93% +- 0.35%
ChestX iteration 669/800 : Query Acc = 25.33, Avg Acc = 21.93% +- 0.35%
ChestX iteration 670/800 : Query Acc = 21.33, Avg Acc = 21.93% +- 0.35%
ChestX iteration 671/800 : Query Acc = 26.67, Avg Acc = 21.94% +- 0.35%
ChestX iteration 672/800 : Query Acc = 17.33, Avg Acc = 21.93% +- 0.35%
ChestX iteration 673/800 : Query Acc = 22.67, Avg Acc = 21.93% +- 0.34%
ChestX iteration 674/800 : Query Acc = 24.00, Avg Acc = 21.94% +- 0.34%
ChestX iteration 675/800 : Query Acc = 20.00, Avg Acc = 21.93% +- 0.34%
ChestX iteration 676/800 : Query Acc = 20.00, Avg Acc = 21.93% +- 0.34%
ChestX iteration 677/800 : Query Acc = 21.33, Avg Acc = 21.93% +- 0.34%
ChestX iteration 678/800 : Query Acc = 17.33, Avg Acc = 21.92% +- 0.34%
ChestX iteration 679/800 : Query Acc = 26.67, Avg Acc = 21.93% +- 0.34%
ChestX iteration 680/800 : Query Acc = 20.00, Avg Acc = 21.93% +- 0.34%
ChestX iteration 681/800 : Query Acc = 20.00, Avg Acc = 21.92% +- 0.34%
ChestX iteration 682/800 : Query Acc = 29.33, Avg Acc = 21.93% +- 0.34%
ChestX iteration 683/800 : Query Acc = 30.67, Avg Acc = 21.95% +- 0.34%
ChestX iteration 684/800 : Query Acc = 20.00, Avg Acc = 21.94% +- 0.34%
ChestX iteration 685/800 : Query Acc = 26.67, Avg Acc = 21.95% +- 0.34%
ChestX iteration 686/800 : Query Acc = 21.33, Avg Acc = 21.95% +- 0.34%
ChestX iteration 687/800 : Query Acc = 13.33, Avg Acc = 21.94% +- 0.34%
ChestX iteration 688/800 : Query Acc = 25.33, Avg Acc = 21.94% +- 0.34%
ChestX iteration 689/800 : Query Acc = 18.67, Avg Acc = 21.94% +- 0.34%
ChestX iteration 690/800 : Query Acc = 21.33, Avg Acc = 21.94% +- 0.34%
ChestX iteration 691/800 : Query Acc = 25.33, Avg Acc = 21.94% +- 0.34%
ChestX iteration 692/800 : Query Acc = 29.33, Avg Acc = 21.95% +- 0.34%
ChestX iteration 693/800 : Query Acc = 17.33, Avg Acc = 21.95% +- 0.34%
ChestX iteration 694/800 : Query Acc = 20.00, Avg Acc = 21.94% +- 0.34%
ChestX iteration 695/800 : Query Acc = 17.33, Avg Acc = 21.94% +- 0.34%
ChestX iteration 696/800 : Query Acc = 18.67, Avg Acc = 21.93% +- 0.34%
ChestX iteration 697/800 : Query Acc = 32.00, Avg Acc = 21.95% +- 0.34%
ChestX iteration 698/800 : Query Acc = 18.67, Avg Acc = 21.94% +- 0.34%
ChestX iteration 699/800 : Query Acc = 22.67, Avg Acc = 21.94% +- 0.34%
ChestX iteration 700/800 : Query Acc = 16.00, Avg Acc = 21.93% +- 0.34%
ChestX | 700 / 800 Acc = 21.93% +- 0.34%
ChestX iteration 701/800 : Query Acc = 21.33, Avg Acc = 21.93% +- 0.34%
ChestX iteration 702/800 : Query Acc = 18.67, Avg Acc = 21.93% +- 0.34%
ChestX iteration 703/800 : Query Acc = 14.67, Avg Acc = 21.92% +- 0.34%
ChestX iteration 704/800 : Query Acc = 24.00, Avg Acc = 21.92% +- 0.34%
ChestX iteration 705/800 : Query Acc = 26.67, Avg Acc = 21.93% +- 0.34%
ChestX iteration 706/800 : Query Acc = 18.67, Avg Acc = 21.92% +- 0.34%
ChestX iteration 707/800 : Query Acc = 28.00, Avg Acc = 21.93% +- 0.34%
ChestX iteration 708/800 : Query Acc = 17.33, Avg Acc = 21.93% +- 0.34%
ChestX iteration 709/800 : Query Acc = 24.00, Avg Acc = 21.93% +- 0.34%
ChestX iteration 710/800 : Query Acc = 28.00, Avg Acc = 21.94% +- 0.34%
ChestX iteration 711/800 : Query Acc = 21.33, Avg Acc = 21.94% +- 0.34%
ChestX iteration 712/800 : Query Acc = 22.67, Avg Acc = 21.94% +- 0.33%
ChestX iteration 713/800 : Query Acc = 25.33, Avg Acc = 21.94% +- 0.33%
ChestX iteration 714/800 : Query Acc = 18.67, Avg Acc = 21.94% +- 0.33%
ChestX iteration 715/800 : Query Acc = 30.67, Avg Acc = 21.95% +- 0.33%
ChestX iteration 716/800 : Query Acc = 20.00, Avg Acc = 21.95% +- 0.33%
ChestX iteration 717/800 : Query Acc = 16.00, Avg Acc = 21.94% +- 0.33%
ChestX iteration 718/800 : Query Acc = 21.33, Avg Acc = 21.94% +- 0.33%
ChestX iteration 719/800 : Query Acc = 17.33, Avg Acc = 21.93% +- 0.33%
ChestX iteration 720/800 : Query Acc = 24.00, Avg Acc = 21.93% +- 0.33%
ChestX iteration 721/800 : Query Acc = 21.33, Avg Acc = 21.93% +- 0.33%
ChestX iteration 722/800 : Query Acc = 26.67, Avg Acc = 21.94% +- 0.33%
ChestX iteration 723/800 : Query Acc = 22.67, Avg Acc = 21.94% +- 0.33%
ChestX iteration 724/800 : Query Acc = 24.00, Avg Acc = 21.94% +- 0.33%
ChestX iteration 725/800 : Query Acc = 22.67, Avg Acc = 21.94% +- 0.33%
ChestX iteration 726/800 : Query Acc = 21.33, Avg Acc = 21.94% +- 0.33%
ChestX iteration 727/800 : Query Acc = 17.33, Avg Acc = 21.94% +- 0.33%
ChestX iteration 728/800 : Query Acc = 17.33, Avg Acc = 21.93% +- 0.33%
ChestX iteration 729/800 : Query Acc = 18.67, Avg Acc = 21.93% +- 0.33%
ChestX iteration 730/800 : Query Acc = 25.33, Avg Acc = 21.93% +- 0.33%
ChestX iteration 731/800 : Query Acc = 25.33, Avg Acc = 21.94% +- 0.33%
ChestX iteration 732/800 : Query Acc = 20.00, Avg Acc = 21.93% +- 0.33%
ChestX iteration 733/800 : Query Acc = 18.67, Avg Acc = 21.93% +- 0.33%
ChestX iteration 734/800 : Query Acc = 34.67, Avg Acc = 21.95% +- 0.33%
ChestX iteration 735/800 : Query Acc = 22.67, Avg Acc = 21.95% +- 0.33%
ChestX iteration 736/800 : Query Acc = 21.33, Avg Acc = 21.95% +- 0.33%
ChestX iteration 737/800 : Query Acc = 18.67, Avg Acc = 21.94% +- 0.33%
ChestX iteration 738/800 : Query Acc = 21.33, Avg Acc = 21.94% +- 0.33%
ChestX iteration 739/800 : Query Acc = 16.00, Avg Acc = 21.93% +- 0.33%
ChestX iteration 740/800 : Query Acc = 16.00, Avg Acc = 21.93% +- 0.33%
ChestX iteration 741/800 : Query Acc = 17.33, Avg Acc = 21.92% +- 0.33%
ChestX iteration 742/800 : Query Acc = 25.33, Avg Acc = 21.92% +- 0.33%
ChestX iteration 743/800 : Query Acc = 22.67, Avg Acc = 21.92% +- 0.33%
ChestX iteration 744/800 : Query Acc = 22.67, Avg Acc = 21.93% +- 0.33%
ChestX iteration 745/800 : Query Acc = 26.67, Avg Acc = 21.93% +- 0.33%
ChestX iteration 746/800 : Query Acc = 30.67, Avg Acc = 21.94% +- 0.33%
ChestX iteration 747/800 : Query Acc = 24.00, Avg Acc = 21.95% +- 0.33%
ChestX iteration 748/800 : Query Acc = 26.67, Avg Acc = 21.95% +- 0.33%
ChestX iteration 749/800 : Query Acc = 20.00, Avg Acc = 21.95% +- 0.33%
ChestX iteration 750/800 : Query Acc = 21.33, Avg Acc = 21.95% +- 0.33%
ChestX iteration 751/800 : Query Acc = 17.33, Avg Acc = 21.94% +- 0.32%
ChestX iteration 752/800 : Query Acc = 24.00, Avg Acc = 21.95% +- 0.32%
ChestX iteration 753/800 : Query Acc = 17.33, Avg Acc = 21.94% +- 0.32%
ChestX iteration 754/800 : Query Acc = 29.33, Avg Acc = 21.95% +- 0.32%
ChestX iteration 755/800 : Query Acc = 24.00, Avg Acc = 21.95% +- 0.32%
ChestX iteration 756/800 : Query Acc = 16.00, Avg Acc = 21.94% +- 0.32%
ChestX iteration 757/800 : Query Acc = 21.33, Avg Acc = 21.94% +- 0.32%
ChestX iteration 758/800 : Query Acc = 24.00, Avg Acc = 21.95% +- 0.32%
ChestX iteration 759/800 : Query Acc = 25.33, Avg Acc = 21.95% +- 0.32%
ChestX iteration 760/800 : Query Acc = 24.00, Avg Acc = 21.95% +- 0.32%
ChestX iteration 761/800 : Query Acc = 20.00, Avg Acc = 21.95% +- 0.32%
ChestX iteration 762/800 : Query Acc = 17.33, Avg Acc = 21.94% +- 0.32%
ChestX iteration 763/800 : Query Acc = 21.33, Avg Acc = 21.94% +- 0.32%
ChestX iteration 764/800 : Query Acc = 16.00, Avg Acc = 21.94% +- 0.32%
ChestX iteration 765/800 : Query Acc = 25.33, Avg Acc = 21.94% +- 0.32%
ChestX iteration 766/800 : Query Acc = 22.67, Avg Acc = 21.94% +- 0.32%
ChestX iteration 767/800 : Query Acc = 16.00, Avg Acc = 21.93% +- 0.32%
ChestX iteration 768/800 : Query Acc = 16.00, Avg Acc = 21.93% +- 0.32%
ChestX iteration 769/800 : Query Acc = 22.67, Avg Acc = 21.93% +- 0.32%
ChestX iteration 770/800 : Query Acc = 29.33, Avg Acc = 21.94% +- 0.32%
ChestX iteration 771/800 : Query Acc = 20.00, Avg Acc = 21.93% +- 0.32%
ChestX iteration 772/800 : Query Acc = 22.67, Avg Acc = 21.94% +- 0.32%
ChestX iteration 773/800 : Query Acc = 20.00, Avg Acc = 21.93% +- 0.32%
ChestX iteration 774/800 : Query Acc = 18.67, Avg Acc = 21.93% +- 0.32%
ChestX iteration 775/800 : Query Acc = 22.67, Avg Acc = 21.93% +- 0.32%
ChestX iteration 776/800 : Query Acc = 24.00, Avg Acc = 21.93% +- 0.32%
ChestX iteration 777/800 : Query Acc = 21.33, Avg Acc = 21.93% +- 0.32%
ChestX iteration 778/800 : Query Acc = 21.33, Avg Acc = 21.93% +- 0.32%
ChestX iteration 779/800 : Query Acc = 29.33, Avg Acc = 21.94% +- 0.32%
ChestX iteration 780/800 : Query Acc = 20.00, Avg Acc = 21.94% +- 0.32%
ChestX iteration 781/800 : Query Acc = 18.67, Avg Acc = 21.93% +- 0.32%
ChestX iteration 782/800 : Query Acc = 25.33, Avg Acc = 21.94% +- 0.32%
ChestX iteration 783/800 : Query Acc = 18.67, Avg Acc = 21.93% +- 0.32%
ChestX iteration 784/800 : Query Acc = 28.00, Avg Acc = 21.94% +- 0.32%
ChestX iteration 785/800 : Query Acc = 32.00, Avg Acc = 21.95% +- 0.32%
ChestX iteration 786/800 : Query Acc = 22.67, Avg Acc = 21.96% +- 0.32%
ChestX iteration 787/800 : Query Acc = 26.67, Avg Acc = 21.96% +- 0.32%
ChestX iteration 788/800 : Query Acc = 32.00, Avg Acc = 21.97% +- 0.32%
ChestX iteration 789/800 : Query Acc = 21.33, Avg Acc = 21.97% +- 0.32%
ChestX iteration 790/800 : Query Acc = 18.67, Avg Acc = 21.97% +- 0.32%
ChestX iteration 791/800 : Query Acc = 20.00, Avg Acc = 21.97% +- 0.32%
ChestX iteration 792/800 : Query Acc = 20.00, Avg Acc = 21.96% +- 0.32%
ChestX iteration 793/800 : Query Acc = 16.00, Avg Acc = 21.96% +- 0.32%
ChestX iteration 794/800 : Query Acc = 28.00, Avg Acc = 21.96% +- 0.32%
ChestX iteration 795/800 : Query Acc = 24.00, Avg Acc = 21.97% +- 0.31%
ChestX iteration 796/800 : Query Acc = 13.33, Avg Acc = 21.96% +- 0.32%
ChestX iteration 797/800 : Query Acc = 18.67, Avg Acc = 21.95% +- 0.31%
ChestX iteration 798/800 : Query Acc = 22.67, Avg Acc = 21.95% +- 0.31%
ChestX iteration 799/800 : Query Acc = 18.67, Avg Acc = 21.95% +- 0.31%
Ches 800 Test Acc = 21.95% +- 0.31%
[DESC_CONFIRM ChestX 1shot] n = 800 個共同 episode（A 800、B 800）
[DESC_CONFIRM ChestX 1shot] A   21.80 ± 0.31   ChestX_1shot_base_seed1_n800.jsonl
[DESC_CONFIRM ChestX 1shot] B   21.95 ± 0.31   ChestX_1shot_desccat_seed1_n800.jsonl
[DESC_CONFIRM ChestX 1shot] B − A  +0.15 ± 0.32   CI 含 0（雜訊內）
>>> [ATHA 描述] ChestX 5-shot desconly seed=1 n=400  2026-10-08 11:29:51
set seed = 1
FineTune! 5 shots on ChestX dataset
類別描述：/home/ccoliu/FeatureSR/configs/class_descriptions.json（only）
ChestX iteration 0/400 : Query Acc = 33.33, Avg Acc = 33.33% +- 0.00%
ChestX | 0 / 400 Acc = 33.33% +- 0.00%
ChestX iteration 1/400 : Query Acc = 18.67, Avg Acc = 26.00% +- 10.16%
ChestX iteration 2/400 : Query Acc = 18.67, Avg Acc = 23.56% +- 7.82%
ChestX iteration 3/400 : Query Acc = 21.33, Avg Acc = 23.00% +- 5.94%
ChestX iteration 4/400 : Query Acc = 20.00, Avg Acc = 22.40% +- 4.87%
ChestX iteration 5/400 : Query Acc = 25.33, Avg Acc = 22.89% +- 4.15%
ChestX iteration 6/400 : Query Acc = 32.00, Avg Acc = 24.19% +- 4.27%
ChestX iteration 7/400 : Query Acc = 21.33, Avg Acc = 23.83% +- 3.79%
ChestX iteration 8/400 : Query Acc = 26.67, Avg Acc = 24.15% +- 3.42%
ChestX iteration 9/400 : Query Acc = 28.00, Avg Acc = 24.53% +- 3.16%
ChestX iteration 10/400 : Query Acc = 21.33, Avg Acc = 24.24% +- 2.93%
ChestX iteration 11/400 : Query Acc = 20.00, Avg Acc = 23.89% +- 2.76%
ChestX iteration 12/400 : Query Acc = 22.67, Avg Acc = 23.79% +- 2.56%
ChestX iteration 13/400 : Query Acc = 26.67, Avg Acc = 24.00% +- 2.41%
ChestX iteration 14/400 : Query Acc = 24.00, Avg Acc = 24.00% +- 2.24%
ChestX iteration 15/400 : Query Acc = 22.67, Avg Acc = 23.92% +- 2.11%
ChestX iteration 16/400 : Query Acc = 28.00, Avg Acc = 24.16% +- 2.04%
ChestX iteration 17/400 : Query Acc = 18.67, Avg Acc = 23.85% +- 2.01%
ChestX iteration 18/400 : Query Acc = 29.33, Avg Acc = 24.14% +- 1.98%
ChestX iteration 19/400 : Query Acc = 36.00, Avg Acc = 24.73% +- 2.20%
ChestX iteration 20/400 : Query Acc = 20.00, Avg Acc = 24.51% +- 2.14%
ChestX iteration 21/400 : Query Acc = 28.00, Avg Acc = 24.67% +- 2.06%
ChestX iteration 22/400 : Query Acc = 25.33, Avg Acc = 24.70% +- 1.97%
ChestX iteration 23/400 : Query Acc = 24.00, Avg Acc = 24.67% +- 1.89%
ChestX iteration 24/400 : Query Acc = 21.33, Avg Acc = 24.53% +- 1.83%
ChestX iteration 25/400 : Query Acc = 16.00, Avg Acc = 24.21% +- 1.87%
ChestX iteration 26/400 : Query Acc = 24.00, Avg Acc = 24.20% +- 1.80%
ChestX iteration 27/400 : Query Acc = 22.67, Avg Acc = 24.14% +- 1.74%
ChestX iteration 28/400 : Query Acc = 26.67, Avg Acc = 24.23% +- 1.69%
ChestX iteration 29/400 : Query Acc = 18.67, Avg Acc = 24.04% +- 1.67%
ChestX iteration 30/400 : Query Acc = 32.00, Avg Acc = 24.30% +- 1.69%
ChestX iteration 31/400 : Query Acc = 22.67, Avg Acc = 24.25% +- 1.64%
ChestX iteration 32/400 : Query Acc = 26.67, Avg Acc = 24.32% +- 1.60%
ChestX iteration 33/400 : Query Acc = 28.00, Avg Acc = 24.43% +- 1.57%
ChestX iteration 34/400 : Query Acc = 24.00, Avg Acc = 24.42% +- 1.52%
ChestX iteration 35/400 : Query Acc = 30.67, Avg Acc = 24.59% +- 1.52%
ChestX iteration 36/400 : Query Acc = 26.67, Avg Acc = 24.65% +- 1.48%
ChestX iteration 37/400 : Query Acc = 18.67, Avg Acc = 24.49% +- 1.47%
ChestX iteration 38/400 : Query Acc = 22.67, Avg Acc = 24.44% +- 1.44%
ChestX iteration 39/400 : Query Acc = 33.33, Avg Acc = 24.67% +- 1.47%
ChestX iteration 40/400 : Query Acc = 24.00, Avg Acc = 24.65% +- 1.43%
ChestX iteration 41/400 : Query Acc = 26.67, Avg Acc = 24.70% +- 1.40%
ChestX iteration 42/400 : Query Acc = 28.00, Avg Acc = 24.78% +- 1.38%
ChestX iteration 43/400 : Query Acc = 24.00, Avg Acc = 24.76% +- 1.34%
ChestX iteration 44/400 : Query Acc = 29.33, Avg Acc = 24.86% +- 1.33%
ChestX iteration 45/400 : Query Acc = 25.33, Avg Acc = 24.87% +- 1.30%
ChestX iteration 46/400 : Query Acc = 22.67, Avg Acc = 24.82% +- 1.28%
ChestX iteration 47/400 : Query Acc = 20.00, Avg Acc = 24.72% +- 1.27%
ChestX iteration 48/400 : Query Acc = 24.00, Avg Acc = 24.71% +- 1.24%
ChestX iteration 49/400 : Query Acc = 29.33, Avg Acc = 24.80% +- 1.23%
ChestX iteration 50/400 : Query Acc = 20.00, Avg Acc = 24.71% +- 1.22%
ChestX iteration 51/400 : Query Acc = 24.00, Avg Acc = 24.69% +- 1.19%
ChestX iteration 52/400 : Query Acc = 18.67, Avg Acc = 24.58% +- 1.19%
ChestX iteration 53/400 : Query Acc = 25.33, Avg Acc = 24.59% +- 1.17%
ChestX iteration 54/400 : Query Acc = 22.67, Avg Acc = 24.56% +- 1.15%
ChestX iteration 55/400 : Query Acc = 20.00, Avg Acc = 24.48% +- 1.14%
ChestX iteration 56/400 : Query Acc = 28.00, Avg Acc = 24.54% +- 1.13%
ChestX iteration 57/400 : Query Acc = 26.67, Avg Acc = 24.57% +- 1.11%
ChestX iteration 58/400 : Query Acc = 25.33, Avg Acc = 24.59% +- 1.09%
ChestX iteration 59/400 : Query Acc = 34.67, Avg Acc = 24.76% +- 1.12%
ChestX iteration 60/400 : Query Acc = 24.00, Avg Acc = 24.74% +- 1.10%
ChestX iteration 61/400 : Query Acc = 24.00, Avg Acc = 24.73% +- 1.09%
ChestX iteration 62/400 : Query Acc = 30.67, Avg Acc = 24.83% +- 1.09%
ChestX iteration 63/400 : Query Acc = 29.33, Avg Acc = 24.90% +- 1.08%
ChestX iteration 64/400 : Query Acc = 18.67, Avg Acc = 24.80% +- 1.08%
ChestX iteration 65/400 : Query Acc = 29.33, Avg Acc = 24.87% +- 1.07%
ChestX iteration 66/400 : Query Acc = 21.33, Avg Acc = 24.82% +- 1.06%
ChestX iteration 67/400 : Query Acc = 26.67, Avg Acc = 24.84% +- 1.04%
ChestX iteration 68/400 : Query Acc = 25.33, Avg Acc = 24.85% +- 1.03%
ChestX iteration 69/400 : Query Acc = 13.33, Avg Acc = 24.69% +- 1.06%
ChestX iteration 70/400 : Query Acc = 16.00, Avg Acc = 24.56% +- 1.08%
ChestX iteration 71/400 : Query Acc = 25.33, Avg Acc = 24.57% +- 1.06%
ChestX iteration 72/400 : Query Acc = 32.00, Avg Acc = 24.68% +- 1.06%
ChestX iteration 73/400 : Query Acc = 29.33, Avg Acc = 24.74% +- 1.06%
ChestX iteration 74/400 : Query Acc = 25.33, Avg Acc = 24.75% +- 1.04%
ChestX iteration 75/400 : Query Acc = 22.67, Avg Acc = 24.72% +- 1.03%
ChestX iteration 76/400 : Query Acc = 24.00, Avg Acc = 24.71% +- 1.02%
ChestX iteration 77/400 : Query Acc = 24.00, Avg Acc = 24.70% +- 1.00%
ChestX iteration 78/400 : Query Acc = 25.33, Avg Acc = 24.71% +- 0.99%
ChestX iteration 79/400 : Query Acc = 26.67, Avg Acc = 24.73% +- 0.98%
ChestX iteration 80/400 : Query Acc = 21.33, Avg Acc = 24.69% +- 0.97%
ChestX iteration 81/400 : Query Acc = 24.00, Avg Acc = 24.68% +- 0.96%
ChestX iteration 82/400 : Query Acc = 29.33, Avg Acc = 24.74% +- 0.96%
ChestX iteration 83/400 : Query Acc = 20.00, Avg Acc = 24.68% +- 0.95%
ChestX iteration 84/400 : Query Acc = 26.67, Avg Acc = 24.71% +- 0.94%
ChestX iteration 85/400 : Query Acc = 22.67, Avg Acc = 24.68% +- 0.93%
ChestX iteration 86/400 : Query Acc = 17.33, Avg Acc = 24.60% +- 0.93%
ChestX iteration 87/400 : Query Acc = 21.33, Avg Acc = 24.56% +- 0.93%
ChestX iteration 88/400 : Query Acc = 25.33, Avg Acc = 24.57% +- 0.92%
ChestX iteration 89/400 : Query Acc = 24.00, Avg Acc = 24.56% +- 0.91%
ChestX iteration 90/400 : Query Acc = 28.00, Avg Acc = 24.60% +- 0.90%
ChestX iteration 91/400 : Query Acc = 32.00, Avg Acc = 24.68% +- 0.90%
ChestX iteration 92/400 : Query Acc = 25.33, Avg Acc = 24.69% +- 0.89%
ChestX iteration 93/400 : Query Acc = 33.33, Avg Acc = 24.78% +- 0.90%
ChestX iteration 94/400 : Query Acc = 29.33, Avg Acc = 24.83% +- 0.90%
ChestX iteration 95/400 : Query Acc = 24.00, Avg Acc = 24.82% +- 0.89%
ChestX iteration 96/400 : Query Acc = 28.00, Avg Acc = 24.85% +- 0.88%
ChestX iteration 97/400 : Query Acc = 24.00, Avg Acc = 24.84% +- 0.87%
ChestX iteration 98/400 : Query Acc = 28.00, Avg Acc = 24.88% +- 0.87%
ChestX iteration 99/400 : Query Acc = 16.00, Avg Acc = 24.79% +- 0.87%
ChestX iteration 100/400 : Query Acc = 29.33, Avg Acc = 24.83% +- 0.87%
ChestX | 100 / 400 Acc = 24.83% +- 0.87%
ChestX iteration 101/400 : Query Acc = 22.67, Avg Acc = 24.81% +- 0.86%
ChestX iteration 102/400 : Query Acc = 22.67, Avg Acc = 24.79% +- 0.86%
ChestX iteration 103/400 : Query Acc = 29.33, Avg Acc = 24.83% +- 0.85%
ChestX iteration 104/400 : Query Acc = 32.00, Avg Acc = 24.90% +- 0.85%
ChestX iteration 105/400 : Query Acc = 18.67, Avg Acc = 24.84% +- 0.85%
ChestX iteration 106/400 : Query Acc = 28.00, Avg Acc = 24.87% +- 0.85%
ChestX iteration 107/400 : Query Acc = 26.67, Avg Acc = 24.89% +- 0.84%
ChestX iteration 108/400 : Query Acc = 30.67, Avg Acc = 24.94% +- 0.84%
ChestX iteration 109/400 : Query Acc = 36.00, Avg Acc = 25.04% +- 0.85%
ChestX iteration 110/400 : Query Acc = 32.00, Avg Acc = 25.11% +- 0.86%
ChestX iteration 111/400 : Query Acc = 25.33, Avg Acc = 25.11% +- 0.85%
ChestX iteration 112/400 : Query Acc = 17.33, Avg Acc = 25.04% +- 0.85%
ChestX iteration 113/400 : Query Acc = 26.67, Avg Acc = 25.05% +- 0.84%
ChestX iteration 114/400 : Query Acc = 32.00, Avg Acc = 25.11% +- 0.84%
ChestX iteration 115/400 : Query Acc = 17.33, Avg Acc = 25.05% +- 0.85%
ChestX iteration 116/400 : Query Acc = 34.67, Avg Acc = 25.13% +- 0.86%
ChestX iteration 117/400 : Query Acc = 26.67, Avg Acc = 25.14% +- 0.85%
ChestX iteration 118/400 : Query Acc = 25.33, Avg Acc = 25.14% +- 0.84%
ChestX iteration 119/400 : Query Acc = 24.00, Avg Acc = 25.13% +- 0.83%
ChestX iteration 120/400 : Query Acc = 30.67, Avg Acc = 25.18% +- 0.83%
ChestX iteration 121/400 : Query Acc = 24.00, Avg Acc = 25.17% +- 0.83%
ChestX iteration 122/400 : Query Acc = 26.67, Avg Acc = 25.18% +- 0.82%
ChestX iteration 123/400 : Query Acc = 28.00, Avg Acc = 25.20% +- 0.81%
ChestX iteration 124/400 : Query Acc = 28.00, Avg Acc = 25.23% +- 0.81%
ChestX iteration 125/400 : Query Acc = 36.00, Avg Acc = 25.31% +- 0.82%
ChestX iteration 126/400 : Query Acc = 26.67, Avg Acc = 25.32% +- 0.81%
ChestX iteration 127/400 : Query Acc = 32.00, Avg Acc = 25.38% +- 0.81%
ChestX iteration 128/400 : Query Acc = 12.00, Avg Acc = 25.27% +- 0.83%
ChestX iteration 129/400 : Query Acc = 22.67, Avg Acc = 25.25% +- 0.83%
ChestX iteration 130/400 : Query Acc = 26.67, Avg Acc = 25.26% +- 0.82%
ChestX iteration 131/400 : Query Acc = 33.33, Avg Acc = 25.32% +- 0.82%
ChestX iteration 132/400 : Query Acc = 30.67, Avg Acc = 25.36% +- 0.82%
ChestX iteration 133/400 : Query Acc = 22.67, Avg Acc = 25.34% +- 0.82%
ChestX iteration 134/400 : Query Acc = 36.00, Avg Acc = 25.42% +- 0.82%
ChestX iteration 135/400 : Query Acc = 20.00, Avg Acc = 25.38% +- 0.82%
ChestX iteration 136/400 : Query Acc = 22.67, Avg Acc = 25.36% +- 0.82%
ChestX iteration 137/400 : Query Acc = 32.00, Avg Acc = 25.41% +- 0.82%
ChestX iteration 138/400 : Query Acc = 20.00, Avg Acc = 25.37% +- 0.81%
ChestX iteration 139/400 : Query Acc = 36.00, Avg Acc = 25.45% +- 0.82%
ChestX iteration 140/400 : Query Acc = 21.33, Avg Acc = 25.42% +- 0.82%
ChestX iteration 141/400 : Query Acc = 14.67, Avg Acc = 25.34% +- 0.83%
ChestX iteration 142/400 : Query Acc = 18.67, Avg Acc = 25.30% +- 0.82%
ChestX iteration 143/400 : Query Acc = 17.33, Avg Acc = 25.24% +- 0.83%
ChestX iteration 144/400 : Query Acc = 24.00, Avg Acc = 25.23% +- 0.82%
ChestX iteration 145/400 : Query Acc = 26.67, Avg Acc = 25.24% +- 0.82%
ChestX iteration 146/400 : Query Acc = 33.33, Avg Acc = 25.30% +- 0.82%
ChestX iteration 147/400 : Query Acc = 18.67, Avg Acc = 25.25% +- 0.82%
ChestX iteration 148/400 : Query Acc = 30.67, Avg Acc = 25.29% +- 0.81%
ChestX iteration 149/400 : Query Acc = 21.33, Avg Acc = 25.26% +- 0.81%
ChestX iteration 150/400 : Query Acc = 20.00, Avg Acc = 25.23% +- 0.81%
ChestX iteration 151/400 : Query Acc = 22.67, Avg Acc = 25.21% +- 0.80%
ChestX iteration 152/400 : Query Acc = 32.00, Avg Acc = 25.25% +- 0.80%
ChestX iteration 153/400 : Query Acc = 20.00, Avg Acc = 25.22% +- 0.80%
ChestX iteration 154/400 : Query Acc = 26.67, Avg Acc = 25.23% +- 0.79%
ChestX iteration 155/400 : Query Acc = 21.33, Avg Acc = 25.21% +- 0.79%
ChestX iteration 156/400 : Query Acc = 24.00, Avg Acc = 25.20% +- 0.79%
ChestX iteration 157/400 : Query Acc = 25.33, Avg Acc = 25.20% +- 0.78%
ChestX iteration 158/400 : Query Acc = 25.33, Avg Acc = 25.20% +- 0.78%
ChestX iteration 159/400 : Query Acc = 26.67, Avg Acc = 25.21% +- 0.77%
ChestX iteration 160/400 : Query Acc = 21.33, Avg Acc = 25.18% +- 0.77%
ChestX iteration 161/400 : Query Acc = 29.33, Avg Acc = 25.21% +- 0.77%
ChestX iteration 162/400 : Query Acc = 30.67, Avg Acc = 25.24% +- 0.76%
ChestX iteration 163/400 : Query Acc = 28.00, Avg Acc = 25.26% +- 0.76%
ChestX iteration 164/400 : Query Acc = 16.00, Avg Acc = 25.20% +- 0.76%
ChestX iteration 165/400 : Query Acc = 26.67, Avg Acc = 25.21% +- 0.76%
ChestX iteration 166/400 : Query Acc = 20.00, Avg Acc = 25.18% +- 0.76%
ChestX iteration 167/400 : Query Acc = 24.00, Avg Acc = 25.17% +- 0.75%
ChestX iteration 168/400 : Query Acc = 29.33, Avg Acc = 25.20% +- 0.75%
ChestX iteration 169/400 : Query Acc = 25.33, Avg Acc = 25.20% +- 0.74%
ChestX iteration 170/400 : Query Acc = 34.67, Avg Acc = 25.26% +- 0.75%
ChestX iteration 171/400 : Query Acc = 26.67, Avg Acc = 25.26% +- 0.74%
ChestX iteration 172/400 : Query Acc = 20.00, Avg Acc = 25.23% +- 0.74%
ChestX iteration 173/400 : Query Acc = 26.67, Avg Acc = 25.24% +- 0.74%
ChestX iteration 174/400 : Query Acc = 16.00, Avg Acc = 25.19% +- 0.74%
ChestX iteration 175/400 : Query Acc = 32.00, Avg Acc = 25.23% +- 0.74%
ChestX iteration 176/400 : Query Acc = 16.00, Avg Acc = 25.18% +- 0.74%
ChestX iteration 177/400 : Query Acc = 21.33, Avg Acc = 25.15% +- 0.74%
ChestX iteration 178/400 : Query Acc = 32.00, Avg Acc = 25.19% +- 0.74%
ChestX iteration 179/400 : Query Acc = 17.33, Avg Acc = 25.15% +- 0.74%
ChestX iteration 180/400 : Query Acc = 30.67, Avg Acc = 25.18% +- 0.74%
ChestX iteration 181/400 : Query Acc = 24.00, Avg Acc = 25.17% +- 0.74%
ChestX iteration 182/400 : Query Acc = 26.67, Avg Acc = 25.18% +- 0.73%
ChestX iteration 183/400 : Query Acc = 30.67, Avg Acc = 25.21% +- 0.73%
ChestX iteration 184/400 : Query Acc = 24.00, Avg Acc = 25.20% +- 0.73%
ChestX iteration 185/400 : Query Acc = 21.33, Avg Acc = 25.18% +- 0.72%
ChestX iteration 186/400 : Query Acc = 24.00, Avg Acc = 25.18% +- 0.72%
ChestX iteration 187/400 : Query Acc = 33.33, Avg Acc = 25.22% +- 0.72%
ChestX iteration 188/400 : Query Acc = 26.67, Avg Acc = 25.23% +- 0.72%
ChestX iteration 189/400 : Query Acc = 28.00, Avg Acc = 25.24% +- 0.71%
ChestX iteration 190/400 : Query Acc = 26.67, Avg Acc = 25.25% +- 0.71%
ChestX iteration 191/400 : Query Acc = 28.00, Avg Acc = 25.26% +- 0.71%
ChestX iteration 192/400 : Query Acc = 22.67, Avg Acc = 25.25% +- 0.70%
ChestX iteration 193/400 : Query Acc = 33.33, Avg Acc = 25.29% +- 0.70%
ChestX iteration 194/400 : Query Acc = 28.00, Avg Acc = 25.31% +- 0.70%
ChestX iteration 195/400 : Query Acc = 17.33, Avg Acc = 25.27% +- 0.70%
ChestX iteration 196/400 : Query Acc = 21.33, Avg Acc = 25.25% +- 0.70%
ChestX iteration 197/400 : Query Acc = 20.00, Avg Acc = 25.22% +- 0.70%
ChestX iteration 198/400 : Query Acc = 24.00, Avg Acc = 25.21% +- 0.70%
ChestX iteration 199/400 : Query Acc = 28.00, Avg Acc = 25.23% +- 0.69%
ChestX iteration 200/400 : Query Acc = 24.00, Avg Acc = 25.22% +- 0.69%
ChestX | 200 / 400 Acc = 25.22% +- 0.69%
ChestX iteration 201/400 : Query Acc = 32.00, Avg Acc = 25.25% +- 0.69%
ChestX iteration 202/400 : Query Acc = 28.00, Avg Acc = 25.27% +- 0.69%
ChestX iteration 203/400 : Query Acc = 33.33, Avg Acc = 25.31% +- 0.69%
ChestX iteration 204/400 : Query Acc = 26.67, Avg Acc = 25.31% +- 0.68%
ChestX iteration 205/400 : Query Acc = 30.67, Avg Acc = 25.34% +- 0.68%
ChestX iteration 206/400 : Query Acc = 32.00, Avg Acc = 25.37% +- 0.68%
ChestX iteration 207/400 : Query Acc = 21.33, Avg Acc = 25.35% +- 0.68%
ChestX iteration 208/400 : Query Acc = 26.67, Avg Acc = 25.36% +- 0.68%
ChestX iteration 209/400 : Query Acc = 30.67, Avg Acc = 25.38% +- 0.67%
ChestX iteration 210/400 : Query Acc = 25.33, Avg Acc = 25.38% +- 0.67%
ChestX iteration 211/400 : Query Acc = 34.67, Avg Acc = 25.43% +- 0.67%
ChestX iteration 212/400 : Query Acc = 33.33, Avg Acc = 25.46% +- 0.67%
ChestX iteration 213/400 : Query Acc = 17.33, Avg Acc = 25.43% +- 0.68%
ChestX iteration 214/400 : Query Acc = 28.00, Avg Acc = 25.44% +- 0.67%
ChestX iteration 215/400 : Query Acc = 26.67, Avg Acc = 25.44% +- 0.67%
ChestX iteration 216/400 : Query Acc = 29.33, Avg Acc = 25.46% +- 0.67%
ChestX iteration 217/400 : Query Acc = 24.00, Avg Acc = 25.46% +- 0.66%
ChestX iteration 218/400 : Query Acc = 24.00, Avg Acc = 25.45% +- 0.66%
ChestX iteration 219/400 : Query Acc = 28.00, Avg Acc = 25.46% +- 0.66%
ChestX iteration 220/400 : Query Acc = 29.33, Avg Acc = 25.48% +- 0.66%
ChestX iteration 221/400 : Query Acc = 17.33, Avg Acc = 25.44% +- 0.66%
ChestX iteration 222/400 : Query Acc = 20.00, Avg Acc = 25.42% +- 0.66%
ChestX iteration 223/400 : Query Acc = 20.00, Avg Acc = 25.39% +- 0.66%
ChestX iteration 224/400 : Query Acc = 20.00, Avg Acc = 25.37% +- 0.65%
ChestX iteration 225/400 : Query Acc = 26.67, Avg Acc = 25.37% +- 0.65%
ChestX iteration 226/400 : Query Acc = 30.67, Avg Acc = 25.40% +- 0.65%
ChestX iteration 227/400 : Query Acc = 20.00, Avg Acc = 25.37% +- 0.65%
ChestX iteration 228/400 : Query Acc = 30.67, Avg Acc = 25.40% +- 0.65%
ChestX iteration 229/400 : Query Acc = 18.67, Avg Acc = 25.37% +- 0.65%
ChestX iteration 230/400 : Query Acc = 28.00, Avg Acc = 25.38% +- 0.65%
ChestX iteration 231/400 : Query Acc = 33.33, Avg Acc = 25.41% +- 0.65%
ChestX iteration 232/400 : Query Acc = 26.67, Avg Acc = 25.42% +- 0.64%
ChestX iteration 233/400 : Query Acc = 25.33, Avg Acc = 25.42% +- 0.64%
ChestX iteration 234/400 : Query Acc = 24.00, Avg Acc = 25.41% +- 0.64%
ChestX iteration 235/400 : Query Acc = 16.00, Avg Acc = 25.37% +- 0.64%
ChestX iteration 236/400 : Query Acc = 16.00, Avg Acc = 25.33% +- 0.64%
ChestX iteration 237/400 : Query Acc = 25.33, Avg Acc = 25.33% +- 0.64%
ChestX iteration 238/400 : Query Acc = 24.00, Avg Acc = 25.33% +- 0.64%
ChestX iteration 239/400 : Query Acc = 22.67, Avg Acc = 25.32% +- 0.63%
ChestX iteration 240/400 : Query Acc = 30.67, Avg Acc = 25.34% +- 0.63%
ChestX iteration 241/400 : Query Acc = 22.67, Avg Acc = 25.33% +- 0.63%
ChestX iteration 242/400 : Query Acc = 33.33, Avg Acc = 25.36% +- 0.63%
ChestX iteration 243/400 : Query Acc = 28.00, Avg Acc = 25.37% +- 0.63%
ChestX iteration 244/400 : Query Acc = 17.33, Avg Acc = 25.34% +- 0.63%
ChestX iteration 245/400 : Query Acc = 20.00, Avg Acc = 25.32% +- 0.63%
ChestX iteration 246/400 : Query Acc = 28.00, Avg Acc = 25.33% +- 0.63%
ChestX iteration 247/400 : Query Acc = 29.33, Avg Acc = 25.34% +- 0.63%
ChestX iteration 248/400 : Query Acc = 25.33, Avg Acc = 25.34% +- 0.62%
ChestX iteration 249/400 : Query Acc = 26.67, Avg Acc = 25.35% +- 0.62%
ChestX iteration 250/400 : Query Acc = 36.00, Avg Acc = 25.39% +- 0.62%
ChestX iteration 251/400 : Query Acc = 32.00, Avg Acc = 25.42% +- 0.62%
ChestX iteration 252/400 : Query Acc = 22.67, Avg Acc = 25.41% +- 0.62%
ChestX iteration 253/400 : Query Acc = 20.00, Avg Acc = 25.39% +- 0.62%
ChestX iteration 254/400 : Query Acc = 20.00, Avg Acc = 25.36% +- 0.62%
ChestX iteration 255/400 : Query Acc = 17.33, Avg Acc = 25.33% +- 0.62%
ChestX iteration 256/400 : Query Acc = 24.00, Avg Acc = 25.33% +- 0.62%
ChestX iteration 257/400 : Query Acc = 17.33, Avg Acc = 25.30% +- 0.62%
ChestX iteration 258/400 : Query Acc = 22.67, Avg Acc = 25.29% +- 0.62%
ChestX iteration 259/400 : Query Acc = 32.00, Avg Acc = 25.31% +- 0.62%
ChestX iteration 260/400 : Query Acc = 25.33, Avg Acc = 25.31% +- 0.61%
ChestX iteration 261/400 : Query Acc = 30.67, Avg Acc = 25.33% +- 0.61%
ChestX iteration 262/400 : Query Acc = 25.33, Avg Acc = 25.33% +- 0.61%
ChestX iteration 263/400 : Query Acc = 20.00, Avg Acc = 25.31% +- 0.61%
ChestX iteration 264/400 : Query Acc = 29.33, Avg Acc = 25.33% +- 0.61%
ChestX iteration 265/400 : Query Acc = 30.67, Avg Acc = 25.35% +- 0.61%
ChestX iteration 266/400 : Query Acc = 24.00, Avg Acc = 25.34% +- 0.60%
ChestX iteration 267/400 : Query Acc = 33.33, Avg Acc = 25.37% +- 0.60%
ChestX iteration 268/400 : Query Acc = 14.67, Avg Acc = 25.33% +- 0.61%
ChestX iteration 269/400 : Query Acc = 25.33, Avg Acc = 25.33% +- 0.60%
ChestX iteration 270/400 : Query Acc = 25.33, Avg Acc = 25.33% +- 0.60%
ChestX iteration 271/400 : Query Acc = 17.33, Avg Acc = 25.30% +- 0.60%
ChestX iteration 272/400 : Query Acc = 22.67, Avg Acc = 25.29% +- 0.60%
ChestX iteration 273/400 : Query Acc = 25.33, Avg Acc = 25.29% +- 0.60%
ChestX iteration 274/400 : Query Acc = 26.67, Avg Acc = 25.30% +- 0.60%
ChestX iteration 275/400 : Query Acc = 25.33, Avg Acc = 25.30% +- 0.59%
ChestX iteration 276/400 : Query Acc = 30.67, Avg Acc = 25.32% +- 0.59%
ChestX iteration 277/400 : Query Acc = 28.00, Avg Acc = 25.33% +- 0.59%
ChestX iteration 278/400 : Query Acc = 20.00, Avg Acc = 25.31% +- 0.59%
ChestX iteration 279/400 : Query Acc = 29.33, Avg Acc = 25.32% +- 0.59%
ChestX iteration 280/400 : Query Acc = 25.33, Avg Acc = 25.32% +- 0.59%
ChestX iteration 281/400 : Query Acc = 22.67, Avg Acc = 25.31% +- 0.59%
ChestX iteration 282/400 : Query Acc = 29.33, Avg Acc = 25.33% +- 0.58%
ChestX iteration 283/400 : Query Acc = 18.67, Avg Acc = 25.31% +- 0.58%
ChestX iteration 284/400 : Query Acc = 34.67, Avg Acc = 25.34% +- 0.59%
ChestX iteration 285/400 : Query Acc = 22.67, Avg Acc = 25.33% +- 0.58%
ChestX iteration 286/400 : Query Acc = 26.67, Avg Acc = 25.33% +- 0.58%
ChestX iteration 287/400 : Query Acc = 29.33, Avg Acc = 25.35% +- 0.58%
ChestX iteration 288/400 : Query Acc = 16.00, Avg Acc = 25.31% +- 0.58%
ChestX iteration 289/400 : Query Acc = 21.33, Avg Acc = 25.30% +- 0.58%
ChestX iteration 290/400 : Query Acc = 30.67, Avg Acc = 25.32% +- 0.58%
ChestX iteration 291/400 : Query Acc = 24.00, Avg Acc = 25.32% +- 0.58%
ChestX iteration 292/400 : Query Acc = 24.00, Avg Acc = 25.31% +- 0.58%
ChestX iteration 293/400 : Query Acc = 24.00, Avg Acc = 25.31% +- 0.57%
ChestX iteration 294/400 : Query Acc = 22.67, Avg Acc = 25.30% +- 0.57%
ChestX iteration 295/400 : Query Acc = 20.00, Avg Acc = 25.28% +- 0.57%
ChestX iteration 296/400 : Query Acc = 21.33, Avg Acc = 25.27% +- 0.57%
ChestX iteration 297/400 : Query Acc = 37.33, Avg Acc = 25.31% +- 0.57%
ChestX iteration 298/400 : Query Acc = 17.33, Avg Acc = 25.28% +- 0.57%
ChestX iteration 299/400 : Query Acc = 22.67, Avg Acc = 25.27% +- 0.57%
ChestX iteration 300/400 : Query Acc = 25.33, Avg Acc = 25.27% +- 0.57%
ChestX | 300 / 400 Acc = 25.27% +- 0.57%
ChestX iteration 301/400 : Query Acc = 24.00, Avg Acc = 25.27% +- 0.57%
ChestX iteration 302/400 : Query Acc = 29.33, Avg Acc = 25.28% +- 0.57%
ChestX iteration 303/400 : Query Acc = 29.33, Avg Acc = 25.29% +- 0.57%
ChestX iteration 304/400 : Query Acc = 24.00, Avg Acc = 25.29% +- 0.56%
ChestX iteration 305/400 : Query Acc = 37.33, Avg Acc = 25.33% +- 0.57%
ChestX iteration 306/400 : Query Acc = 29.33, Avg Acc = 25.34% +- 0.57%
ChestX iteration 307/400 : Query Acc = 26.67, Avg Acc = 25.35% +- 0.56%
ChestX iteration 308/400 : Query Acc = 25.33, Avg Acc = 25.35% +- 0.56%
ChestX iteration 309/400 : Query Acc = 22.67, Avg Acc = 25.34% +- 0.56%
ChestX iteration 310/400 : Query Acc = 32.00, Avg Acc = 25.36% +- 0.56%
ChestX iteration 311/400 : Query Acc = 24.00, Avg Acc = 25.35% +- 0.56%
ChestX iteration 312/400 : Query Acc = 18.67, Avg Acc = 25.33% +- 0.56%
ChestX iteration 313/400 : Query Acc = 21.33, Avg Acc = 25.32% +- 0.56%
ChestX iteration 314/400 : Query Acc = 22.67, Avg Acc = 25.31% +- 0.56%
ChestX iteration 315/400 : Query Acc = 29.33, Avg Acc = 25.32% +- 0.56%
ChestX iteration 316/400 : Query Acc = 17.33, Avg Acc = 25.30% +- 0.56%
ChestX iteration 317/400 : Query Acc = 21.33, Avg Acc = 25.29% +- 0.55%
ChestX iteration 318/400 : Query Acc = 22.67, Avg Acc = 25.28% +- 0.55%
ChestX iteration 319/400 : Query Acc = 24.00, Avg Acc = 25.27% +- 0.55%
ChestX iteration 320/400 : Query Acc = 21.33, Avg Acc = 25.26% +- 0.55%
ChestX iteration 321/400 : Query Acc = 22.67, Avg Acc = 25.25% +- 0.55%
ChestX iteration 322/400 : Query Acc = 28.00, Avg Acc = 25.26% +- 0.55%
ChestX iteration 323/400 : Query Acc = 18.67, Avg Acc = 25.24% +- 0.55%
ChestX iteration 324/400 : Query Acc = 21.33, Avg Acc = 25.23% +- 0.55%
ChestX iteration 325/400 : Query Acc = 24.00, Avg Acc = 25.23% +- 0.54%
ChestX iteration 326/400 : Query Acc = 29.33, Avg Acc = 25.24% +- 0.54%
ChestX iteration 327/400 : Query Acc = 20.00, Avg Acc = 25.22% +- 0.54%
ChestX iteration 328/400 : Query Acc = 22.67, Avg Acc = 25.22% +- 0.54%
ChestX iteration 329/400 : Query Acc = 21.33, Avg Acc = 25.20% +- 0.54%
ChestX iteration 330/400 : Query Acc = 33.33, Avg Acc = 25.23% +- 0.54%
ChestX iteration 331/400 : Query Acc = 34.67, Avg Acc = 25.26% +- 0.54%
ChestX iteration 332/400 : Query Acc = 24.00, Avg Acc = 25.25% +- 0.54%
ChestX iteration 333/400 : Query Acc = 24.00, Avg Acc = 25.25% +- 0.54%
ChestX iteration 334/400 : Query Acc = 17.33, Avg Acc = 25.23% +- 0.54%
ChestX iteration 335/400 : Query Acc = 20.00, Avg Acc = 25.21% +- 0.54%
ChestX iteration 336/400 : Query Acc = 30.67, Avg Acc = 25.23% +- 0.54%
ChestX iteration 337/400 : Query Acc = 29.33, Avg Acc = 25.24% +- 0.54%
ChestX iteration 338/400 : Query Acc = 20.00, Avg Acc = 25.22% +- 0.54%
ChestX iteration 339/400 : Query Acc = 29.33, Avg Acc = 25.24% +- 0.53%
ChestX iteration 340/400 : Query Acc = 26.67, Avg Acc = 25.24% +- 0.53%
ChestX iteration 341/400 : Query Acc = 18.67, Avg Acc = 25.22% +- 0.53%
ChestX iteration 342/400 : Query Acc = 30.67, Avg Acc = 25.24% +- 0.53%
