>>> [ATHA LIMO 確認集] EuroSAT 5-shot limo_s0  2026-10-06 13:43:30
set seed = 1
FineTune! 5 shots on EuroSAT dataset
EuroSAT iteration 0/400 : Query Acc = 90.67, Avg Acc = 90.67% +- 0.00%
EuroSAT | 0 / 400 Acc = 90.67% +- 0.00%
EuroSAT iteration 1/400 : Query Acc = 90.67, Avg Acc = 90.67% +- 0.00%
EuroSAT iteration 2/400 : Query Acc = 88.00, Avg Acc = 89.78% +- 1.42%
EuroSAT iteration 3/400 : Query Acc = 97.33, Avg Acc = 91.67% +- 3.38%
EuroSAT iteration 4/400 : Query Acc = 100.00, Avg Acc = 93.33% +- 3.98%
EuroSAT iteration 5/400 : Query Acc = 96.00, Avg Acc = 93.78% +- 3.41%
EuroSAT iteration 6/400 : Query Acc = 96.00, Avg Acc = 94.10% +- 2.98%
EuroSAT iteration 7/400 : Query Acc = 96.00, Avg Acc = 94.33% +- 2.64%
EuroSAT iteration 8/400 : Query Acc = 97.33, Avg Acc = 94.67% +- 2.43%
EuroSAT iteration 9/400 : Query Acc = 98.67, Avg Acc = 95.07% +- 2.31%
EuroSAT iteration 10/400 : Query Acc = 97.33, Avg Acc = 95.27% +- 2.13%
EuroSAT iteration 11/400 : Query Acc = 96.00, Avg Acc = 95.33% +- 1.96%
EuroSAT iteration 12/400 : Query Acc = 96.00, Avg Acc = 95.38% +- 1.81%
EuroSAT iteration 13/400 : Query Acc = 92.00, Avg Acc = 95.14% +- 1.74%
EuroSAT iteration 14/400 : Query Acc = 93.33, Avg Acc = 95.02% +- 1.64%
EuroSAT iteration 15/400 : Query Acc = 100.00, Avg Acc = 95.33% +- 1.65%
EuroSAT iteration 16/400 : Query Acc = 93.33, Avg Acc = 95.22% +- 1.57%
EuroSAT iteration 17/400 : Query Acc = 100.00, Avg Acc = 95.48% +- 1.57%
EuroSAT iteration 18/400 : Query Acc = 97.33, Avg Acc = 95.58% +- 1.49%
EuroSAT iteration 19/400 : Query Acc = 98.67, Avg Acc = 95.73% +- 1.45%
EuroSAT iteration 20/400 : Query Acc = 94.67, Avg Acc = 95.68% +- 1.38%
EuroSAT iteration 21/400 : Query Acc = 97.33, Avg Acc = 95.76% +- 1.33%
EuroSAT iteration 22/400 : Query Acc = 97.33, Avg Acc = 95.83% +- 1.28%
EuroSAT iteration 23/400 : Query Acc = 98.67, Avg Acc = 95.94% +- 1.25%
EuroSAT iteration 24/400 : Query Acc = 94.67, Avg Acc = 95.89% +- 1.20%
EuroSAT iteration 25/400 : Query Acc = 98.67, Avg Acc = 96.00% +- 1.17%
EuroSAT iteration 26/400 : Query Acc = 90.67, Avg Acc = 95.80% +- 1.19%
EuroSAT iteration 27/400 : Query Acc = 96.00, Avg Acc = 95.81% +- 1.15%
EuroSAT iteration 28/400 : Query Acc = 92.00, Avg Acc = 95.68% +- 1.14%
EuroSAT iteration 29/400 : Query Acc = 94.67, Avg Acc = 95.64% +- 1.10%
EuroSAT iteration 30/400 : Query Acc = 96.00, Avg Acc = 95.66% +- 1.07%
EuroSAT iteration 31/400 : Query Acc = 93.33, Avg Acc = 95.58% +- 1.04%
EuroSAT iteration 32/400 : Query Acc = 97.33, Avg Acc = 95.64% +- 1.02%
EuroSAT iteration 33/400 : Query Acc = 86.67, Avg Acc = 95.37% +- 1.11%
EuroSAT iteration 34/400 : Query Acc = 98.67, Avg Acc = 95.47% +- 1.09%
EuroSAT iteration 35/400 : Query Acc = 97.33, Avg Acc = 95.52% +- 1.07%
EuroSAT iteration 36/400 : Query Acc = 86.67, Avg Acc = 95.28% +- 1.14%
EuroSAT iteration 37/400 : Query Acc = 97.33, Avg Acc = 95.33% +- 1.11%
EuroSAT iteration 38/400 : Query Acc = 97.33, Avg Acc = 95.38% +- 1.09%
EuroSAT iteration 39/400 : Query Acc = 97.33, Avg Acc = 95.43% +- 1.07%
EuroSAT iteration 40/400 : Query Acc = 97.33, Avg Acc = 95.48% +- 1.04%
EuroSAT iteration 41/400 : Query Acc = 100.00, Avg Acc = 95.59% +- 1.04%
EuroSAT iteration 42/400 : Query Acc = 93.33, Avg Acc = 95.53% +- 1.02%
EuroSAT iteration 43/400 : Query Acc = 97.33, Avg Acc = 95.58% +- 1.00%
EuroSAT iteration 44/400 : Query Acc = 94.67, Avg Acc = 95.56% +- 0.98%
EuroSAT iteration 45/400 : Query Acc = 100.00, Avg Acc = 95.65% +- 0.98%
EuroSAT iteration 46/400 : Query Acc = 100.00, Avg Acc = 95.74% +- 0.97%
EuroSAT iteration 47/400 : Query Acc = 98.67, Avg Acc = 95.81% +- 0.96%
EuroSAT iteration 48/400 : Query Acc = 96.00, Avg Acc = 95.81% +- 0.94%
EuroSAT iteration 49/400 : Query Acc = 96.00, Avg Acc = 95.81% +- 0.92%
EuroSAT iteration 50/400 : Query Acc = 97.33, Avg Acc = 95.84% +- 0.90%
EuroSAT iteration 51/400 : Query Acc = 97.33, Avg Acc = 95.87% +- 0.89%
EuroSAT iteration 52/400 : Query Acc = 100.00, Avg Acc = 95.95% +- 0.88%
EuroSAT iteration 53/400 : Query Acc = 97.33, Avg Acc = 95.98% +- 0.87%
EuroSAT iteration 54/400 : Query Acc = 96.00, Avg Acc = 95.98% +- 0.85%
EuroSAT iteration 55/400 : Query Acc = 100.00, Avg Acc = 96.05% +- 0.85%
EuroSAT iteration 56/400 : Query Acc = 88.00, Avg Acc = 95.91% +- 0.88%
EuroSAT iteration 57/400 : Query Acc = 96.00, Avg Acc = 95.91% +- 0.86%
EuroSAT iteration 58/400 : Query Acc = 100.00, Avg Acc = 95.98% +- 0.86%
EuroSAT iteration 59/400 : Query Acc = 93.33, Avg Acc = 95.93% +- 0.85%
EuroSAT iteration 60/400 : Query Acc = 100.00, Avg Acc = 96.00% +- 0.85%
EuroSAT iteration 61/400 : Query Acc = 94.67, Avg Acc = 95.98% +- 0.83%
EuroSAT iteration 62/400 : Query Acc = 93.33, Avg Acc = 95.94% +- 0.82%
EuroSAT iteration 63/400 : Query Acc = 100.00, Avg Acc = 96.00% +- 0.82%
EuroSAT iteration 64/400 : Query Acc = 98.67, Avg Acc = 96.04% +- 0.81%
EuroSAT iteration 65/400 : Query Acc = 96.00, Avg Acc = 96.04% +- 0.80%
EuroSAT iteration 66/400 : Query Acc = 98.67, Avg Acc = 96.08% +- 0.79%
EuroSAT iteration 67/400 : Query Acc = 97.33, Avg Acc = 96.10% +- 0.78%
EuroSAT iteration 68/400 : Query Acc = 98.67, Avg Acc = 96.14% +- 0.77%
EuroSAT iteration 69/400 : Query Acc = 94.67, Avg Acc = 96.11% +- 0.76%
EuroSAT iteration 70/400 : Query Acc = 98.67, Avg Acc = 96.15% +- 0.76%
EuroSAT iteration 71/400 : Query Acc = 94.67, Avg Acc = 96.13% +- 0.75%
EuroSAT iteration 72/400 : Query Acc = 98.67, Avg Acc = 96.16% +- 0.74%
EuroSAT iteration 73/400 : Query Acc = 94.67, Avg Acc = 96.14% +- 0.73%
EuroSAT iteration 74/400 : Query Acc = 100.00, Avg Acc = 96.20% +- 0.73%
EuroSAT iteration 75/400 : Query Acc = 98.67, Avg Acc = 96.23% +- 0.72%
EuroSAT iteration 76/400 : Query Acc = 94.67, Avg Acc = 96.21% +- 0.71%
EuroSAT iteration 77/400 : Query Acc = 98.67, Avg Acc = 96.24% +- 0.71%
EuroSAT iteration 78/400 : Query Acc = 97.33, Avg Acc = 96.25% +- 0.70%
EuroSAT iteration 79/400 : Query Acc = 90.67, Avg Acc = 96.18% +- 0.70%
EuroSAT iteration 80/400 : Query Acc = 85.33, Avg Acc = 96.05% +- 0.74%
EuroSAT iteration 81/400 : Query Acc = 96.00, Avg Acc = 96.05% +- 0.73%
EuroSAT iteration 82/400 : Query Acc = 97.33, Avg Acc = 96.06% +- 0.72%
EuroSAT iteration 83/400 : Query Acc = 98.67, Avg Acc = 96.10% +- 0.72%
EuroSAT iteration 84/400 : Query Acc = 96.00, Avg Acc = 96.09% +- 0.71%
EuroSAT iteration 85/400 : Query Acc = 98.67, Avg Acc = 96.12% +- 0.70%
EuroSAT iteration 86/400 : Query Acc = 97.33, Avg Acc = 96.14% +- 0.70%
EuroSAT iteration 87/400 : Query Acc = 100.00, Avg Acc = 96.18% +- 0.69%
EuroSAT iteration 88/400 : Query Acc = 98.67, Avg Acc = 96.21% +- 0.69%
EuroSAT iteration 89/400 : Query Acc = 100.00, Avg Acc = 96.25% +- 0.68%
EuroSAT iteration 90/400 : Query Acc = 92.00, Avg Acc = 96.21% +- 0.68%
EuroSAT iteration 91/400 : Query Acc = 97.33, Avg Acc = 96.22% +- 0.68%
EuroSAT iteration 92/400 : Query Acc = 97.33, Avg Acc = 96.23% +- 0.67%
EuroSAT iteration 93/400 : Query Acc = 96.00, Avg Acc = 96.23% +- 0.66%
EuroSAT iteration 94/400 : Query Acc = 97.33, Avg Acc = 96.24% +- 0.66%
EuroSAT iteration 95/400 : Query Acc = 98.67, Avg Acc = 96.26% +- 0.65%
EuroSAT iteration 96/400 : Query Acc = 93.33, Avg Acc = 96.23% +- 0.65%
EuroSAT iteration 97/400 : Query Acc = 97.33, Avg Acc = 96.24% +- 0.64%
EuroSAT iteration 98/400 : Query Acc = 96.00, Avg Acc = 96.24% +- 0.63%
EuroSAT iteration 99/400 : Query Acc = 93.33, Avg Acc = 96.21% +- 0.63%
EuroSAT iteration 100/400 : Query Acc = 97.33, Avg Acc = 96.22% +- 0.62%
EuroSAT | 100 / 400 Acc = 96.22% +- 0.62%
EuroSAT iteration 101/400 : Query Acc = 97.33, Avg Acc = 96.24% +- 0.62%
EuroSAT iteration 102/400 : Query Acc = 94.67, Avg Acc = 96.22% +- 0.61%
EuroSAT iteration 103/400 : Query Acc = 97.33, Avg Acc = 96.23% +- 0.61%
EuroSAT iteration 104/400 : Query Acc = 97.33, Avg Acc = 96.24% +- 0.60%
EuroSAT iteration 105/400 : Query Acc = 94.67, Avg Acc = 96.23% +- 0.60%
EuroSAT iteration 106/400 : Query Acc = 98.67, Avg Acc = 96.25% +- 0.59%
EuroSAT iteration 107/400 : Query Acc = 93.33, Avg Acc = 96.22% +- 0.59%
EuroSAT iteration 108/400 : Query Acc = 100.00, Avg Acc = 96.26% +- 0.59%
EuroSAT iteration 109/400 : Query Acc = 97.33, Avg Acc = 96.27% +- 0.58%
EuroSAT iteration 110/400 : Query Acc = 97.33, Avg Acc = 96.28% +- 0.58%
EuroSAT iteration 111/400 : Query Acc = 100.00, Avg Acc = 96.31% +- 0.58%
EuroSAT iteration 112/400 : Query Acc = 100.00, Avg Acc = 96.34% +- 0.58%
EuroSAT iteration 113/400 : Query Acc = 97.33, Avg Acc = 96.35% +- 0.57%
EuroSAT iteration 114/400 : Query Acc = 97.33, Avg Acc = 96.36% +- 0.57%
EuroSAT iteration 115/400 : Query Acc = 97.33, Avg Acc = 96.37% +- 0.56%
EuroSAT iteration 116/400 : Query Acc = 97.33, Avg Acc = 96.38% +- 0.56%
EuroSAT iteration 117/400 : Query Acc = 90.67, Avg Acc = 96.33% +- 0.56%
EuroSAT iteration 118/400 : Query Acc = 96.00, Avg Acc = 96.32% +- 0.56%
EuroSAT iteration 119/400 : Query Acc = 96.00, Avg Acc = 96.32% +- 0.55%
EuroSAT iteration 120/400 : Query Acc = 98.67, Avg Acc = 96.34% +- 0.55%
EuroSAT iteration 121/400 : Query Acc = 98.67, Avg Acc = 96.36% +- 0.54%
EuroSAT iteration 122/400 : Query Acc = 93.33, Avg Acc = 96.34% +- 0.54%
EuroSAT iteration 123/400 : Query Acc = 98.67, Avg Acc = 96.35% +- 0.54%
EuroSAT iteration 124/400 : Query Acc = 97.33, Avg Acc = 96.36% +- 0.53%
EuroSAT iteration 125/400 : Query Acc = 98.67, Avg Acc = 96.38% +- 0.53%
EuroSAT iteration 126/400 : Query Acc = 94.67, Avg Acc = 96.37% +- 0.53%
EuroSAT iteration 127/400 : Query Acc = 94.67, Avg Acc = 96.35% +- 0.52%
EuroSAT iteration 128/400 : Query Acc = 96.00, Avg Acc = 96.35% +- 0.52%
EuroSAT iteration 129/400 : Query Acc = 96.00, Avg Acc = 96.35% +- 0.52%
EuroSAT iteration 130/400 : Query Acc = 97.33, Avg Acc = 96.36% +- 0.51%
EuroSAT iteration 131/400 : Query Acc = 94.67, Avg Acc = 96.34% +- 0.51%
EuroSAT iteration 132/400 : Query Acc = 94.67, Avg Acc = 96.33% +- 0.51%
EuroSAT iteration 133/400 : Query Acc = 94.67, Avg Acc = 96.32% +- 0.50%
EuroSAT iteration 134/400 : Query Acc = 89.33, Avg Acc = 96.27% +- 0.51%
EuroSAT iteration 135/400 : Query Acc = 98.67, Avg Acc = 96.28% +- 0.51%
EuroSAT iteration 136/400 : Query Acc = 98.67, Avg Acc = 96.30% +- 0.50%
EuroSAT iteration 137/400 : Query Acc = 96.00, Avg Acc = 96.30% +- 0.50%
EuroSAT iteration 138/400 : Query Acc = 96.00, Avg Acc = 96.30% +- 0.50%
EuroSAT iteration 139/400 : Query Acc = 94.67, Avg Acc = 96.29% +- 0.49%
EuroSAT iteration 140/400 : Query Acc = 98.67, Avg Acc = 96.30% +- 0.49%
EuroSAT iteration 141/400 : Query Acc = 98.67, Avg Acc = 96.32% +- 0.49%
EuroSAT iteration 142/400 : Query Acc = 93.33, Avg Acc = 96.30% +- 0.49%
EuroSAT iteration 143/400 : Query Acc = 97.33, Avg Acc = 96.31% +- 0.48%
EuroSAT iteration 144/400 : Query Acc = 98.67, Avg Acc = 96.32% +- 0.48%
EuroSAT iteration 145/400 : Query Acc = 92.00, Avg Acc = 96.29% +- 0.48%
EuroSAT iteration 146/400 : Query Acc = 86.67, Avg Acc = 96.23% +- 0.50%
EuroSAT iteration 147/400 : Query Acc = 88.00, Avg Acc = 96.17% +- 0.50%
EuroSAT iteration 148/400 : Query Acc = 97.33, Avg Acc = 96.18% +- 0.50%
EuroSAT iteration 149/400 : Query Acc = 92.00, Avg Acc = 96.15% +- 0.50%
EuroSAT iteration 150/400 : Query Acc = 97.33, Avg Acc = 96.16% +- 0.50%
EuroSAT iteration 151/400 : Query Acc = 92.00, Avg Acc = 96.13% +- 0.50%
EuroSAT iteration 152/400 : Query Acc = 96.00, Avg Acc = 96.13% +- 0.49%
EuroSAT iteration 153/400 : Query Acc = 93.33, Avg Acc = 96.11% +- 0.49%
EuroSAT iteration 154/400 : Query Acc = 98.67, Avg Acc = 96.13% +- 0.49%
EuroSAT iteration 155/400 : Query Acc = 97.33, Avg Acc = 96.14% +- 0.49%
EuroSAT iteration 156/400 : Query Acc = 93.33, Avg Acc = 96.12% +- 0.49%
EuroSAT iteration 157/400 : Query Acc = 98.67, Avg Acc = 96.14% +- 0.48%
EuroSAT iteration 158/400 : Query Acc = 98.67, Avg Acc = 96.15% +- 0.48%
EuroSAT iteration 159/400 : Query Acc = 98.67, Avg Acc = 96.17% +- 0.48%
EuroSAT iteration 160/400 : Query Acc = 97.33, Avg Acc = 96.17% +- 0.48%
EuroSAT iteration 161/400 : Query Acc = 97.33, Avg Acc = 96.18% +- 0.47%
EuroSAT iteration 162/400 : Query Acc = 94.67, Avg Acc = 96.17% +- 0.47%
EuroSAT iteration 163/400 : Query Acc = 96.00, Avg Acc = 96.17% +- 0.47%
EuroSAT iteration 164/400 : Query Acc = 96.00, Avg Acc = 96.17% +- 0.47%
EuroSAT iteration 165/400 : Query Acc = 94.67, Avg Acc = 96.16% +- 0.46%
EuroSAT iteration 166/400 : Query Acc = 82.67, Avg Acc = 96.08% +- 0.49%
EuroSAT iteration 167/400 : Query Acc = 98.67, Avg Acc = 96.10% +- 0.48%
EuroSAT iteration 168/400 : Query Acc = 96.00, Avg Acc = 96.09% +- 0.48%
EuroSAT iteration 169/400 : Query Acc = 97.33, Avg Acc = 96.10% +- 0.48%
EuroSAT iteration 170/400 : Query Acc = 98.67, Avg Acc = 96.12% +- 0.48%
EuroSAT iteration 171/400 : Query Acc = 96.00, Avg Acc = 96.12% +- 0.47%
EuroSAT iteration 172/400 : Query Acc = 100.00, Avg Acc = 96.14% +- 0.47%
EuroSAT iteration 173/400 : Query Acc = 98.67, Avg Acc = 96.15% +- 0.47%
EuroSAT iteration 174/400 : Query Acc = 93.33, Avg Acc = 96.14% +- 0.47%
EuroSAT iteration 175/400 : Query Acc = 96.00, Avg Acc = 96.14% +- 0.47%
EuroSAT iteration 176/400 : Query Acc = 97.33, Avg Acc = 96.14% +- 0.47%
EuroSAT iteration 177/400 : Query Acc = 94.67, Avg Acc = 96.13% +- 0.46%
EuroSAT iteration 178/400 : Query Acc = 93.33, Avg Acc = 96.12% +- 0.46%
EuroSAT iteration 179/400 : Query Acc = 92.00, Avg Acc = 96.10% +- 0.46%
EuroSAT iteration 180/400 : Query Acc = 93.33, Avg Acc = 96.08% +- 0.46%
EuroSAT iteration 181/400 : Query Acc = 100.00, Avg Acc = 96.10% +- 0.46%
EuroSAT iteration 182/400 : Query Acc = 98.67, Avg Acc = 96.12% +- 0.46%
EuroSAT iteration 183/400 : Query Acc = 98.67, Avg Acc = 96.13% +- 0.46%
EuroSAT iteration 184/400 : Query Acc = 93.33, Avg Acc = 96.12% +- 0.45%
EuroSAT iteration 185/400 : Query Acc = 97.33, Avg Acc = 96.12% +- 0.45%
EuroSAT iteration 186/400 : Query Acc = 94.67, Avg Acc = 96.11% +- 0.45%
EuroSAT iteration 187/400 : Query Acc = 98.67, Avg Acc = 96.13% +- 0.45%
EuroSAT iteration 188/400 : Query Acc = 92.00, Avg Acc = 96.11% +- 0.45%
EuroSAT iteration 189/400 : Query Acc = 94.67, Avg Acc = 96.10% +- 0.45%
EuroSAT iteration 190/400 : Query Acc = 94.67, Avg Acc = 96.09% +- 0.44%
EuroSAT iteration 191/400 : Query Acc = 90.67, Avg Acc = 96.06% +- 0.44%
EuroSAT iteration 192/400 : Query Acc = 96.00, Avg Acc = 96.06% +- 0.44%
EuroSAT iteration 193/400 : Query Acc = 96.00, Avg Acc = 96.06% +- 0.44%
EuroSAT iteration 194/400 : Query Acc = 92.00, Avg Acc = 96.04% +- 0.44%
EuroSAT iteration 195/400 : Query Acc = 98.67, Avg Acc = 96.05% +- 0.44%
EuroSAT iteration 196/400 : Query Acc = 94.67, Avg Acc = 96.05% +- 0.44%
EuroSAT iteration 197/400 : Query Acc = 94.67, Avg Acc = 96.04% +- 0.43%
EuroSAT iteration 198/400 : Query Acc = 100.00, Avg Acc = 96.06% +- 0.43%
EuroSAT iteration 199/400 : Query Acc = 96.00, Avg Acc = 96.06% +- 0.43%
EuroSAT iteration 200/400 : Query Acc = 98.67, Avg Acc = 96.07% +- 0.43%
EuroSAT | 200 / 400 Acc = 96.07% +- 0.43%
EuroSAT iteration 201/400 : Query Acc = 98.67, Avg Acc = 96.09% +- 0.43%
EuroSAT iteration 202/400 : Query Acc = 98.67, Avg Acc = 96.10% +- 0.43%
EuroSAT iteration 203/400 : Query Acc = 98.67, Avg Acc = 96.11% +- 0.43%
EuroSAT iteration 204/400 : Query Acc = 100.00, Avg Acc = 96.13% +- 0.43%
EuroSAT iteration 205/400 : Query Acc = 98.67, Avg Acc = 96.14% +- 0.42%
EuroSAT iteration 206/400 : Query Acc = 97.33, Avg Acc = 96.15% +- 0.42%
EuroSAT iteration 207/400 : Query Acc = 98.67, Avg Acc = 96.16% +- 0.42%
EuroSAT iteration 208/400 : Query Acc = 96.00, Avg Acc = 96.16% +- 0.42%
EuroSAT iteration 209/400 : Query Acc = 97.33, Avg Acc = 96.17% +- 0.42%
EuroSAT iteration 210/400 : Query Acc = 96.00, Avg Acc = 96.16% +- 0.42%
EuroSAT iteration 211/400 : Query Acc = 97.33, Avg Acc = 96.17% +- 0.41%
EuroSAT iteration 212/400 : Query Acc = 94.67, Avg Acc = 96.16% +- 0.41%
EuroSAT iteration 213/400 : Query Acc = 93.33, Avg Acc = 96.15% +- 0.41%
EuroSAT iteration 214/400 : Query Acc = 96.00, Avg Acc = 96.15% +- 0.41%
EuroSAT iteration 215/400 : Query Acc = 86.67, Avg Acc = 96.10% +- 0.42%
EuroSAT iteration 216/400 : Query Acc = 93.33, Avg Acc = 96.09% +- 0.41%
EuroSAT iteration 217/400 : Query Acc = 98.67, Avg Acc = 96.10% +- 0.41%
EuroSAT iteration 218/400 : Query Acc = 98.67, Avg Acc = 96.12% +- 0.41%
EuroSAT iteration 219/400 : Query Acc = 94.67, Avg Acc = 96.11% +- 0.41%
EuroSAT iteration 220/400 : Query Acc = 97.33, Avg Acc = 96.11% +- 0.41%
EuroSAT iteration 221/400 : Query Acc = 98.67, Avg Acc = 96.13% +- 0.41%
EuroSAT iteration 222/400 : Query Acc = 96.00, Avg Acc = 96.13% +- 0.41%
EuroSAT iteration 223/400 : Query Acc = 94.67, Avg Acc = 96.12% +- 0.40%
EuroSAT iteration 224/400 : Query Acc = 98.67, Avg Acc = 96.13% +- 0.40%
EuroSAT iteration 225/400 : Query Acc = 94.67, Avg Acc = 96.12% +- 0.40%
EuroSAT iteration 226/400 : Query Acc = 90.67, Avg Acc = 96.10% +- 0.40%
EuroSAT iteration 227/400 : Query Acc = 97.33, Avg Acc = 96.11% +- 0.40%
EuroSAT iteration 228/400 : Query Acc = 100.00, Avg Acc = 96.12% +- 0.40%
EuroSAT iteration 229/400 : Query Acc = 100.00, Avg Acc = 96.14% +- 0.40%
EuroSAT iteration 230/400 : Query Acc = 94.67, Avg Acc = 96.13% +- 0.40%
EuroSAT iteration 231/400 : Query Acc = 94.67, Avg Acc = 96.13% +- 0.40%
EuroSAT iteration 232/400 : Query Acc = 98.67, Avg Acc = 96.14% +- 0.40%
EuroSAT iteration 233/400 : Query Acc = 93.33, Avg Acc = 96.13% +- 0.39%
EuroSAT iteration 234/400 : Query Acc = 94.67, Avg Acc = 96.12% +- 0.39%
EuroSAT iteration 235/400 : Query Acc = 97.33, Avg Acc = 96.12% +- 0.39%
EuroSAT iteration 236/400 : Query Acc = 94.67, Avg Acc = 96.12% +- 0.39%
EuroSAT iteration 237/400 : Query Acc = 92.00, Avg Acc = 96.10% +- 0.39%
EuroSAT iteration 238/400 : Query Acc = 89.33, Avg Acc = 96.07% +- 0.39%
EuroSAT iteration 239/400 : Query Acc = 94.67, Avg Acc = 96.07% +- 0.39%
EuroSAT iteration 240/400 : Query Acc = 88.00, Avg Acc = 96.03% +- 0.39%
EuroSAT iteration 241/400 : Query Acc = 92.00, Avg Acc = 96.02% +- 0.39%
EuroSAT iteration 242/400 : Query Acc = 100.00, Avg Acc = 96.03% +- 0.39%
EuroSAT iteration 243/400 : Query Acc = 97.33, Avg Acc = 96.04% +- 0.39%
EuroSAT iteration 244/400 : Query Acc = 97.33, Avg Acc = 96.04% +- 0.39%
EuroSAT iteration 245/400 : Query Acc = 96.00, Avg Acc = 96.04% +- 0.39%
EuroSAT iteration 246/400 : Query Acc = 96.00, Avg Acc = 96.04% +- 0.39%
EuroSAT iteration 247/400 : Query Acc = 92.00, Avg Acc = 96.03% +- 0.39%
EuroSAT iteration 248/400 : Query Acc = 97.33, Avg Acc = 96.03% +- 0.39%
EuroSAT iteration 249/400 : Query Acc = 90.67, Avg Acc = 96.01% +- 0.39%
EuroSAT iteration 250/400 : Query Acc = 93.33, Avg Acc = 96.00% +- 0.39%
EuroSAT iteration 251/400 : Query Acc = 97.33, Avg Acc = 96.01% +- 0.38%
EuroSAT iteration 252/400 : Query Acc = 93.33, Avg Acc = 95.99% +- 0.38%
EuroSAT iteration 253/400 : Query Acc = 97.33, Avg Acc = 96.00% +- 0.38%
EuroSAT iteration 254/400 : Query Acc = 98.67, Avg Acc = 96.01% +- 0.38%
EuroSAT iteration 255/400 : Query Acc = 97.33, Avg Acc = 96.02% +- 0.38%
EuroSAT iteration 256/400 : Query Acc = 97.33, Avg Acc = 96.02% +- 0.38%
EuroSAT iteration 257/400 : Query Acc = 97.33, Avg Acc = 96.03% +- 0.38%
EuroSAT iteration 258/400 : Query Acc = 97.33, Avg Acc = 96.03% +- 0.38%
EuroSAT iteration 259/400 : Query Acc = 97.33, Avg Acc = 96.04% +- 0.37%
EuroSAT iteration 260/400 : Query Acc = 92.00, Avg Acc = 96.02% +- 0.37%
EuroSAT iteration 261/400 : Query Acc = 89.33, Avg Acc = 95.99% +- 0.38%
EuroSAT iteration 262/400 : Query Acc = 93.33, Avg Acc = 95.98% +- 0.38%
EuroSAT iteration 263/400 : Query Acc = 93.33, Avg Acc = 95.97% +- 0.37%
EuroSAT iteration 264/400 : Query Acc = 97.33, Avg Acc = 95.98% +- 0.37%
EuroSAT iteration 265/400 : Query Acc = 97.33, Avg Acc = 95.98% +- 0.37%
EuroSAT iteration 266/400 : Query Acc = 94.67, Avg Acc = 95.98% +- 0.37%
EuroSAT iteration 267/400 : Query Acc = 93.33, Avg Acc = 95.97% +- 0.37%
EuroSAT iteration 268/400 : Query Acc = 97.33, Avg Acc = 95.98% +- 0.37%
EuroSAT iteration 269/400 : Query Acc = 96.00, Avg Acc = 95.98% +- 0.37%
EuroSAT iteration 270/400 : Query Acc = 90.67, Avg Acc = 95.96% +- 0.37%
EuroSAT iteration 271/400 : Query Acc = 98.67, Avg Acc = 95.97% +- 0.37%
EuroSAT iteration 272/400 : Query Acc = 96.00, Avg Acc = 95.97% +- 0.37%
EuroSAT iteration 273/400 : Query Acc = 96.00, Avg Acc = 95.97% +- 0.36%
EuroSAT iteration 274/400 : Query Acc = 94.67, Avg Acc = 95.96% +- 0.36%
EuroSAT iteration 275/400 : Query Acc = 96.00, Avg Acc = 95.96% +- 0.36%
EuroSAT iteration 276/400 : Query Acc = 88.00, Avg Acc = 95.93% +- 0.36%
EuroSAT iteration 277/400 : Query Acc = 94.67, Avg Acc = 95.93% +- 0.36%
EuroSAT iteration 278/400 : Query Acc = 97.33, Avg Acc = 95.93% +- 0.36%
EuroSAT iteration 279/400 : Query Acc = 96.00, Avg Acc = 95.93% +- 0.36%
EuroSAT iteration 280/400 : Query Acc = 97.33, Avg Acc = 95.94% +- 0.36%
EuroSAT iteration 281/400 : Query Acc = 93.33, Avg Acc = 95.93% +- 0.36%
EuroSAT iteration 282/400 : Query Acc = 90.67, Avg Acc = 95.91% +- 0.36%
EuroSAT iteration 283/400 : Query Acc = 96.00, Avg Acc = 95.91% +- 0.36%
EuroSAT iteration 284/400 : Query Acc = 98.67, Avg Acc = 95.92% +- 0.36%
EuroSAT iteration 285/400 : Query Acc = 96.00, Avg Acc = 95.92% +- 0.36%
EuroSAT iteration 286/400 : Query Acc = 98.67, Avg Acc = 95.93% +- 0.36%
EuroSAT iteration 287/400 : Query Acc = 94.67, Avg Acc = 95.93% +- 0.35%
EuroSAT iteration 288/400 : Query Acc = 97.33, Avg Acc = 95.93% +- 0.35%
EuroSAT iteration 289/400 : Query Acc = 97.33, Avg Acc = 95.94% +- 0.35%
EuroSAT iteration 290/400 : Query Acc = 89.33, Avg Acc = 95.91% +- 0.35%
EuroSAT iteration 291/400 : Query Acc = 98.67, Avg Acc = 95.92% +- 0.35%
EuroSAT iteration 292/400 : Query Acc = 100.00, Avg Acc = 95.94% +- 0.35%
EuroSAT iteration 293/400 : Query Acc = 97.33, Avg Acc = 95.94% +- 0.35%
EuroSAT iteration 294/400 : Query Acc = 98.67, Avg Acc = 95.95% +- 0.35%
EuroSAT iteration 295/400 : Query Acc = 94.67, Avg Acc = 95.95% +- 0.35%
EuroSAT iteration 296/400 : Query Acc = 100.00, Avg Acc = 95.96% +- 0.35%
EuroSAT iteration 297/400 : Query Acc = 98.67, Avg Acc = 95.97% +- 0.35%
EuroSAT iteration 298/400 : Query Acc = 96.00, Avg Acc = 95.97% +- 0.35%
EuroSAT iteration 299/400 : Query Acc = 97.33, Avg Acc = 95.97% +- 0.35%
EuroSAT iteration 300/400 : Query Acc = 93.33, Avg Acc = 95.96% +- 0.35%
EuroSAT | 300 / 400 Acc = 95.96% +- 0.35%
EuroSAT iteration 301/400 : Query Acc = 100.00, Avg Acc = 95.98% +- 0.35%
EuroSAT iteration 302/400 : Query Acc = 97.33, Avg Acc = 95.98% +- 0.35%
EuroSAT iteration 303/400 : Query Acc = 98.67, Avg Acc = 95.99% +- 0.34%
EuroSAT iteration 304/400 : Query Acc = 93.33, Avg Acc = 95.98% +- 0.34%
EuroSAT iteration 305/400 : Query Acc = 100.00, Avg Acc = 96.00% +- 0.34%
EuroSAT iteration 306/400 : Query Acc = 98.67, Avg Acc = 96.00% +- 0.34%
EuroSAT iteration 307/400 : Query Acc = 96.00, Avg Acc = 96.00% +- 0.34%
EuroSAT iteration 308/400 : Query Acc = 94.67, Avg Acc = 96.00% +- 0.34%
EuroSAT iteration 309/400 : Query Acc = 94.67, Avg Acc = 96.00% +- 0.34%
EuroSAT iteration 310/400 : Query Acc = 96.00, Avg Acc = 96.00% +- 0.34%
EuroSAT iteration 311/400 : Query Acc = 96.00, Avg Acc = 96.00% +- 0.34%
EuroSAT iteration 312/400 : Query Acc = 96.00, Avg Acc = 96.00% +- 0.34%
EuroSAT iteration 313/400 : Query Acc = 93.33, Avg Acc = 95.99% +- 0.34%
EuroSAT iteration 314/400 : Query Acc = 93.33, Avg Acc = 95.98% +- 0.34%
EuroSAT iteration 315/400 : Query Acc = 97.33, Avg Acc = 95.98% +- 0.33%
EuroSAT iteration 316/400 : Query Acc = 93.33, Avg Acc = 95.97% +- 0.33%
EuroSAT iteration 317/400 : Query Acc = 92.00, Avg Acc = 95.96% +- 0.33%
EuroSAT iteration 318/400 : Query Acc = 96.00, Avg Acc = 95.96% +- 0.33%
EuroSAT iteration 319/400 : Query Acc = 94.67, Avg Acc = 95.96% +- 0.33%
EuroSAT iteration 320/400 : Query Acc = 92.00, Avg Acc = 95.95% +- 0.33%
EuroSAT iteration 321/400 : Query Acc = 94.67, Avg Acc = 95.94% +- 0.33%
EuroSAT iteration 322/400 : Query Acc = 100.00, Avg Acc = 95.95% +- 0.33%
EuroSAT iteration 323/400 : Query Acc = 96.00, Avg Acc = 95.95% +- 0.33%
EuroSAT iteration 324/400 : Query Acc = 98.67, Avg Acc = 95.96% +- 0.33%
EuroSAT iteration 325/400 : Query Acc = 100.00, Avg Acc = 95.98% +- 0.33%
EuroSAT iteration 326/400 : Query Acc = 93.33, Avg Acc = 95.97% +- 0.33%
EuroSAT iteration 327/400 : Query Acc = 100.00, Avg Acc = 95.98% +- 0.33%
EuroSAT iteration 328/400 : Query Acc = 98.67, Avg Acc = 95.99% +- 0.33%
EuroSAT iteration 329/400 : Query Acc = 98.67, Avg Acc = 96.00% +- 0.33%
EuroSAT iteration 330/400 : Query Acc = 96.00, Avg Acc = 96.00% +- 0.33%
EuroSAT iteration 331/400 : Query Acc = 96.00, Avg Acc = 96.00% +- 0.32%
EuroSAT iteration 332/400 : Query Acc = 97.33, Avg Acc = 96.00% +- 0.32%
EuroSAT iteration 333/400 : Query Acc = 98.67, Avg Acc = 96.01% +- 0.32%
EuroSAT iteration 334/400 : Query Acc = 100.00, Avg Acc = 96.02% +- 0.32%
EuroSAT iteration 335/400 : Query Acc = 94.67, Avg Acc = 96.02% +- 0.32%
EuroSAT iteration 336/400 : Query Acc = 94.67, Avg Acc = 96.01% +- 0.32%
EuroSAT iteration 337/400 : Query Acc = 97.33, Avg Acc = 96.02% +- 0.32%
EuroSAT iteration 338/400 : Query Acc = 96.00, Avg Acc = 96.02% +- 0.32%
EuroSAT iteration 339/400 : Query Acc = 94.67, Avg Acc = 96.01% +- 0.32%
EuroSAT iteration 340/400 : Query Acc = 96.00, Avg Acc = 96.01% +- 0.32%
EuroSAT iteration 341/400 : Query Acc = 94.67, Avg Acc = 96.01% +- 0.32%
EuroSAT iteration 342/400 : Query Acc = 93.33, Avg Acc = 96.00% +- 0.32%
EuroSAT iteration 343/400 : Query Acc = 94.67, Avg Acc = 96.00% +- 0.32%
EuroSAT iteration 344/400 : Query Acc = 97.33, Avg Acc = 96.00% +- 0.31%
EuroSAT iteration 345/400 : Query Acc = 97.33, Avg Acc = 96.00% +- 0.31%
EuroSAT iteration 346/400 : Query Acc = 96.00, Avg Acc = 96.00% +- 0.31%
EuroSAT iteration 347/400 : Query Acc = 100.00, Avg Acc = 96.02% +- 0.31%
EuroSAT iteration 348/400 : Query Acc = 98.67, Avg Acc = 96.02% +- 0.31%
EuroSAT iteration 349/400 : Query Acc = 98.67, Avg Acc = 96.03% +- 0.31%
EuroSAT iteration 350/400 : Query Acc = 100.00, Avg Acc = 96.04% +- 0.31%
EuroSAT iteration 351/400 : Query Acc = 100.00, Avg Acc = 96.05% +- 0.31%
EuroSAT iteration 352/400 : Query Acc = 90.67, Avg Acc = 96.04% +- 0.31%
EuroSAT iteration 353/400 : Query Acc = 96.00, Avg Acc = 96.04% +- 0.31%
EuroSAT iteration 354/400 : Query Acc = 98.67, Avg Acc = 96.05% +- 0.31%
EuroSAT iteration 355/400 : Query Acc = 100.00, Avg Acc = 96.06% +- 0.31%
EuroSAT iteration 356/400 : Query Acc = 93.33, Avg Acc = 96.05% +- 0.31%
EuroSAT iteration 357/400 : Query Acc = 100.00, Avg Acc = 96.06% +- 0.31%
EuroSAT iteration 358/400 : Query Acc = 89.33, Avg Acc = 96.04% +- 0.31%
EuroSAT iteration 359/400 : Query Acc = 92.00, Avg Acc = 96.03% +- 0.31%
EuroSAT iteration 360/400 : Query Acc = 93.33, Avg Acc = 96.02% +- 0.31%
EuroSAT iteration 361/400 : Query Acc = 97.33, Avg Acc = 96.03% +- 0.31%
EuroSAT iteration 362/400 : Query Acc = 97.33, Avg Acc = 96.03% +- 0.31%
EuroSAT iteration 363/400 : Query Acc = 96.00, Avg Acc = 96.03% +- 0.31%
EuroSAT iteration 364/400 : Query Acc = 98.67, Avg Acc = 96.04% +- 0.31%
EuroSAT iteration 365/400 : Query Acc = 98.67, Avg Acc = 96.04% +- 0.31%
EuroSAT iteration 366/400 : Query Acc = 89.33, Avg Acc = 96.03% +- 0.31%
EuroSAT iteration 367/400 : Query Acc = 93.33, Avg Acc = 96.02% +- 0.31%
EuroSAT iteration 368/400 : Query Acc = 94.67, Avg Acc = 96.01% +- 0.31%
EuroSAT iteration 369/400 : Query Acc = 94.67, Avg Acc = 96.01% +- 0.31%
EuroSAT iteration 370/400 : Query Acc = 94.67, Avg Acc = 96.01% +- 0.31%
EuroSAT iteration 371/400 : Query Acc = 98.67, Avg Acc = 96.01% +- 0.31%
EuroSAT iteration 372/400 : Query Acc = 97.33, Avg Acc = 96.02% +- 0.30%
EuroSAT iteration 373/400 : Query Acc = 90.67, Avg Acc = 96.00% +- 0.30%
EuroSAT iteration 374/400 : Query Acc = 97.33, Avg Acc = 96.01% +- 0.30%
EuroSAT iteration 375/400 : Query Acc = 97.33, Avg Acc = 96.01% +- 0.30%
EuroSAT iteration 376/400 : Query Acc = 88.00, Avg Acc = 95.99% +- 0.31%
EuroSAT iteration 377/400 : Query Acc = 89.33, Avg Acc = 95.97% +- 0.31%
EuroSAT iteration 378/400 : Query Acc = 96.00, Avg Acc = 95.97% +- 0.31%
EuroSAT iteration 379/400 : Query Acc = 96.00, Avg Acc = 95.97% +- 0.31%
EuroSAT iteration 380/400 : Query Acc = 89.33, Avg Acc = 95.95% +- 0.31%
EuroSAT iteration 381/400 : Query Acc = 89.33, Avg Acc = 95.94% +- 0.31%
EuroSAT iteration 382/400 : Query Acc = 100.00, Avg Acc = 95.95% +- 0.31%
EuroSAT iteration 383/400 : Query Acc = 94.67, Avg Acc = 95.94% +- 0.31%
EuroSAT iteration 384/400 : Query Acc = 96.00, Avg Acc = 95.94% +- 0.31%
EuroSAT iteration 385/400 : Query Acc = 98.67, Avg Acc = 95.95% +- 0.31%
EuroSAT iteration 386/400 : Query Acc = 98.67, Avg Acc = 95.96% +- 0.30%
EuroSAT iteration 387/400 : Query Acc = 96.00, Avg Acc = 95.96% +- 0.30%
EuroSAT iteration 388/400 : Query Acc = 94.67, Avg Acc = 95.96% +- 0.30%
EuroSAT iteration 389/400 : Query Acc = 98.67, Avg Acc = 95.96% +- 0.30%
EuroSAT iteration 390/400 : Query Acc = 94.67, Avg Acc = 95.96% +- 0.30%
EuroSAT iteration 391/400 : Query Acc = 100.00, Avg Acc = 95.97% +- 0.30%
EuroSAT iteration 392/400 : Query Acc = 100.00, Avg Acc = 95.98% +- 0.30%
EuroSAT iteration 393/400 : Query Acc = 92.00, Avg Acc = 95.97% +- 0.30%
EuroSAT iteration 394/400 : Query Acc = 97.33, Avg Acc = 95.97% +- 0.30%
EuroSAT iteration 395/400 : Query Acc = 96.00, Avg Acc = 95.97% +- 0.30%
EuroSAT iteration 396/400 : Query Acc = 100.00, Avg Acc = 95.98% +- 0.30%
EuroSAT iteration 397/400 : Query Acc = 96.00, Avg Acc = 95.98% +- 0.30%
EuroSAT iteration 398/400 : Query Acc = 84.00, Avg Acc = 95.95% +- 0.30%
EuroSAT iteration 399/400 : Query Acc = 93.33, Avg Acc = 95.95% +- 0.30%
Euro 400 Test Acc = 95.95% +- 0.30%
[LIMO_CONFIRM EuroSAT] n = 400 個共同 episode（A 400、B 400）
[LIMO_CONFIRM EuroSAT] A   92.80 ± 0.42   EuroSAT_5shot_base_seed1_n400.jsonl
[LIMO_CONFIRM EuroSAT] B   95.95 ± 0.30   EuroSAT_5shot_limo_s0_seed1_n400.jsonl
[LIMO_CONFIRM EuroSAT] B − A  +3.14 ± 0.33   CI 不含 0
>>> [ATHA LIMO 確認集] CropDiseases_bscd 5-shot base  2026-10-06 21:06:14
set seed = 1
FineTune! 5 shots on CropDiseases dataset
CropDiseases iteration 0/400 : Query Acc = 98.67, Avg Acc = 98.67% +- 0.00%
CropDiseases | 0 / 400 Acc = 98.67% +- 0.00%
CropDiseases iteration 1/400 : Query Acc = 98.67, Avg Acc = 98.67% +- 0.00%
CropDiseases iteration 2/400 : Query Acc = 96.00, Avg Acc = 97.78% +- 1.42%
CropDiseases iteration 3/400 : Query Acc = 93.33, Avg Acc = 96.67% +- 2.17%
CropDiseases iteration 4/400 : Query Acc = 88.00, Avg Acc = 94.93% +- 3.50%
CropDiseases iteration 5/400 : Query Acc = 94.67, Avg Acc = 94.89% +- 2.92%
CropDiseases iteration 6/400 : Query Acc = 98.67, Avg Acc = 95.43% +- 2.68%
CropDiseases iteration 7/400 : Query Acc = 90.67, Avg Acc = 94.83% +- 2.59%
CropDiseases iteration 8/400 : Query Acc = 100.00, Avg Acc = 95.41% +- 2.54%
CropDiseases iteration 9/400 : Query Acc = 97.33, Avg Acc = 95.60% +- 2.31%
CropDiseases iteration 10/400 : Query Acc = 100.00, Avg Acc = 96.00% +- 2.23%
CropDiseases iteration 11/400 : Query Acc = 93.33, Avg Acc = 95.78% +- 2.09%
CropDiseases iteration 12/400 : Query Acc = 98.67, Avg Acc = 96.00% +- 1.97%
CropDiseases iteration 13/400 : Query Acc = 100.00, Avg Acc = 96.29% +- 1.91%
CropDiseases iteration 14/400 : Query Acc = 96.00, Avg Acc = 96.27% +- 1.78%
CropDiseases iteration 15/400 : Query Acc = 96.00, Avg Acc = 96.25% +- 1.67%
CropDiseases iteration 16/400 : Query Acc = 100.00, Avg Acc = 96.47% +- 1.63%
CropDiseases iteration 17/400 : Query Acc = 97.33, Avg Acc = 96.52% +- 1.54%
CropDiseases iteration 18/400 : Query Acc = 96.00, Avg Acc = 96.49% +- 1.46%
CropDiseases iteration 19/400 : Query Acc = 100.00, Avg Acc = 96.67% +- 1.43%
CropDiseases iteration 20/400 : Query Acc = 93.33, Avg Acc = 96.51% +- 1.39%
CropDiseases iteration 21/400 : Query Acc = 100.00, Avg Acc = 96.67% +- 1.36%
CropDiseases iteration 22/400 : Query Acc = 98.67, Avg Acc = 96.75% +- 1.31%
CropDiseases iteration 23/400 : Query Acc = 86.67, Avg Acc = 96.33% +- 1.49%
CropDiseases iteration 24/400 : Query Acc = 94.67, Avg Acc = 96.27% +- 1.44%
CropDiseases iteration 25/400 : Query Acc = 98.67, Avg Acc = 96.36% +- 1.40%
CropDiseases iteration 26/400 : Query Acc = 97.33, Avg Acc = 96.40% +- 1.35%
CropDiseases iteration 27/400 : Query Acc = 100.00, Avg Acc = 96.52% +- 1.32%
CropDiseases iteration 28/400 : Query Acc = 97.33, Avg Acc = 96.55% +- 1.28%
CropDiseases iteration 29/400 : Query Acc = 93.33, Avg Acc = 96.44% +- 1.25%
CropDiseases iteration 30/400 : Query Acc = 100.00, Avg Acc = 96.56% +- 1.23%
CropDiseases iteration 31/400 : Query Acc = 100.00, Avg Acc = 96.67% +- 1.21%
CropDiseases iteration 32/400 : Query Acc = 100.00, Avg Acc = 96.77% +- 1.19%
CropDiseases iteration 33/400 : Query Acc = 98.67, Avg Acc = 96.82% +- 1.16%
CropDiseases iteration 34/400 : Query Acc = 98.67, Avg Acc = 96.88% +- 1.13%
CropDiseases iteration 35/400 : Query Acc = 97.33, Avg Acc = 96.89% +- 1.10%
CropDiseases iteration 36/400 : Query Acc = 100.00, Avg Acc = 96.97% +- 1.08%
CropDiseases iteration 37/400 : Query Acc = 98.67, Avg Acc = 97.02% +- 1.06%
CropDiseases iteration 38/400 : Query Acc = 97.33, Avg Acc = 97.03% +- 1.03%
CropDiseases iteration 39/400 : Query Acc = 100.00, Avg Acc = 97.10% +- 1.02%
CropDiseases iteration 40/400 : Query Acc = 100.00, Avg Acc = 97.17% +- 1.00%
CropDiseases iteration 41/400 : Query Acc = 96.00, Avg Acc = 97.14% +- 0.98%
CropDiseases iteration 42/400 : Query Acc = 100.00, Avg Acc = 97.21% +- 0.96%
CropDiseases iteration 43/400 : Query Acc = 98.67, Avg Acc = 97.24% +- 0.94%
CropDiseases iteration 44/400 : Query Acc = 92.00, Avg Acc = 97.13% +- 0.95%
CropDiseases iteration 45/400 : Query Acc = 98.67, Avg Acc = 97.16% +- 0.93%
CropDiseases iteration 46/400 : Query Acc = 98.67, Avg Acc = 97.19% +- 0.91%
CropDiseases iteration 47/400 : Query Acc = 100.00, Avg Acc = 97.25% +- 0.90%
CropDiseases iteration 48/400 : Query Acc = 98.67, Avg Acc = 97.28% +- 0.89%
CropDiseases iteration 49/400 : Query Acc = 98.67, Avg Acc = 97.31% +- 0.87%
CropDiseases iteration 50/400 : Query Acc = 98.67, Avg Acc = 97.33% +- 0.85%
CropDiseases iteration 51/400 : Query Acc = 89.33, Avg Acc = 97.18% +- 0.89%
CropDiseases iteration 52/400 : Query Acc = 100.00, Avg Acc = 97.23% +- 0.88%
CropDiseases iteration 53/400 : Query Acc = 98.67, Avg Acc = 97.26% +- 0.86%
CropDiseases iteration 54/400 : Query Acc = 97.33, Avg Acc = 97.26% +- 0.85%
CropDiseases iteration 55/400 : Query Acc = 93.33, Avg Acc = 97.19% +- 0.84%
CropDiseases iteration 56/400 : Query Acc = 98.67, Avg Acc = 97.22% +- 0.83%
CropDiseases iteration 57/400 : Query Acc = 100.00, Avg Acc = 97.26% +- 0.82%
CropDiseases iteration 58/400 : Query Acc = 100.00, Avg Acc = 97.31% +- 0.81%
CropDiseases iteration 59/400 : Query Acc = 100.00, Avg Acc = 97.36% +- 0.80%
CropDiseases iteration 60/400 : Query Acc = 97.33, Avg Acc = 97.36% +- 0.79%
CropDiseases iteration 61/400 : Query Acc = 97.33, Avg Acc = 97.35% +- 0.78%
CropDiseases iteration 62/400 : Query Acc = 98.67, Avg Acc = 97.38% +- 0.77%
CropDiseases iteration 63/400 : Query Acc = 96.00, Avg Acc = 97.35% +- 0.76%
CropDiseases iteration 64/400 : Query Acc = 98.67, Avg Acc = 97.37% +- 0.75%
CropDiseases iteration 65/400 : Query Acc = 100.00, Avg Acc = 97.41% +- 0.74%
CropDiseases iteration 66/400 : Query Acc = 94.67, Avg Acc = 97.37% +- 0.73%
CropDiseases iteration 67/400 : Query Acc = 97.33, Avg Acc = 97.37% +- 0.72%
CropDiseases iteration 68/400 : Query Acc = 96.00, Avg Acc = 97.35% +- 0.71%
CropDiseases iteration 69/400 : Query Acc = 92.00, Avg Acc = 97.28% +- 0.72%
CropDiseases iteration 70/400 : Query Acc = 85.33, Avg Acc = 97.11% +- 0.78%
CropDiseases iteration 71/400 : Query Acc = 100.00, Avg Acc = 97.15% +- 0.77%
CropDiseases iteration 72/400 : Query Acc = 80.00, Avg Acc = 96.91% +- 0.89%
CropDiseases iteration 73/400 : Query Acc = 96.00, Avg Acc = 96.90% +- 0.88%
CropDiseases iteration 74/400 : Query Acc = 98.67, Avg Acc = 96.92% +- 0.87%
CropDiseases iteration 75/400 : Query Acc = 94.67, Avg Acc = 96.89% +- 0.86%
CropDiseases iteration 76/400 : Query Acc = 100.00, Avg Acc = 96.94% +- 0.85%
CropDiseases iteration 77/400 : Query Acc = 97.33, Avg Acc = 96.94% +- 0.84%
CropDiseases iteration 78/400 : Query Acc = 100.00, Avg Acc = 96.98% +- 0.83%
CropDiseases iteration 79/400 : Query Acc = 100.00, Avg Acc = 97.02% +- 0.82%
CropDiseases iteration 80/400 : Query Acc = 90.67, Avg Acc = 96.94% +- 0.83%
CropDiseases iteration 81/400 : Query Acc = 94.67, Avg Acc = 96.91% +- 0.82%
CropDiseases iteration 82/400 : Query Acc = 100.00, Avg Acc = 96.95% +- 0.81%
CropDiseases iteration 83/400 : Query Acc = 100.00, Avg Acc = 96.98% +- 0.81%
CropDiseases iteration 84/400 : Query Acc = 100.00, Avg Acc = 97.02% +- 0.80%
CropDiseases iteration 85/400 : Query Acc = 100.00, Avg Acc = 97.05% +- 0.79%
CropDiseases iteration 86/400 : Query Acc = 85.33, Avg Acc = 96.92% +- 0.83%
CropDiseases iteration 87/400 : Query Acc = 96.00, Avg Acc = 96.91% +- 0.82%
CropDiseases iteration 88/400 : Query Acc = 97.33, Avg Acc = 96.91% +- 0.81%
CropDiseases iteration 89/400 : Query Acc = 98.67, Avg Acc = 96.93% +- 0.80%
CropDiseases iteration 90/400 : Query Acc = 93.33, Avg Acc = 96.89% +- 0.80%
CropDiseases iteration 91/400 : Query Acc = 98.67, Avg Acc = 96.91% +- 0.79%
CropDiseases iteration 92/400 : Query Acc = 88.00, Avg Acc = 96.82% +- 0.80%
CropDiseases iteration 93/400 : Query Acc = 96.00, Avg Acc = 96.81% +- 0.79%
CropDiseases iteration 94/400 : Query Acc = 100.00, Avg Acc = 96.84% +- 0.79%
CropDiseases iteration 95/400 : Query Acc = 94.67, Avg Acc = 96.82% +- 0.78%
CropDiseases iteration 96/400 : Query Acc = 89.33, Avg Acc = 96.74% +- 0.79%
CropDiseases iteration 97/400 : Query Acc = 98.67, Avg Acc = 96.76% +- 0.78%
CropDiseases iteration 98/400 : Query Acc = 100.00, Avg Acc = 96.79% +- 0.77%
CropDiseases iteration 99/400 : Query Acc = 93.33, Avg Acc = 96.76% +- 0.77%
CropDiseases iteration 100/400 : Query Acc = 98.67, Avg Acc = 96.78% +- 0.76%
CropDiseases | 100 / 400 Acc = 96.78% +- 0.76%
CropDiseases iteration 101/400 : Query Acc = 98.67, Avg Acc = 96.80% +- 0.76%
CropDiseases iteration 102/400 : Query Acc = 100.00, Avg Acc = 96.83% +- 0.75%
CropDiseases iteration 103/400 : Query Acc = 97.33, Avg Acc = 96.83% +- 0.74%
CropDiseases iteration 104/400 : Query Acc = 100.00, Avg Acc = 96.86% +- 0.74%
CropDiseases iteration 105/400 : Query Acc = 100.00, Avg Acc = 96.89% +- 0.74%
CropDiseases iteration 106/400 : Query Acc = 93.33, Avg Acc = 96.86% +- 0.73%
CropDiseases iteration 107/400 : Query Acc = 98.67, Avg Acc = 96.88% +- 0.73%
CropDiseases iteration 108/400 : Query Acc = 98.67, Avg Acc = 96.89% +- 0.72%
CropDiseases iteration 109/400 : Query Acc = 92.00, Avg Acc = 96.85% +- 0.72%
CropDiseases iteration 110/400 : Query Acc = 98.67, Avg Acc = 96.86% +- 0.71%
CropDiseases iteration 111/400 : Query Acc = 96.00, Avg Acc = 96.86% +- 0.71%
CropDiseases iteration 112/400 : Query Acc = 90.67, Avg Acc = 96.80% +- 0.71%
CropDiseases iteration 113/400 : Query Acc = 100.00, Avg Acc = 96.83% +- 0.70%
CropDiseases iteration 114/400 : Query Acc = 94.67, Avg Acc = 96.81% +- 0.70%
CropDiseases iteration 115/400 : Query Acc = 100.00, Avg Acc = 96.84% +- 0.69%
CropDiseases iteration 116/400 : Query Acc = 96.00, Avg Acc = 96.83% +- 0.69%
CropDiseases iteration 117/400 : Query Acc = 98.67, Avg Acc = 96.85% +- 0.68%
CropDiseases iteration 118/400 : Query Acc = 96.00, Avg Acc = 96.84% +- 0.68%
CropDiseases iteration 119/400 : Query Acc = 100.00, Avg Acc = 96.87% +- 0.67%
CropDiseases iteration 120/400 : Query Acc = 93.33, Avg Acc = 96.84% +- 0.67%
CropDiseases iteration 121/400 : Query Acc = 100.00, Avg Acc = 96.86% +- 0.67%
CropDiseases iteration 122/400 : Query Acc = 100.00, Avg Acc = 96.89% +- 0.66%
CropDiseases iteration 123/400 : Query Acc = 98.67, Avg Acc = 96.90% +- 0.66%
CropDiseases iteration 124/400 : Query Acc = 90.67, Avg Acc = 96.85% +- 0.66%
CropDiseases iteration 125/400 : Query Acc = 98.67, Avg Acc = 96.87% +- 0.66%
CropDiseases iteration 126/400 : Query Acc = 100.00, Avg Acc = 96.89% +- 0.65%
CropDiseases iteration 127/400 : Query Acc = 96.00, Avg Acc = 96.89% +- 0.65%
CropDiseases iteration 128/400 : Query Acc = 100.00, Avg Acc = 96.91% +- 0.65%
CropDiseases iteration 129/400 : Query Acc = 100.00, Avg Acc = 96.93% +- 0.64%
CropDiseases iteration 130/400 : Query Acc = 90.67, Avg Acc = 96.89% +- 0.64%
CropDiseases iteration 131/400 : Query Acc = 96.00, Avg Acc = 96.88% +- 0.64%
CropDiseases iteration 132/400 : Query Acc = 98.67, Avg Acc = 96.89% +- 0.63%
CropDiseases iteration 133/400 : Query Acc = 100.00, Avg Acc = 96.92% +- 0.63%
CropDiseases iteration 134/400 : Query Acc = 100.00, Avg Acc = 96.94% +- 0.63%
CropDiseases iteration 135/400 : Query Acc = 94.67, Avg Acc = 96.92% +- 0.62%
CropDiseases iteration 136/400 : Query Acc = 100.00, Avg Acc = 96.94% +- 0.62%
CropDiseases iteration 137/400 : Query Acc = 98.67, Avg Acc = 96.96% +- 0.62%
CropDiseases iteration 138/400 : Query Acc = 97.33, Avg Acc = 96.96% +- 0.61%
CropDiseases iteration 139/400 : Query Acc = 100.00, Avg Acc = 96.98% +- 0.61%
CropDiseases iteration 140/400 : Query Acc = 96.00, Avg Acc = 96.97% +- 0.61%
CropDiseases iteration 141/400 : Query Acc = 96.00, Avg Acc = 96.97% +- 0.60%
CropDiseases iteration 142/400 : Query Acc = 96.00, Avg Acc = 96.96% +- 0.60%
CropDiseases iteration 143/400 : Query Acc = 97.33, Avg Acc = 96.96% +- 0.59%
CropDiseases iteration 144/400 : Query Acc = 92.00, Avg Acc = 96.93% +- 0.59%
CropDiseases iteration 145/400 : Query Acc = 85.33, Avg Acc = 96.85% +- 0.61%
CropDiseases iteration 146/400 : Query Acc = 98.67, Avg Acc = 96.86% +- 0.61%
CropDiseases iteration 147/400 : Query Acc = 98.67, Avg Acc = 96.87% +- 0.60%
CropDiseases iteration 148/400 : Query Acc = 92.00, Avg Acc = 96.84% +- 0.60%
CropDiseases iteration 149/400 : Query Acc = 96.00, Avg Acc = 96.84% +- 0.60%
CropDiseases iteration 150/400 : Query Acc = 97.33, Avg Acc = 96.84% +- 0.59%
CropDiseases iteration 151/400 : Query Acc = 100.00, Avg Acc = 96.86% +- 0.59%
CropDiseases iteration 152/400 : Query Acc = 100.00, Avg Acc = 96.88% +- 0.59%
CropDiseases iteration 153/400 : Query Acc = 94.67, Avg Acc = 96.87% +- 0.59%
CropDiseases iteration 154/400 : Query Acc = 100.00, Avg Acc = 96.89% +- 0.58%
CropDiseases iteration 155/400 : Query Acc = 97.33, Avg Acc = 96.89% +- 0.58%
CropDiseases iteration 156/400 : Query Acc = 90.67, Avg Acc = 96.85% +- 0.58%
CropDiseases iteration 157/400 : Query Acc = 98.67, Avg Acc = 96.86% +- 0.58%
CropDiseases iteration 158/400 : Query Acc = 98.67, Avg Acc = 96.87% +- 0.57%
CropDiseases iteration 159/400 : Query Acc = 97.33, Avg Acc = 96.88% +- 0.57%
CropDiseases iteration 160/400 : Query Acc = 93.33, Avg Acc = 96.85% +- 0.57%
CropDiseases iteration 161/400 : Query Acc = 94.67, Avg Acc = 96.84% +- 0.57%
CropDiseases iteration 162/400 : Query Acc = 100.00, Avg Acc = 96.86% +- 0.56%
CropDiseases iteration 163/400 : Query Acc = 85.33, Avg Acc = 96.79% +- 0.58%
CropDiseases iteration 164/400 : Query Acc = 94.67, Avg Acc = 96.78% +- 0.57%
CropDiseases iteration 165/400 : Query Acc = 100.00, Avg Acc = 96.80% +- 0.57%
CropDiseases iteration 166/400 : Query Acc = 97.33, Avg Acc = 96.80% +- 0.57%
CropDiseases iteration 167/400 : Query Acc = 92.00, Avg Acc = 96.77% +- 0.57%
CropDiseases iteration 168/400 : Query Acc = 98.67, Avg Acc = 96.78% +- 0.57%
CropDiseases iteration 169/400 : Query Acc = 100.00, Avg Acc = 96.80% +- 0.56%
CropDiseases iteration 170/400 : Query Acc = 89.33, Avg Acc = 96.76% +- 0.57%
CropDiseases iteration 171/400 : Query Acc = 94.67, Avg Acc = 96.74% +- 0.56%
CropDiseases iteration 172/400 : Query Acc = 97.33, Avg Acc = 96.75% +- 0.56%
CropDiseases iteration 173/400 : Query Acc = 98.67, Avg Acc = 96.76% +- 0.56%
CropDiseases iteration 174/400 : Query Acc = 100.00, Avg Acc = 96.78% +- 0.56%
CropDiseases iteration 175/400 : Query Acc = 97.33, Avg Acc = 96.78% +- 0.55%
CropDiseases iteration 176/400 : Query Acc = 77.33, Avg Acc = 96.67% +- 0.59%
CropDiseases iteration 177/400 : Query Acc = 98.67, Avg Acc = 96.68% +- 0.59%
CropDiseases iteration 178/400 : Query Acc = 88.00, Avg Acc = 96.63% +- 0.59%
CropDiseases iteration 179/400 : Query Acc = 100.00, Avg Acc = 96.65% +- 0.59%
CropDiseases iteration 180/400 : Query Acc = 100.00, Avg Acc = 96.67% +- 0.59%
CropDiseases iteration 181/400 : Query Acc = 98.67, Avg Acc = 96.68% +- 0.58%
CropDiseases iteration 182/400 : Query Acc = 100.00, Avg Acc = 96.70% +- 0.58%
CropDiseases iteration 183/400 : Query Acc = 100.00, Avg Acc = 96.72% +- 0.58%
CropDiseases iteration 184/400 : Query Acc = 97.33, Avg Acc = 96.72% +- 0.58%
CropDiseases iteration 185/400 : Query Acc = 98.67, Avg Acc = 96.73% +- 0.57%
CropDiseases iteration 186/400 : Query Acc = 97.33, Avg Acc = 96.73% +- 0.57%
CropDiseases iteration 187/400 : Query Acc = 97.33, Avg Acc = 96.74% +- 0.57%
CropDiseases iteration 188/400 : Query Acc = 97.33, Avg Acc = 96.74% +- 0.56%
CropDiseases iteration 189/400 : Query Acc = 100.00, Avg Acc = 96.76% +- 0.56%
CropDiseases iteration 190/400 : Query Acc = 96.00, Avg Acc = 96.75% +- 0.56%
CropDiseases iteration 191/400 : Query Acc = 97.33, Avg Acc = 96.76% +- 0.56%
CropDiseases iteration 192/400 : Query Acc = 98.67, Avg Acc = 96.77% +- 0.55%
CropDiseases iteration 193/400 : Query Acc = 97.33, Avg Acc = 96.77% +- 0.55%
CropDiseases iteration 194/400 : Query Acc = 100.00, Avg Acc = 96.79% +- 0.55%
CropDiseases iteration 195/400 : Query Acc = 90.67, Avg Acc = 96.76% +- 0.55%
CropDiseases iteration 196/400 : Query Acc = 98.67, Avg Acc = 96.76% +- 0.55%
CropDiseases iteration 197/400 : Query Acc = 100.00, Avg Acc = 96.78% +- 0.55%
CropDiseases iteration 198/400 : Query Acc = 100.00, Avg Acc = 96.80% +- 0.54%
CropDiseases iteration 199/400 : Query Acc = 90.67, Avg Acc = 96.77% +- 0.54%
CropDiseases iteration 200/400 : Query Acc = 100.00, Avg Acc = 96.78% +- 0.54%
CropDiseases | 200 / 400 Acc = 96.78% +- 0.54%
CropDiseases iteration 201/400 : Query Acc = 94.67, Avg Acc = 96.77% +- 0.54%
CropDiseases iteration 202/400 : Query Acc = 98.67, Avg Acc = 96.78% +- 0.54%
CropDiseases iteration 203/400 : Query Acc = 97.33, Avg Acc = 96.78% +- 0.54%
CropDiseases iteration 204/400 : Query Acc = 100.00, Avg Acc = 96.80% +- 0.53%
CropDiseases iteration 205/400 : Query Acc = 100.00, Avg Acc = 96.82% +- 0.53%
CropDiseases iteration 206/400 : Query Acc = 98.67, Avg Acc = 96.82% +- 0.53%
CropDiseases iteration 207/400 : Query Acc = 93.33, Avg Acc = 96.81% +- 0.53%
CropDiseases iteration 208/400 : Query Acc = 98.67, Avg Acc = 96.82% +- 0.53%
CropDiseases iteration 209/400 : Query Acc = 97.33, Avg Acc = 96.82% +- 0.52%
CropDiseases iteration 210/400 : Query Acc = 100.00, Avg Acc = 96.83% +- 0.52%
CropDiseases iteration 211/400 : Query Acc = 97.33, Avg Acc = 96.84% +- 0.52%
CropDiseases iteration 212/400 : Query Acc = 98.67, Avg Acc = 96.85% +- 0.52%
CropDiseases iteration 213/400 : Query Acc = 100.00, Avg Acc = 96.86% +- 0.52%
CropDiseases iteration 214/400 : Query Acc = 100.00, Avg Acc = 96.87% +- 0.51%
CropDiseases iteration 215/400 : Query Acc = 98.67, Avg Acc = 96.88% +- 0.51%
CropDiseases iteration 216/400 : Query Acc = 97.33, Avg Acc = 96.88% +- 0.51%
CropDiseases iteration 217/400 : Query Acc = 94.67, Avg Acc = 96.87% +- 0.51%
CropDiseases iteration 218/400 : Query Acc = 100.00, Avg Acc = 96.89% +- 0.51%
CropDiseases iteration 219/400 : Query Acc = 97.33, Avg Acc = 96.89% +- 0.50%
CropDiseases iteration 220/400 : Query Acc = 90.67, Avg Acc = 96.86% +- 0.50%
CropDiseases iteration 221/400 : Query Acc = 100.00, Avg Acc = 96.88% +- 0.50%
CropDiseases iteration 222/400 : Query Acc = 98.67, Avg Acc = 96.88% +- 0.50%
CropDiseases iteration 223/400 : Query Acc = 98.67, Avg Acc = 96.89% +- 0.50%
CropDiseases iteration 224/400 : Query Acc = 100.00, Avg Acc = 96.91% +- 0.50%
CropDiseases iteration 225/400 : Query Acc = 92.00, Avg Acc = 96.88% +- 0.50%
CropDiseases iteration 226/400 : Query Acc = 96.00, Avg Acc = 96.88% +- 0.50%
CropDiseases iteration 227/400 : Query Acc = 93.33, Avg Acc = 96.87% +- 0.49%
CropDiseases iteration 228/400 : Query Acc = 100.00, Avg Acc = 96.88% +- 0.49%
CropDiseases iteration 229/400 : Query Acc = 92.00, Avg Acc = 96.86% +- 0.49%
CropDiseases iteration 230/400 : Query Acc = 93.33, Avg Acc = 96.84% +- 0.49%
CropDiseases iteration 231/400 : Query Acc = 100.00, Avg Acc = 96.86% +- 0.49%
CropDiseases iteration 232/400 : Query Acc = 100.00, Avg Acc = 96.87% +- 0.49%
CropDiseases iteration 233/400 : Query Acc = 98.67, Avg Acc = 96.88% +- 0.49%
CropDiseases iteration 234/400 : Query Acc = 93.33, Avg Acc = 96.86% +- 0.49%
CropDiseases iteration 235/400 : Query Acc = 97.33, Avg Acc = 96.86% +- 0.48%
CropDiseases iteration 236/400 : Query Acc = 96.00, Avg Acc = 96.86% +- 0.48%
CropDiseases iteration 237/400 : Query Acc = 98.67, Avg Acc = 96.87% +- 0.48%
CropDiseases iteration 238/400 : Query Acc = 98.67, Avg Acc = 96.88% +- 0.48%
CropDiseases iteration 239/400 : Query Acc = 98.67, Avg Acc = 96.88% +- 0.48%
CropDiseases iteration 240/400 : Query Acc = 100.00, Avg Acc = 96.90% +- 0.47%
CropDiseases iteration 241/400 : Query Acc = 98.67, Avg Acc = 96.90% +- 0.47%
CropDiseases iteration 242/400 : Query Acc = 100.00, Avg Acc = 96.92% +- 0.47%
CropDiseases iteration 243/400 : Query Acc = 100.00, Avg Acc = 96.93% +- 0.47%
CropDiseases iteration 244/400 : Query Acc = 96.00, Avg Acc = 96.93% +- 0.47%
CropDiseases iteration 245/400 : Query Acc = 93.33, Avg Acc = 96.91% +- 0.47%
CropDiseases iteration 246/400 : Query Acc = 100.00, Avg Acc = 96.92% +- 0.47%
CropDiseases iteration 247/400 : Query Acc = 82.67, Avg Acc = 96.87% +- 0.48%
CropDiseases iteration 248/400 : Query Acc = 100.00, Avg Acc = 96.88% +- 0.48%
CropDiseases iteration 249/400 : Query Acc = 86.67, Avg Acc = 96.84% +- 0.48%
CropDiseases iteration 250/400 : Query Acc = 98.67, Avg Acc = 96.84% +- 0.48%
CropDiseases iteration 251/400 : Query Acc = 100.00, Avg Acc = 96.86% +- 0.48%
CropDiseases iteration 252/400 : Query Acc = 100.00, Avg Acc = 96.87% +- 0.48%
CropDiseases iteration 253/400 : Query Acc = 98.67, Avg Acc = 96.88% +- 0.48%
CropDiseases iteration 254/400 : Query Acc = 89.33, Avg Acc = 96.85% +- 0.48%
CropDiseases iteration 255/400 : Query Acc = 94.67, Avg Acc = 96.84% +- 0.48%
CropDiseases iteration 256/400 : Query Acc = 100.00, Avg Acc = 96.85% +- 0.47%
CropDiseases iteration 257/400 : Query Acc = 97.33, Avg Acc = 96.85% +- 0.47%
CropDiseases iteration 258/400 : Query Acc = 100.00, Avg Acc = 96.86% +- 0.47%
CropDiseases iteration 259/400 : Query Acc = 96.00, Avg Acc = 96.86% +- 0.47%
CropDiseases iteration 260/400 : Query Acc = 100.00, Avg Acc = 96.87% +- 0.47%
CropDiseases iteration 261/400 : Query Acc = 98.67, Avg Acc = 96.88% +- 0.47%
CropDiseases iteration 262/400 : Query Acc = 93.33, Avg Acc = 96.87% +- 0.47%
CropDiseases iteration 263/400 : Query Acc = 77.33, Avg Acc = 96.79% +- 0.49%
CropDiseases iteration 264/400 : Query Acc = 100.00, Avg Acc = 96.81% +- 0.48%
CropDiseases iteration 265/400 : Query Acc = 100.00, Avg Acc = 96.82% +- 0.48%
CropDiseases iteration 266/400 : Query Acc = 100.00, Avg Acc = 96.83% +- 0.48%
CropDiseases iteration 267/400 : Query Acc = 100.00, Avg Acc = 96.84% +- 0.48%
CropDiseases iteration 268/400 : Query Acc = 100.00, Avg Acc = 96.85% +- 0.48%
CropDiseases iteration 269/400 : Query Acc = 100.00, Avg Acc = 96.86% +- 0.48%
CropDiseases iteration 270/400 : Query Acc = 97.33, Avg Acc = 96.87% +- 0.48%
CropDiseases iteration 271/400 : Query Acc = 93.33, Avg Acc = 96.85% +- 0.48%
CropDiseases iteration 272/400 : Query Acc = 98.67, Avg Acc = 96.86% +- 0.47%
CropDiseases iteration 273/400 : Query Acc = 100.00, Avg Acc = 96.87% +- 0.47%
CropDiseases iteration 274/400 : Query Acc = 96.00, Avg Acc = 96.87% +- 0.47%
CropDiseases iteration 275/400 : Query Acc = 98.67, Avg Acc = 96.87% +- 0.47%
CropDiseases iteration 276/400 : Query Acc = 96.00, Avg Acc = 96.87% +- 0.47%
CropDiseases iteration 277/400 : Query Acc = 96.00, Avg Acc = 96.87% +- 0.47%
CropDiseases iteration 278/400 : Query Acc = 100.00, Avg Acc = 96.88% +- 0.47%
CropDiseases iteration 279/400 : Query Acc = 100.00, Avg Acc = 96.89% +- 0.46%
CropDiseases iteration 280/400 : Query Acc = 94.67, Avg Acc = 96.88% +- 0.46%
CropDiseases iteration 281/400 : Query Acc = 85.33, Avg Acc = 96.84% +- 0.47%
CropDiseases iteration 282/400 : Query Acc = 100.00, Avg Acc = 96.85% +- 0.47%
CropDiseases iteration 283/400 : Query Acc = 100.00, Avg Acc = 96.86% +- 0.47%
CropDiseases iteration 284/400 : Query Acc = 100.00, Avg Acc = 96.87% +- 0.46%
CropDiseases iteration 285/400 : Query Acc = 97.33, Avg Acc = 96.88% +- 0.46%
CropDiseases iteration 286/400 : Query Acc = 100.00, Avg Acc = 96.89% +- 0.46%
CropDiseases iteration 287/400 : Query Acc = 82.67, Avg Acc = 96.84% +- 0.47%
CropDiseases iteration 288/400 : Query Acc = 100.00, Avg Acc = 96.85% +- 0.47%
CropDiseases iteration 289/400 : Query Acc = 100.00, Avg Acc = 96.86% +- 0.47%
CropDiseases iteration 290/400 : Query Acc = 88.00, Avg Acc = 96.83% +- 0.47%
CropDiseases iteration 291/400 : Query Acc = 97.33, Avg Acc = 96.83% +- 0.47%
CropDiseases iteration 292/400 : Query Acc = 100.00, Avg Acc = 96.84% +- 0.47%
CropDiseases iteration 293/400 : Query Acc = 100.00, Avg Acc = 96.85% +- 0.47%
CropDiseases iteration 294/400 : Query Acc = 100.00, Avg Acc = 96.86% +- 0.47%
CropDiseases iteration 295/400 : Query Acc = 98.67, Avg Acc = 96.87% +- 0.46%
CropDiseases iteration 296/400 : Query Acc = 100.00, Avg Acc = 96.88% +- 0.46%
CropDiseases iteration 297/400 : Query Acc = 97.33, Avg Acc = 96.88% +- 0.46%
CropDiseases iteration 298/400 : Query Acc = 100.00, Avg Acc = 96.89% +- 0.46%
CropDiseases iteration 299/400 : Query Acc = 98.67, Avg Acc = 96.90% +- 0.46%
CropDiseases iteration 300/400 : Query Acc = 93.33, Avg Acc = 96.89% +- 0.46%
CropDiseases | 300 / 400 Acc = 96.89% +- 0.46%
CropDiseases iteration 301/400 : Query Acc = 100.00, Avg Acc = 96.90% +- 0.46%
CropDiseases iteration 302/400 : Query Acc = 78.67, Avg Acc = 96.84% +- 0.47%
CropDiseases iteration 303/400 : Query Acc = 98.67, Avg Acc = 96.84% +- 0.47%
CropDiseases iteration 304/400 : Query Acc = 94.67, Avg Acc = 96.83% +- 0.47%
CropDiseases iteration 305/400 : Query Acc = 96.00, Avg Acc = 96.83% +- 0.47%
CropDiseases iteration 306/400 : Query Acc = 100.00, Avg Acc = 96.84% +- 0.46%
CropDiseases iteration 307/400 : Query Acc = 98.67, Avg Acc = 96.85% +- 0.46%
CropDiseases iteration 308/400 : Query Acc = 98.67, Avg Acc = 96.85% +- 0.46%
CropDiseases iteration 309/400 : Query Acc = 100.00, Avg Acc = 96.86% +- 0.46%
CropDiseases iteration 310/400 : Query Acc = 97.33, Avg Acc = 96.87% +- 0.46%
CropDiseases iteration 311/400 : Query Acc = 94.67, Avg Acc = 96.86% +- 0.46%
CropDiseases iteration 312/400 : Query Acc = 92.00, Avg Acc = 96.84% +- 0.46%
CropDiseases iteration 313/400 : Query Acc = 100.00, Avg Acc = 96.85% +- 0.46%
CropDiseases iteration 314/400 : Query Acc = 92.00, Avg Acc = 96.84% +- 0.46%
CropDiseases iteration 315/400 : Query Acc = 96.00, Avg Acc = 96.84% +- 0.45%
CropDiseases iteration 316/400 : Query Acc = 97.33, Avg Acc = 96.84% +- 0.45%
CropDiseases iteration 317/400 : Query Acc = 100.00, Avg Acc = 96.85% +- 0.45%
CropDiseases iteration 318/400 : Query Acc = 97.33, Avg Acc = 96.85% +- 0.45%
CropDiseases iteration 319/400 : Query Acc = 100.00, Avg Acc = 96.86% +- 0.45%
CropDiseases iteration 320/400 : Query Acc = 100.00, Avg Acc = 96.87% +- 0.45%
CropDiseases iteration 321/400 : Query Acc = 98.67, Avg Acc = 96.87% +- 0.45%
CropDiseases iteration 322/400 : Query Acc = 96.00, Avg Acc = 96.87% +- 0.45%
CropDiseases iteration 323/400 : Query Acc = 100.00, Avg Acc = 96.88% +- 0.45%
CropDiseases iteration 324/400 : Query Acc = 94.67, Avg Acc = 96.87% +- 0.44%
CropDiseases iteration 325/400 : Query Acc = 93.33, Avg Acc = 96.86% +- 0.44%
CropDiseases iteration 326/400 : Query Acc = 98.67, Avg Acc = 96.87% +- 0.44%
CropDiseases iteration 327/400 : Query Acc = 97.33, Avg Acc = 96.87% +- 0.44%
CropDiseases iteration 328/400 : Query Acc = 98.67, Avg Acc = 96.88% +- 0.44%
CropDiseases iteration 329/400 : Query Acc = 96.00, Avg Acc = 96.87% +- 0.44%
CropDiseases iteration 330/400 : Query Acc = 97.33, Avg Acc = 96.87% +- 0.44%
CropDiseases iteration 331/400 : Query Acc = 100.00, Avg Acc = 96.88% +- 0.44%
CropDiseases iteration 332/400 : Query Acc = 90.67, Avg Acc = 96.86% +- 0.44%
CropDiseases iteration 333/400 : Query Acc = 100.00, Avg Acc = 96.87% +- 0.44%
CropDiseases iteration 334/400 : Query Acc = 96.00, Avg Acc = 96.87% +- 0.43%
CropDiseases iteration 335/400 : Query Acc = 86.67, Avg Acc = 96.84% +- 0.44%
CropDiseases iteration 336/400 : Query Acc = 97.33, Avg Acc = 96.84% +- 0.44%
CropDiseases iteration 337/400 : Query Acc = 98.67, Avg Acc = 96.85% +- 0.43%
CropDiseases iteration 338/400 : Query Acc = 100.00, Avg Acc = 96.86% +- 0.43%
CropDiseases iteration 339/400 : Query Acc = 96.00, Avg Acc = 96.85% +- 0.43%
CropDiseases iteration 340/400 : Query Acc = 98.67, Avg Acc = 96.86% +- 0.43%
CropDiseases iteration 341/400 : Query Acc = 97.33, Avg Acc = 96.86% +- 0.43%
CropDiseases iteration 342/400 : Query Acc = 100.00, Avg Acc = 96.87% +- 0.43%
CropDiseases iteration 343/400 : Query Acc = 97.33, Avg Acc = 96.87% +- 0.43%
CropDiseases iteration 344/400 : Query Acc = 100.00, Avg Acc = 96.88% +- 0.43%
CropDiseases iteration 345/400 : Query Acc = 100.00, Avg Acc = 96.89% +- 0.43%
CropDiseases iteration 346/400 : Query Acc = 97.33, Avg Acc = 96.89% +- 0.42%
CropDiseases iteration 347/400 : Query Acc = 100.00, Avg Acc = 96.90% +- 0.42%
CropDiseases iteration 348/400 : Query Acc = 100.00, Avg Acc = 96.91% +- 0.42%
CropDiseases iteration 349/400 : Query Acc = 97.33, Avg Acc = 96.91% +- 0.42%
CropDiseases iteration 350/400 : Query Acc = 90.67, Avg Acc = 96.89% +- 0.42%
CropDiseases iteration 351/400 : Query Acc = 90.67, Avg Acc = 96.88% +- 0.42%
CropDiseases iteration 352/400 : Query Acc = 100.00, Avg Acc = 96.88% +- 0.42%
CropDiseases iteration 353/400 : Query Acc = 98.67, Avg Acc = 96.89% +- 0.42%
CropDiseases iteration 354/400 : Query Acc = 85.33, Avg Acc = 96.86% +- 0.42%
CropDiseases iteration 355/400 : Query Acc = 98.67, Avg Acc = 96.86% +- 0.42%
CropDiseases iteration 356/400 : Query Acc = 89.33, Avg Acc = 96.84% +- 0.42%
CropDiseases iteration 357/400 : Query Acc = 97.33, Avg Acc = 96.84% +- 0.42%
CropDiseases iteration 358/400 : Query Acc = 97.33, Avg Acc = 96.84% +- 0.42%
CropDiseases iteration 359/400 : Query Acc = 96.00, Avg Acc = 96.84% +- 0.42%
CropDiseases iteration 360/400 : Query Acc = 92.00, Avg Acc = 96.83% +- 0.42%
CropDiseases iteration 361/400 : Query Acc = 100.00, Avg Acc = 96.84% +- 0.42%
CropDiseases iteration 362/400 : Query Acc = 100.00, Avg Acc = 96.84% +- 0.42%
CropDiseases iteration 363/400 : Query Acc = 97.33, Avg Acc = 96.85% +- 0.42%
CropDiseases iteration 364/400 : Query Acc = 96.00, Avg Acc = 96.84% +- 0.42%
CropDiseases iteration 365/400 : Query Acc = 100.00, Avg Acc = 96.85% +- 0.42%
CropDiseases iteration 366/400 : Query Acc = 97.33, Avg Acc = 96.85% +- 0.41%
CropDiseases iteration 367/400 : Query Acc = 100.00, Avg Acc = 96.86% +- 0.41%
CropDiseases iteration 368/400 : Query Acc = 100.00, Avg Acc = 96.87% +- 0.41%
CropDiseases iteration 369/400 : Query Acc = 94.67, Avg Acc = 96.86% +- 0.41%
CropDiseases iteration 370/400 : Query Acc = 93.33, Avg Acc = 96.86% +- 0.41%
CropDiseases iteration 371/400 : Query Acc = 98.67, Avg Acc = 96.86% +- 0.41%
CropDiseases iteration 372/400 : Query Acc = 98.67, Avg Acc = 96.87% +- 0.41%
CropDiseases iteration 373/400 : Query Acc = 100.00, Avg Acc = 96.87% +- 0.41%
CropDiseases iteration 374/400 : Query Acc = 96.00, Avg Acc = 96.87% +- 0.41%
CropDiseases iteration 375/400 : Query Acc = 100.00, Avg Acc = 96.88% +- 0.41%
CropDiseases iteration 376/400 : Query Acc = 100.00, Avg Acc = 96.89% +- 0.41%
CropDiseases iteration 377/400 : Query Acc = 94.67, Avg Acc = 96.88% +- 0.40%
CropDiseases iteration 378/400 : Query Acc = 98.67, Avg Acc = 96.89% +- 0.40%
CropDiseases iteration 379/400 : Query Acc = 89.33, Avg Acc = 96.87% +- 0.40%
CropDiseases iteration 380/400 : Query Acc = 98.67, Avg Acc = 96.87% +- 0.40%
CropDiseases iteration 381/400 : Query Acc = 100.00, Avg Acc = 96.88% +- 0.40%
CropDiseases iteration 382/400 : Query Acc = 96.00, Avg Acc = 96.88% +- 0.40%
CropDiseases iteration 383/400 : Query Acc = 97.33, Avg Acc = 96.88% +- 0.40%
CropDiseases iteration 384/400 : Query Acc = 97.33, Avg Acc = 96.88% +- 0.40%
CropDiseases iteration 385/400 : Query Acc = 97.33, Avg Acc = 96.88% +- 0.40%
CropDiseases iteration 386/400 : Query Acc = 100.00, Avg Acc = 96.89% +- 0.40%
CropDiseases iteration 387/400 : Query Acc = 100.00, Avg Acc = 96.90% +- 0.40%
CropDiseases iteration 388/400 : Query Acc = 100.00, Avg Acc = 96.90% +- 0.40%
CropDiseases iteration 389/400 : Query Acc = 98.67, Avg Acc = 96.91% +- 0.40%
CropDiseases iteration 390/400 : Query Acc = 78.67, Avg Acc = 96.86% +- 0.41%
CropDiseases iteration 391/400 : Query Acc = 80.00, Avg Acc = 96.82% +- 0.41%
CropDiseases iteration 392/400 : Query Acc = 96.00, Avg Acc = 96.82% +- 0.41%
CropDiseases iteration 393/400 : Query Acc = 98.67, Avg Acc = 96.82% +- 0.41%
CropDiseases iteration 394/400 : Query Acc = 98.67, Avg Acc = 96.83% +- 0.41%
CropDiseases iteration 395/400 : Query Acc = 97.33, Avg Acc = 96.83% +- 0.41%
CropDiseases iteration 396/400 : Query Acc = 100.00, Avg Acc = 96.84% +- 0.41%
CropDiseases iteration 397/400 : Query Acc = 100.00, Avg Acc = 96.84% +- 0.41%
CropDiseases iteration 398/400 : Query Acc = 100.00, Avg Acc = 96.85% +- 0.41%
CropDiseases iteration 399/400 : Query Acc = 98.67, Avg Acc = 96.86% +- 0.41%
Crop 400 Test Acc = 96.86% +- 0.41%
>>> [ATHA LIMO 確認集] CropDiseases_bscd 5-shot limo_s0  2026-10-07 00:51:41
set seed = 1
FineTune! 5 shots on CropDiseases dataset
CropDiseases iteration 0/400 : Query Acc = 100.00, Avg Acc = 100.00% +- 0.00%
CropDiseases | 0 / 400 Acc = 100.00% +- 0.00%
CropDiseases iteration 1/400 : Query Acc = 98.67, Avg Acc = 99.33% +- 0.92%
CropDiseases iteration 2/400 : Query Acc = 97.33, Avg Acc = 98.67% +- 1.23%
CropDiseases iteration 3/400 : Query Acc = 98.67, Avg Acc = 98.67% +- 0.92%
CropDiseases iteration 4/400 : Query Acc = 89.33, Avg Acc = 96.80% +- 3.35%
CropDiseases iteration 5/400 : Query Acc = 96.00, Avg Acc = 96.67% +- 2.81%
CropDiseases iteration 6/400 : Query Acc = 100.00, Avg Acc = 97.14% +- 2.56%
CropDiseases iteration 7/400 : Query Acc = 92.00, Avg Acc = 96.50% +- 2.53%
CropDiseases iteration 8/400 : Query Acc = 100.00, Avg Acc = 96.89% +- 2.36%
CropDiseases iteration 9/400 : Query Acc = 98.67, Avg Acc = 97.07% +- 2.15%
CropDiseases iteration 10/400 : Query Acc = 100.00, Avg Acc = 97.33% +- 2.02%
CropDiseases iteration 11/400 : Query Acc = 93.33, Avg Acc = 97.00% +- 1.95%
CropDiseases iteration 12/400 : Query Acc = 98.67, Avg Acc = 97.13% +- 1.82%
CropDiseases iteration 13/400 : Query Acc = 100.00, Avg Acc = 97.33% +- 1.73%
CropDiseases iteration 14/400 : Query Acc = 96.00, Avg Acc = 97.24% +- 1.62%
CropDiseases iteration 15/400 : Query Acc = 100.00, Avg Acc = 97.42% +- 1.56%
CropDiseases iteration 16/400 : Query Acc = 100.00, Avg Acc = 97.57% +- 1.49%
CropDiseases iteration 17/400 : Query Acc = 100.00, Avg Acc = 97.70% +- 1.43%
CropDiseases iteration 18/400 : Query Acc = 98.67, Avg Acc = 97.75% +- 1.36%
CropDiseases iteration 19/400 : Query Acc = 100.00, Avg Acc = 97.87% +- 1.31%
CropDiseases iteration 20/400 : Query Acc = 96.00, Avg Acc = 97.78% +- 1.26%
CropDiseases iteration 21/400 : Query Acc = 100.00, Avg Acc = 97.88% +- 1.22%
CropDiseases iteration 22/400 : Query Acc = 98.67, Avg Acc = 97.91% +- 1.17%
CropDiseases iteration 23/400 : Query Acc = 93.33, Avg Acc = 97.72% +- 1.18%
CropDiseases iteration 24/400 : Query Acc = 100.00, Avg Acc = 97.81% +- 1.14%
CropDiseases iteration 25/400 : Query Acc = 98.67, Avg Acc = 97.85% +- 1.10%
CropDiseases iteration 26/400 : Query Acc = 100.00, Avg Acc = 97.93% +- 1.07%
CropDiseases iteration 27/400 : Query Acc = 100.00, Avg Acc = 98.00% +- 1.04%
CropDiseases iteration 28/400 : Query Acc = 100.00, Avg Acc = 98.07% +- 1.02%
CropDiseases iteration 29/400 : Query Acc = 93.33, Avg Acc = 97.91% +- 1.03%
CropDiseases iteration 30/400 : Query Acc = 100.00, Avg Acc = 97.98% +- 1.00%
CropDiseases iteration 31/400 : Query Acc = 100.00, Avg Acc = 98.04% +- 0.98%
CropDiseases iteration 32/400 : Query Acc = 100.00, Avg Acc = 98.10% +- 0.96%
CropDiseases iteration 33/400 : Query Acc = 98.67, Avg Acc = 98.12% +- 0.93%
CropDiseases iteration 34/400 : Query Acc = 100.00, Avg Acc = 98.17% +- 0.91%
CropDiseases iteration 35/400 : Query Acc = 97.33, Avg Acc = 98.15% +- 0.88%
CropDiseases iteration 36/400 : Query Acc = 100.00, Avg Acc = 98.20% +- 0.87%
CropDiseases iteration 37/400 : Query Acc = 97.33, Avg Acc = 98.18% +- 0.84%
CropDiseases iteration 38/400 : Query Acc = 100.00, Avg Acc = 98.22% +- 0.83%
CropDiseases iteration 39/400 : Query Acc = 100.00, Avg Acc = 98.27% +- 0.81%
CropDiseases iteration 40/400 : Query Acc = 100.00, Avg Acc = 98.31% +- 0.80%
CropDiseases iteration 41/400 : Query Acc = 94.67, Avg Acc = 98.22% +- 0.80%
CropDiseases iteration 42/400 : Query Acc = 100.00, Avg Acc = 98.26% +- 0.78%
CropDiseases iteration 43/400 : Query Acc = 98.67, Avg Acc = 98.27% +- 0.76%
CropDiseases iteration 44/400 : Query Acc = 100.00, Avg Acc = 98.31% +- 0.75%
CropDiseases iteration 45/400 : Query Acc = 100.00, Avg Acc = 98.35% +- 0.74%
CropDiseases iteration 46/400 : Query Acc = 100.00, Avg Acc = 98.38% +- 0.72%
CropDiseases iteration 47/400 : Query Acc = 98.67, Avg Acc = 98.39% +- 0.71%
CropDiseases iteration 48/400 : Query Acc = 100.00, Avg Acc = 98.42% +- 0.70%
CropDiseases iteration 49/400 : Query Acc = 100.00, Avg Acc = 98.45% +- 0.69%
CropDiseases iteration 50/400 : Query Acc = 100.00, Avg Acc = 98.48% +- 0.68%
CropDiseases iteration 51/400 : Query Acc = 92.00, Avg Acc = 98.36% +- 0.71%
CropDiseases iteration 52/400 : Query Acc = 100.00, Avg Acc = 98.39% +- 0.70%
CropDiseases iteration 53/400 : Query Acc = 100.00, Avg Acc = 98.42% +- 0.68%
CropDiseases iteration 54/400 : Query Acc = 97.33, Avg Acc = 98.40% +- 0.67%
CropDiseases iteration 55/400 : Query Acc = 97.33, Avg Acc = 98.38% +- 0.66%
CropDiseases iteration 56/400 : Query Acc = 100.00, Avg Acc = 98.41% +- 0.65%
CropDiseases iteration 57/400 : Query Acc = 100.00, Avg Acc = 98.44% +- 0.64%
CropDiseases iteration 58/400 : Query Acc = 100.00, Avg Acc = 98.46% +- 0.64%
CropDiseases iteration 59/400 : Query Acc = 100.00, Avg Acc = 98.49% +- 0.63%
CropDiseases iteration 60/400 : Query Acc = 98.67, Avg Acc = 98.49% +- 0.62%
CropDiseases iteration 61/400 : Query Acc = 97.33, Avg Acc = 98.47% +- 0.61%
CropDiseases iteration 62/400 : Query Acc = 98.67, Avg Acc = 98.48% +- 0.60%
CropDiseases iteration 63/400 : Query Acc = 98.67, Avg Acc = 98.48% +- 0.59%
CropDiseases iteration 64/400 : Query Acc = 98.67, Avg Acc = 98.48% +- 0.58%
CropDiseases iteration 65/400 : Query Acc = 100.00, Avg Acc = 98.51% +- 0.57%
CropDiseases iteration 66/400 : Query Acc = 100.00, Avg Acc = 98.53% +- 0.57%
CropDiseases iteration 67/400 : Query Acc = 100.00, Avg Acc = 98.55% +- 0.56%
CropDiseases iteration 68/400 : Query Acc = 100.00, Avg Acc = 98.57% +- 0.55%
CropDiseases iteration 69/400 : Query Acc = 97.33, Avg Acc = 98.55% +- 0.55%
CropDiseases iteration 70/400 : Query Acc = 84.00, Avg Acc = 98.35% +- 0.67%
CropDiseases iteration 71/400 : Query Acc = 100.00, Avg Acc = 98.37% +- 0.66%
CropDiseases iteration 72/400 : Query Acc = 84.00, Avg Acc = 98.17% +- 0.76%
CropDiseases iteration 73/400 : Query Acc = 98.67, Avg Acc = 98.18% +- 0.75%
CropDiseases iteration 74/400 : Query Acc = 98.67, Avg Acc = 98.19% +- 0.74%
CropDiseases iteration 75/400 : Query Acc = 96.00, Avg Acc = 98.16% +- 0.73%
CropDiseases iteration 76/400 : Query Acc = 100.00, Avg Acc = 98.18% +- 0.72%
CropDiseases iteration 77/400 : Query Acc = 100.00, Avg Acc = 98.21% +- 0.71%
CropDiseases iteration 78/400 : Query Acc = 100.00, Avg Acc = 98.23% +- 0.71%
CropDiseases iteration 79/400 : Query Acc = 100.00, Avg Acc = 98.25% +- 0.70%
CropDiseases iteration 80/400 : Query Acc = 88.00, Avg Acc = 98.12% +- 0.73%
CropDiseases iteration 81/400 : Query Acc = 94.67, Avg Acc = 98.08% +- 0.73%
CropDiseases iteration 82/400 : Query Acc = 100.00, Avg Acc = 98.10% +- 0.72%
CropDiseases iteration 83/400 : Query Acc = 100.00, Avg Acc = 98.13% +- 0.71%
CropDiseases iteration 84/400 : Query Acc = 100.00, Avg Acc = 98.15% +- 0.71%
CropDiseases iteration 85/400 : Query Acc = 100.00, Avg Acc = 98.17% +- 0.70%
CropDiseases iteration 86/400 : Query Acc = 90.67, Avg Acc = 98.08% +- 0.71%
CropDiseases iteration 87/400 : Query Acc = 96.00, Avg Acc = 98.06% +- 0.71%
CropDiseases iteration 88/400 : Query Acc = 100.00, Avg Acc = 98.08% +- 0.70%
CropDiseases iteration 89/400 : Query Acc = 98.67, Avg Acc = 98.09% +- 0.69%
CropDiseases iteration 90/400 : Query Acc = 98.67, Avg Acc = 98.10% +- 0.68%
CropDiseases iteration 91/400 : Query Acc = 100.00, Avg Acc = 98.12% +- 0.68%
CropDiseases iteration 92/400 : Query Acc = 92.00, Avg Acc = 98.05% +- 0.68%
CropDiseases iteration 93/400 : Query Acc = 98.67, Avg Acc = 98.06% +- 0.67%
CropDiseases iteration 94/400 : Query Acc = 100.00, Avg Acc = 98.08% +- 0.67%
CropDiseases iteration 95/400 : Query Acc = 90.67, Avg Acc = 98.00% +- 0.68%
CropDiseases iteration 96/400 : Query Acc = 89.33, Avg Acc = 97.91% +- 0.69%
CropDiseases iteration 97/400 : Query Acc = 98.67, Avg Acc = 97.92% +- 0.69%
CropDiseases iteration 98/400 : Query Acc = 100.00, Avg Acc = 97.94% +- 0.68%
CropDiseases iteration 99/400 : Query Acc = 96.00, Avg Acc = 97.92% +- 0.68%
CropDiseases iteration 100/400 : Query Acc = 100.00, Avg Acc = 97.94% +- 0.67%
CropDiseases | 100 / 400 Acc = 97.94% +- 0.67%
CropDiseases iteration 101/400 : Query Acc = 100.00, Avg Acc = 97.96% +- 0.66%
CropDiseases iteration 102/400 : Query Acc = 100.00, Avg Acc = 97.98% +- 0.66%
CropDiseases iteration 103/400 : Query Acc = 100.00, Avg Acc = 98.00% +- 0.65%
CropDiseases iteration 104/400 : Query Acc = 100.00, Avg Acc = 98.02% +- 0.65%
CropDiseases iteration 105/400 : Query Acc = 100.00, Avg Acc = 98.04% +- 0.64%
CropDiseases iteration 106/400 : Query Acc = 96.00, Avg Acc = 98.02% +- 0.64%
CropDiseases iteration 107/400 : Query Acc = 100.00, Avg Acc = 98.04% +- 0.63%
CropDiseases iteration 108/400 : Query Acc = 100.00, Avg Acc = 98.06% +- 0.63%
CropDiseases iteration 109/400 : Query Acc = 92.00, Avg Acc = 98.00% +- 0.63%
CropDiseases iteration 110/400 : Query Acc = 100.00, Avg Acc = 98.02% +- 0.63%
CropDiseases iteration 111/400 : Query Acc = 100.00, Avg Acc = 98.04% +- 0.62%
CropDiseases iteration 112/400 : Query Acc = 98.67, Avg Acc = 98.04% +- 0.62%
CropDiseases iteration 113/400 : Query Acc = 100.00, Avg Acc = 98.06% +- 0.61%
CropDiseases iteration 114/400 : Query Acc = 97.33, Avg Acc = 98.05% +- 0.61%
CropDiseases iteration 115/400 : Query Acc = 100.00, Avg Acc = 98.07% +- 0.60%
CropDiseases iteration 116/400 : Query Acc = 98.67, Avg Acc = 98.07% +- 0.60%
CropDiseases iteration 117/400 : Query Acc = 100.00, Avg Acc = 98.09% +- 0.59%
CropDiseases iteration 118/400 : Query Acc = 97.33, Avg Acc = 98.08% +- 0.59%
CropDiseases iteration 119/400 : Query Acc = 100.00, Avg Acc = 98.10% +- 0.59%
CropDiseases iteration 120/400 : Query Acc = 96.00, Avg Acc = 98.08% +- 0.58%
CropDiseases iteration 121/400 : Query Acc = 100.00, Avg Acc = 98.10% +- 0.58%
CropDiseases iteration 122/400 : Query Acc = 100.00, Avg Acc = 98.11% +- 0.57%
CropDiseases iteration 123/400 : Query Acc = 98.67, Avg Acc = 98.12% +- 0.57%
CropDiseases iteration 124/400 : Query Acc = 100.00, Avg Acc = 98.13% +- 0.57%
CropDiseases iteration 125/400 : Query Acc = 100.00, Avg Acc = 98.15% +- 0.56%
CropDiseases iteration 126/400 : Query Acc = 100.00, Avg Acc = 98.16% +- 0.56%
CropDiseases iteration 127/400 : Query Acc = 100.00, Avg Acc = 98.18% +- 0.55%
CropDiseases iteration 128/400 : Query Acc = 100.00, Avg Acc = 98.19% +- 0.55%
CropDiseases iteration 129/400 : Query Acc = 100.00, Avg Acc = 98.21% +- 0.55%
CropDiseases iteration 130/400 : Query Acc = 96.00, Avg Acc = 98.19% +- 0.54%
CropDiseases iteration 131/400 : Query Acc = 100.00, Avg Acc = 98.20% +- 0.54%
CropDiseases iteration 132/400 : Query Acc = 98.67, Avg Acc = 98.21% +- 0.54%
CropDiseases iteration 133/400 : Query Acc = 100.00, Avg Acc = 98.22% +- 0.53%
CropDiseases iteration 134/400 : Query Acc = 100.00, Avg Acc = 98.23% +- 0.53%
CropDiseases iteration 135/400 : Query Acc = 100.00, Avg Acc = 98.25% +- 0.53%
CropDiseases iteration 136/400 : Query Acc = 100.00, Avg Acc = 98.26% +- 0.52%
CropDiseases iteration 137/400 : Query Acc = 100.00, Avg Acc = 98.27% +- 0.52%
CropDiseases iteration 138/400 : Query Acc = 94.67, Avg Acc = 98.24% +- 0.52%
CropDiseases iteration 139/400 : Query Acc = 98.67, Avg Acc = 98.25% +- 0.52%
CropDiseases iteration 140/400 : Query Acc = 98.67, Avg Acc = 98.25% +- 0.51%
CropDiseases iteration 141/400 : Query Acc = 98.67, Avg Acc = 98.25% +- 0.51%
CropDiseases iteration 142/400 : Query Acc = 98.67, Avg Acc = 98.26% +- 0.50%
CropDiseases iteration 143/400 : Query Acc = 100.00, Avg Acc = 98.27% +- 0.50%
CropDiseases iteration 144/400 : Query Acc = 86.67, Avg Acc = 98.19% +- 0.52%
CropDiseases iteration 145/400 : Query Acc = 88.00, Avg Acc = 98.12% +- 0.54%
CropDiseases iteration 146/400 : Query Acc = 100.00, Avg Acc = 98.13% +- 0.53%
CropDiseases iteration 147/400 : Query Acc = 98.67, Avg Acc = 98.14% +- 0.53%
CropDiseases iteration 148/400 : Query Acc = 94.67, Avg Acc = 98.11% +- 0.53%
CropDiseases iteration 149/400 : Query Acc = 100.00, Avg Acc = 98.12% +- 0.53%
CropDiseases iteration 150/400 : Query Acc = 98.67, Avg Acc = 98.13% +- 0.52%
CropDiseases iteration 151/400 : Query Acc = 100.00, Avg Acc = 98.14% +- 0.52%
CropDiseases iteration 152/400 : Query Acc = 100.00, Avg Acc = 98.15% +- 0.52%
CropDiseases iteration 153/400 : Query Acc = 97.33, Avg Acc = 98.15% +- 0.51%
CropDiseases iteration 154/400 : Query Acc = 100.00, Avg Acc = 98.16% +- 0.51%
CropDiseases iteration 155/400 : Query Acc = 100.00, Avg Acc = 98.17% +- 0.51%
CropDiseases iteration 156/400 : Query Acc = 92.00, Avg Acc = 98.13% +- 0.51%
CropDiseases iteration 157/400 : Query Acc = 98.67, Avg Acc = 98.14% +- 0.51%
CropDiseases iteration 158/400 : Query Acc = 100.00, Avg Acc = 98.15% +- 0.50%
CropDiseases iteration 159/400 : Query Acc = 98.67, Avg Acc = 98.15% +- 0.50%
CropDiseases iteration 160/400 : Query Acc = 96.00, Avg Acc = 98.14% +- 0.50%
CropDiseases iteration 161/400 : Query Acc = 96.00, Avg Acc = 98.12% +- 0.50%
CropDiseases iteration 162/400 : Query Acc = 100.00, Avg Acc = 98.13% +- 0.49%
CropDiseases iteration 163/400 : Query Acc = 88.00, Avg Acc = 98.07% +- 0.51%
CropDiseases iteration 164/400 : Query Acc = 96.00, Avg Acc = 98.06% +- 0.50%
CropDiseases iteration 165/400 : Query Acc = 100.00, Avg Acc = 98.07% +- 0.50%
CropDiseases iteration 166/400 : Query Acc = 100.00, Avg Acc = 98.08% +- 0.50%
CropDiseases iteration 167/400 : Query Acc = 98.67, Avg Acc = 98.09% +- 0.49%
CropDiseases iteration 168/400 : Query Acc = 100.00, Avg Acc = 98.10% +- 0.49%
CropDiseases iteration 169/400 : Query Acc = 100.00, Avg Acc = 98.11% +- 0.49%
CropDiseases iteration 170/400 : Query Acc = 93.33, Avg Acc = 98.08% +- 0.49%
CropDiseases iteration 171/400 : Query Acc = 98.67, Avg Acc = 98.09% +- 0.49%
CropDiseases iteration 172/400 : Query Acc = 100.00, Avg Acc = 98.10% +- 0.48%
CropDiseases iteration 173/400 : Query Acc = 100.00, Avg Acc = 98.11% +- 0.48%
CropDiseases iteration 174/400 : Query Acc = 100.00, Avg Acc = 98.12% +- 0.48%
CropDiseases iteration 175/400 : Query Acc = 98.67, Avg Acc = 98.12% +- 0.48%
CropDiseases iteration 176/400 : Query Acc = 82.67, Avg Acc = 98.03% +- 0.50%
CropDiseases iteration 177/400 : Query Acc = 97.33, Avg Acc = 98.03% +- 0.50%
CropDiseases iteration 178/400 : Query Acc = 92.00, Avg Acc = 98.00% +- 0.50%
CropDiseases iteration 179/400 : Query Acc = 100.00, Avg Acc = 98.01% +- 0.50%
CropDiseases iteration 180/400 : Query Acc = 100.00, Avg Acc = 98.02% +- 0.50%
CropDiseases iteration 181/400 : Query Acc = 100.00, Avg Acc = 98.03% +- 0.50%
CropDiseases iteration 182/400 : Query Acc = 100.00, Avg Acc = 98.04% +- 0.49%
CropDiseases iteration 183/400 : Query Acc = 100.00, Avg Acc = 98.05% +- 0.49%
CropDiseases iteration 184/400 : Query Acc = 100.00, Avg Acc = 98.06% +- 0.49%
CropDiseases iteration 185/400 : Query Acc = 100.00, Avg Acc = 98.07% +- 0.49%
CropDiseases iteration 186/400 : Query Acc = 100.00, Avg Acc = 98.08% +- 0.49%
CropDiseases iteration 187/400 : Query Acc = 100.00, Avg Acc = 98.09% +- 0.48%
CropDiseases iteration 188/400 : Query Acc = 94.67, Avg Acc = 98.07% +- 0.48%
CropDiseases iteration 189/400 : Query Acc = 100.00, Avg Acc = 98.08% +- 0.48%
CropDiseases iteration 190/400 : Query Acc = 98.67, Avg Acc = 98.09% +- 0.48%
CropDiseases iteration 191/400 : Query Acc = 98.67, Avg Acc = 98.09% +- 0.47%
CropDiseases iteration 192/400 : Query Acc = 100.00, Avg Acc = 98.10% +- 0.47%
CropDiseases iteration 193/400 : Query Acc = 100.00, Avg Acc = 98.11% +- 0.47%
CropDiseases iteration 194/400 : Query Acc = 100.00, Avg Acc = 98.12% +- 0.47%
CropDiseases iteration 195/400 : Query Acc = 96.00, Avg Acc = 98.11% +- 0.47%
CropDiseases iteration 196/400 : Query Acc = 100.00, Avg Acc = 98.12% +- 0.46%
CropDiseases iteration 197/400 : Query Acc = 100.00, Avg Acc = 98.13% +- 0.46%
CropDiseases iteration 198/400 : Query Acc = 97.33, Avg Acc = 98.12% +- 0.46%
CropDiseases iteration 199/400 : Query Acc = 92.00, Avg Acc = 98.09% +- 0.46%
CropDiseases iteration 200/400 : Query Acc = 100.00, Avg Acc = 98.10% +- 0.46%
CropDiseases | 200 / 400 Acc = 98.10% +- 0.46%
CropDiseases iteration 201/400 : Query Acc = 96.00, Avg Acc = 98.09% +- 0.46%
CropDiseases iteration 202/400 : Query Acc = 100.00, Avg Acc = 98.10% +- 0.46%
CropDiseases iteration 203/400 : Query Acc = 98.67, Avg Acc = 98.10% +- 0.45%
CropDiseases iteration 204/400 : Query Acc = 100.00, Avg Acc = 98.11% +- 0.45%
CropDiseases iteration 205/400 : Query Acc = 100.00, Avg Acc = 98.12% +- 0.45%
CropDiseases iteration 206/400 : Query Acc = 100.00, Avg Acc = 98.13% +- 0.45%
CropDiseases iteration 207/400 : Query Acc = 89.33, Avg Acc = 98.09% +- 0.45%
CropDiseases iteration 208/400 : Query Acc = 98.67, Avg Acc = 98.09% +- 0.45%
CropDiseases iteration 209/400 : Query Acc = 100.00, Avg Acc = 98.10% +- 0.45%
CropDiseases iteration 210/400 : Query Acc = 100.00, Avg Acc = 98.11% +- 0.45%
CropDiseases iteration 211/400 : Query Acc = 98.67, Avg Acc = 98.11% +- 0.45%
CropDiseases iteration 212/400 : Query Acc = 100.00, Avg Acc = 98.12% +- 0.44%
CropDiseases iteration 213/400 : Query Acc = 100.00, Avg Acc = 98.13% +- 0.44%
CropDiseases iteration 214/400 : Query Acc = 100.00, Avg Acc = 98.14% +- 0.44%
CropDiseases iteration 215/400 : Query Acc = 98.67, Avg Acc = 98.14% +- 0.44%
CropDiseases iteration 216/400 : Query Acc = 98.67, Avg Acc = 98.14% +- 0.44%
CropDiseases iteration 217/400 : Query Acc = 97.33, Avg Acc = 98.14% +- 0.44%
CropDiseases iteration 218/400 : Query Acc = 100.00, Avg Acc = 98.15% +- 0.43%
CropDiseases iteration 219/400 : Query Acc = 100.00, Avg Acc = 98.16% +- 0.43%
CropDiseases iteration 220/400 : Query Acc = 96.00, Avg Acc = 98.15% +- 0.43%
CropDiseases iteration 221/400 : Query Acc = 98.67, Avg Acc = 98.15% +- 0.43%
CropDiseases iteration 222/400 : Query Acc = 100.00, Avg Acc = 98.16% +- 0.43%
CropDiseases iteration 223/400 : Query Acc = 100.00, Avg Acc = 98.17% +- 0.43%
CropDiseases iteration 224/400 : Query Acc = 100.00, Avg Acc = 98.17% +- 0.42%
CropDiseases iteration 225/400 : Query Acc = 89.33, Avg Acc = 98.14% +- 0.43%
CropDiseases iteration 226/400 : Query Acc = 100.00, Avg Acc = 98.14% +- 0.43%
CropDiseases iteration 227/400 : Query Acc = 98.67, Avg Acc = 98.15% +- 0.43%
CropDiseases iteration 228/400 : Query Acc = 100.00, Avg Acc = 98.15% +- 0.42%
CropDiseases iteration 229/400 : Query Acc = 90.67, Avg Acc = 98.12% +- 0.43%
CropDiseases iteration 230/400 : Query Acc = 97.33, Avg Acc = 98.12% +- 0.42%
CropDiseases iteration 231/400 : Query Acc = 100.00, Avg Acc = 98.13% +- 0.42%
CropDiseases iteration 232/400 : Query Acc = 100.00, Avg Acc = 98.13% +- 0.42%
CropDiseases iteration 233/400 : Query Acc = 100.00, Avg Acc = 98.14% +- 0.42%
CropDiseases iteration 234/400 : Query Acc = 98.67, Avg Acc = 98.14% +- 0.42%
CropDiseases iteration 235/400 : Query Acc = 100.00, Avg Acc = 98.15% +- 0.42%
CropDiseases iteration 236/400 : Query Acc = 97.33, Avg Acc = 98.15% +- 0.42%
CropDiseases iteration 237/400 : Query Acc = 100.00, Avg Acc = 98.16% +- 0.41%
CropDiseases iteration 238/400 : Query Acc = 100.00, Avg Acc = 98.16% +- 0.41%
CropDiseases iteration 239/400 : Query Acc = 100.00, Avg Acc = 98.17% +- 0.41%
CropDiseases iteration 240/400 : Query Acc = 98.67, Avg Acc = 98.17% +- 0.41%
CropDiseases iteration 241/400 : Query Acc = 100.00, Avg Acc = 98.18% +- 0.41%
CropDiseases iteration 242/400 : Query Acc = 100.00, Avg Acc = 98.19% +- 0.41%
CropDiseases iteration 243/400 : Query Acc = 100.00, Avg Acc = 98.20% +- 0.40%
CropDiseases iteration 244/400 : Query Acc = 98.67, Avg Acc = 98.20% +- 0.40%
CropDiseases iteration 245/400 : Query Acc = 97.33, Avg Acc = 98.20% +- 0.40%
CropDiseases iteration 246/400 : Query Acc = 100.00, Avg Acc = 98.20% +- 0.40%
CropDiseases iteration 247/400 : Query Acc = 92.00, Avg Acc = 98.18% +- 0.40%
CropDiseases iteration 248/400 : Query Acc = 100.00, Avg Acc = 98.18% +- 0.40%
CropDiseases iteration 249/400 : Query Acc = 88.00, Avg Acc = 98.14% +- 0.41%
CropDiseases iteration 250/400 : Query Acc = 98.67, Avg Acc = 98.15% +- 0.41%
CropDiseases iteration 251/400 : Query Acc = 100.00, Avg Acc = 98.15% +- 0.40%
CropDiseases iteration 252/400 : Query Acc = 100.00, Avg Acc = 98.16% +- 0.40%
CropDiseases iteration 253/400 : Query Acc = 100.00, Avg Acc = 98.17% +- 0.40%
CropDiseases iteration 254/400 : Query Acc = 93.33, Avg Acc = 98.15% +- 0.40%
CropDiseases iteration 255/400 : Query Acc = 92.00, Avg Acc = 98.12% +- 0.40%
CropDiseases iteration 256/400 : Query Acc = 97.33, Avg Acc = 98.12% +- 0.40%
CropDiseases iteration 257/400 : Query Acc = 97.33, Avg Acc = 98.12% +- 0.40%
CropDiseases iteration 258/400 : Query Acc = 100.00, Avg Acc = 98.13% +- 0.40%
CropDiseases iteration 259/400 : Query Acc = 97.33, Avg Acc = 98.12% +- 0.40%
CropDiseases iteration 260/400 : Query Acc = 100.00, Avg Acc = 98.13% +- 0.40%
CropDiseases iteration 261/400 : Query Acc = 100.00, Avg Acc = 98.14% +- 0.39%
CropDiseases iteration 262/400 : Query Acc = 100.00, Avg Acc = 98.14% +- 0.39%
CropDiseases iteration 263/400 : Query Acc = 88.00, Avg Acc = 98.11% +- 0.40%
CropDiseases iteration 264/400 : Query Acc = 100.00, Avg Acc = 98.11% +- 0.40%
CropDiseases iteration 265/400 : Query Acc = 100.00, Avg Acc = 98.12% +- 0.40%
CropDiseases iteration 266/400 : Query Acc = 100.00, Avg Acc = 98.13% +- 0.39%
CropDiseases iteration 267/400 : Query Acc = 100.00, Avg Acc = 98.13% +- 0.39%
CropDiseases iteration 268/400 : Query Acc = 100.00, Avg Acc = 98.14% +- 0.39%
CropDiseases iteration 269/400 : Query Acc = 100.00, Avg Acc = 98.15% +- 0.39%
CropDiseases iteration 270/400 : Query Acc = 97.33, Avg Acc = 98.15% +- 0.39%
CropDiseases iteration 271/400 : Query Acc = 98.67, Avg Acc = 98.15% +- 0.39%
CropDiseases iteration 272/400 : Query Acc = 100.00, Avg Acc = 98.15% +- 0.39%
CropDiseases iteration 273/400 : Query Acc = 100.00, Avg Acc = 98.16% +- 0.39%
CropDiseases iteration 274/400 : Query Acc = 100.00, Avg Acc = 98.17% +- 0.38%
CropDiseases iteration 275/400 : Query Acc = 100.00, Avg Acc = 98.17% +- 0.38%
CropDiseases iteration 276/400 : Query Acc = 100.00, Avg Acc = 98.18% +- 0.38%
CropDiseases iteration 277/400 : Query Acc = 92.00, Avg Acc = 98.16% +- 0.38%
CropDiseases iteration 278/400 : Query Acc = 100.00, Avg Acc = 98.16% +- 0.38%
CropDiseases iteration 279/400 : Query Acc = 100.00, Avg Acc = 98.17% +- 0.38%
CropDiseases iteration 280/400 : Query Acc = 97.33, Avg Acc = 98.17% +- 0.38%
CropDiseases iteration 281/400 : Query Acc = 84.00, Avg Acc = 98.12% +- 0.39%
CropDiseases iteration 282/400 : Query Acc = 98.67, Avg Acc = 98.12% +- 0.39%
CropDiseases iteration 283/400 : Query Acc = 100.00, Avg Acc = 98.13% +- 0.39%
CropDiseases iteration 284/400 : Query Acc = 100.00, Avg Acc = 98.13% +- 0.39%
CropDiseases iteration 285/400 : Query Acc = 97.33, Avg Acc = 98.13% +- 0.39%
CropDiseases iteration 286/400 : Query Acc = 97.33, Avg Acc = 98.13% +- 0.38%
CropDiseases iteration 287/400 : Query Acc = 85.33, Avg Acc = 98.08% +- 0.39%
CropDiseases iteration 288/400 : Query Acc = 100.00, Avg Acc = 98.09% +- 0.39%
CropDiseases iteration 289/400 : Query Acc = 100.00, Avg Acc = 98.10% +- 0.39%
CropDiseases iteration 290/400 : Query Acc = 85.33, Avg Acc = 98.05% +- 0.40%
CropDiseases iteration 291/400 : Query Acc = 100.00, Avg Acc = 98.06% +- 0.40%
CropDiseases iteration 292/400 : Query Acc = 100.00, Avg Acc = 98.07% +- 0.40%
CropDiseases iteration 293/400 : Query Acc = 100.00, Avg Acc = 98.07% +- 0.40%
CropDiseases iteration 294/400 : Query Acc = 100.00, Avg Acc = 98.08% +- 0.39%
CropDiseases iteration 295/400 : Query Acc = 97.33, Avg Acc = 98.08% +- 0.39%
CropDiseases iteration 296/400 : Query Acc = 100.00, Avg Acc = 98.08% +- 0.39%
CropDiseases iteration 297/400 : Query Acc = 100.00, Avg Acc = 98.09% +- 0.39%
CropDiseases iteration 298/400 : Query Acc = 100.00, Avg Acc = 98.10% +- 0.39%
CropDiseases iteration 299/400 : Query Acc = 100.00, Avg Acc = 98.10% +- 0.39%
CropDiseases iteration 300/400 : Query Acc = 100.00, Avg Acc = 98.11% +- 0.39%
CropDiseases | 300 / 400 Acc = 98.11% +- 0.39%
CropDiseases iteration 301/400 : Query Acc = 100.00, Avg Acc = 98.11% +- 0.39%
CropDiseases iteration 302/400 : Query Acc = 82.67, Avg Acc = 98.06% +- 0.40%
CropDiseases iteration 303/400 : Query Acc = 100.00, Avg Acc = 98.07% +- 0.40%
CropDiseases iteration 304/400 : Query Acc = 98.67, Avg Acc = 98.07% +- 0.40%
CropDiseases iteration 305/400 : Query Acc = 98.67, Avg Acc = 98.07% +- 0.39%
CropDiseases iteration 306/400 : Query Acc = 100.00, Avg Acc = 98.08% +- 0.39%
CropDiseases iteration 307/400 : Query Acc = 98.67, Avg Acc = 98.08% +- 0.39%
CropDiseases iteration 308/400 : Query Acc = 100.00, Avg Acc = 98.09% +- 0.39%
CropDiseases iteration 309/400 : Query Acc = 100.00, Avg Acc = 98.09% +- 0.39%
CropDiseases iteration 310/400 : Query Acc = 100.00, Avg Acc = 98.10% +- 0.39%
CropDiseases iteration 311/400 : Query Acc = 98.67, Avg Acc = 98.10% +- 0.39%
CropDiseases iteration 312/400 : Query Acc = 93.33, Avg Acc = 98.09% +- 0.39%
CropDiseases iteration 313/400 : Query Acc = 100.00, Avg Acc = 98.09% +- 0.39%
CropDiseases iteration 314/400 : Query Acc = 100.00, Avg Acc = 98.10% +- 0.39%
CropDiseases iteration 315/400 : Query Acc = 97.33, Avg Acc = 98.10% +- 0.38%
CropDiseases iteration 316/400 : Query Acc = 100.00, Avg Acc = 98.10% +- 0.38%
CropDiseases iteration 317/400 : Query Acc = 98.67, Avg Acc = 98.10% +- 0.38%
CropDiseases iteration 318/400 : Query Acc = 97.33, Avg Acc = 98.10% +- 0.38%
CropDiseases iteration 319/400 : Query Acc = 98.67, Avg Acc = 98.10% +- 0.38%
CropDiseases iteration 320/400 : Query Acc = 98.67, Avg Acc = 98.11% +- 0.38%
CropDiseases iteration 321/400 : Query Acc = 97.33, Avg Acc = 98.10% +- 0.38%
CropDiseases iteration 322/400 : Query Acc = 98.67, Avg Acc = 98.11% +- 0.38%
CropDiseases iteration 323/400 : Query Acc = 100.00, Avg Acc = 98.11% +- 0.37%
CropDiseases iteration 324/400 : Query Acc = 96.00, Avg Acc = 98.10% +- 0.37%
CropDiseases iteration 325/400 : Query Acc = 97.33, Avg Acc = 98.10% +- 0.37%
CropDiseases iteration 326/400 : Query Acc = 100.00, Avg Acc = 98.11% +- 0.37%
CropDiseases iteration 327/400 : Query Acc = 100.00, Avg Acc = 98.11% +- 0.37%
CropDiseases iteration 328/400 : Query Acc = 100.00, Avg Acc = 98.12% +- 0.37%
CropDiseases iteration 329/400 : Query Acc = 97.33, Avg Acc = 98.12% +- 0.37%
CropDiseases iteration 330/400 : Query Acc = 97.33, Avg Acc = 98.11% +- 0.37%
CropDiseases iteration 331/400 : Query Acc = 100.00, Avg Acc = 98.12% +- 0.37%
CropDiseases iteration 332/400 : Query Acc = 96.00, Avg Acc = 98.11% +- 0.37%
CropDiseases iteration 333/400 : Query Acc = 98.67, Avg Acc = 98.12% +- 0.36%
CropDiseases iteration 334/400 : Query Acc = 98.67, Avg Acc = 98.12% +- 0.36%
CropDiseases iteration 335/400 : Query Acc = 90.67, Avg Acc = 98.10% +- 0.37%
CropDiseases iteration 336/400 : Query Acc = 100.00, Avg Acc = 98.10% +- 0.36%
CropDiseases iteration 337/400 : Query Acc = 100.00, Avg Acc = 98.11% +- 0.36%
CropDiseases iteration 338/400 : Query Acc = 100.00, Avg Acc = 98.11% +- 0.36%
CropDiseases iteration 339/400 : Query Acc = 100.00, Avg Acc = 98.12% +- 0.36%
CropDiseases iteration 340/400 : Query Acc = 100.00, Avg Acc = 98.12% +- 0.36%
CropDiseases iteration 341/400 : Query Acc = 98.67, Avg Acc = 98.12% +- 0.36%
CropDiseases iteration 342/400 : Query Acc = 100.00, Avg Acc = 98.13% +- 0.36%
CropDiseases iteration 343/400 : Query Acc = 100.00, Avg Acc = 98.14% +- 0.36%
CropDiseases iteration 344/400 : Query Acc = 100.00, Avg Acc = 98.14% +- 0.36%
CropDiseases iteration 345/400 : Query Acc = 100.00, Avg Acc = 98.15% +- 0.36%
CropDiseases iteration 346/400 : Query Acc = 92.00, Avg Acc = 98.13% +- 0.36%
CropDiseases iteration 347/400 : Query Acc = 100.00, Avg Acc = 98.13% +- 0.36%
CropDiseases iteration 348/400 : Query Acc = 100.00, Avg Acc = 98.14% +- 0.36%
CropDiseases iteration 349/400 : Query Acc = 100.00, Avg Acc = 98.14% +- 0.35%
CropDiseases iteration 350/400 : Query Acc = 88.00, Avg Acc = 98.12% +- 0.36%
CropDiseases iteration 351/400 : Query Acc = 97.33, Avg Acc = 98.11% +- 0.36%
CropDiseases iteration 352/400 : Query Acc = 100.00, Avg Acc = 98.12% +- 0.36%
CropDiseases iteration 353/400 : Query Acc = 100.00, Avg Acc = 98.12% +- 0.36%
CropDiseases iteration 354/400 : Query Acc = 82.67, Avg Acc = 98.08% +- 0.36%
CropDiseases iteration 355/400 : Query Acc = 98.67, Avg Acc = 98.08% +- 0.36%
CropDiseases iteration 356/400 : Query Acc = 86.67, Avg Acc = 98.05% +- 0.37%
CropDiseases iteration 357/400 : Query Acc = 100.00, Avg Acc = 98.06% +- 0.37%
CropDiseases iteration 358/400 : Query Acc = 100.00, Avg Acc = 98.06% +- 0.37%
CropDiseases iteration 359/400 : Query Acc = 98.67, Avg Acc = 98.06% +- 0.36%
CropDiseases iteration 360/400 : Query Acc = 96.00, Avg Acc = 98.06% +- 0.36%
CropDiseases iteration 361/400 : Query Acc = 100.00, Avg Acc = 98.06% +- 0.36%
CropDiseases iteration 362/400 : Query Acc = 100.00, Avg Acc = 98.07% +- 0.36%
CropDiseases iteration 363/400 : Query Acc = 97.33, Avg Acc = 98.07% +- 0.36%
CropDiseases iteration 364/400 : Query Acc = 97.33, Avg Acc = 98.06% +- 0.36%
CropDiseases iteration 365/400 : Query Acc = 100.00, Avg Acc = 98.07% +- 0.36%
CropDiseases iteration 366/400 : Query Acc = 100.00, Avg Acc = 98.07% +- 0.36%
CropDiseases iteration 367/400 : Query Acc = 100.00, Avg Acc = 98.08% +- 0.36%
CropDiseases iteration 368/400 : Query Acc = 100.00, Avg Acc = 98.08% +- 0.36%
CropDiseases iteration 369/400 : Query Acc = 96.00, Avg Acc = 98.08% +- 0.36%
CropDiseases iteration 370/400 : Query Acc = 94.67, Avg Acc = 98.07% +- 0.36%
CropDiseases iteration 371/400 : Query Acc = 100.00, Avg Acc = 98.08% +- 0.35%
CropDiseases iteration 372/400 : Query Acc = 98.67, Avg Acc = 98.08% +- 0.35%
CropDiseases iteration 373/400 : Query Acc = 100.00, Avg Acc = 98.08% +- 0.35%
CropDiseases iteration 374/400 : Query Acc = 98.67, Avg Acc = 98.08% +- 0.35%
CropDiseases iteration 375/400 : Query Acc = 100.00, Avg Acc = 98.09% +- 0.35%
CropDiseases iteration 376/400 : Query Acc = 100.00, Avg Acc = 98.09% +- 0.35%
CropDiseases iteration 377/400 : Query Acc = 90.67, Avg Acc = 98.07% +- 0.35%
CropDiseases iteration 378/400 : Query Acc = 100.00, Avg Acc = 98.08% +- 0.35%
CropDiseases iteration 379/400 : Query Acc = 94.67, Avg Acc = 98.07% +- 0.35%
CropDiseases iteration 380/400 : Query Acc = 98.67, Avg Acc = 98.07% +- 0.35%
CropDiseases iteration 381/400 : Query Acc = 100.00, Avg Acc = 98.08% +- 0.35%
CropDiseases iteration 382/400 : Query Acc = 96.00, Avg Acc = 98.07% +- 0.35%
CropDiseases iteration 383/400 : Query Acc = 100.00, Avg Acc = 98.08% +- 0.35%
CropDiseases iteration 384/400 : Query Acc = 96.00, Avg Acc = 98.07% +- 0.35%
CropDiseases iteration 385/400 : Query Acc = 97.33, Avg Acc = 98.07% +- 0.35%
CropDiseases iteration 386/400 : Query Acc = 100.00, Avg Acc = 98.07% +- 0.34%
CropDiseases iteration 387/400 : Query Acc = 100.00, Avg Acc = 98.08% +- 0.34%
CropDiseases iteration 388/400 : Query Acc = 100.00, Avg Acc = 98.08% +- 0.34%
CropDiseases iteration 389/400 : Query Acc = 98.67, Avg Acc = 98.09% +- 0.34%
CropDiseases iteration 390/400 : Query Acc = 82.67, Avg Acc = 98.05% +- 0.35%
CropDiseases iteration 391/400 : Query Acc = 92.00, Avg Acc = 98.03% +- 0.35%
CropDiseases iteration 392/400 : Query Acc = 94.67, Avg Acc = 98.02% +- 0.35%
CropDiseases iteration 393/400 : Query Acc = 100.00, Avg Acc = 98.03% +- 0.35%
CropDiseases iteration 394/400 : Query Acc = 98.67, Avg Acc = 98.03% +- 0.35%
CropDiseases iteration 395/400 : Query Acc = 98.67, Avg Acc = 98.03% +- 0.35%
CropDiseases iteration 396/400 : Query Acc = 100.00, Avg Acc = 98.04% +- 0.35%
CropDiseases iteration 397/400 : Query Acc = 100.00, Avg Acc = 98.04% +- 0.35%
CropDiseases iteration 398/400 : Query Acc = 100.00, Avg Acc = 98.05% +- 0.35%
CropDiseases iteration 399/400 : Query Acc = 100.00, Avg Acc = 98.05% +- 0.34%
Crop 400 Test Acc = 98.05% +- 0.34%
[LIMO_CONFIRM CropDiseases_bscd] n = 400 個共同 episode（A 400、B 400）
[LIMO_CONFIRM CropDiseases_bscd] A   96.86 ± 0.41   CropDiseases_bscd_5shot_base_seed1_n400.jsonl
[LIMO_CONFIRM CropDiseases_bscd] B   98.05 ± 0.35   CropDiseases_bscd_5shot_limo_s0_seed1_n400.jsonl
[LIMO_CONFIRM CropDiseases_bscd] B − A  +1.19 ± 0.22   CI 不含 0
>>> [ATHA LIMO 確認集] ChestX 5-shot limo_s0  2026-10-07 08:14:32
set seed = 1
FineTune! 5 shots on ChestX dataset
ChestX iteration 0/400 : Query Acc = 33.33, Avg Acc = 33.33% +- 0.00%
ChestX | 0 / 400 Acc = 33.33% +- 0.00%
ChestX iteration 1/400 : Query Acc = 26.67, Avg Acc = 30.00% +- 4.62%
ChestX iteration 2/400 : Query Acc = 22.67, Avg Acc = 27.56% +- 4.98%
ChestX iteration 3/400 : Query Acc = 14.67, Avg Acc = 24.33% +- 6.62%
ChestX iteration 4/400 : Query Acc = 20.00, Avg Acc = 23.47% +- 5.51%
ChestX iteration 5/400 : Query Acc = 18.67, Avg Acc = 22.67% +- 4.81%
ChestX iteration 6/400 : Query Acc = 30.67, Avg Acc = 23.81% +- 4.62%
ChestX iteration 7/400 : Query Acc = 28.00, Avg Acc = 24.33% +- 4.15%
ChestX iteration 8/400 : Query Acc = 28.00, Avg Acc = 24.74% +- 3.77%
ChestX iteration 9/400 : Query Acc = 18.67, Avg Acc = 24.13% +- 3.57%
ChestX iteration 10/400 : Query Acc = 18.67, Avg Acc = 23.64% +- 3.38%
ChestX iteration 11/400 : Query Acc = 16.00, Avg Acc = 23.00% +- 3.32%
ChestX iteration 12/400 : Query Acc = 17.33, Avg Acc = 22.56% +- 3.17%
ChestX iteration 13/400 : Query Acc = 33.33, Avg Acc = 23.33% +- 3.28%
ChestX iteration 14/400 : Query Acc = 25.33, Avg Acc = 23.47% +- 3.08%
ChestX iteration 15/400 : Query Acc = 20.00, Avg Acc = 23.25% +- 2.91%
ChestX iteration 16/400 : Query Acc = 28.00, Avg Acc = 23.53% +- 2.79%
ChestX iteration 17/400 : Query Acc = 12.00, Avg Acc = 22.89% +- 2.91%
ChestX iteration 18/400 : Query Acc = 25.33, Avg Acc = 23.02% +- 2.76%
ChestX iteration 19/400 : Query Acc = 21.33, Avg Acc = 22.93% +- 2.63%
ChestX iteration 20/400 : Query Acc = 14.67, Avg Acc = 22.54% +- 2.62%
ChestX iteration 21/400 : Query Acc = 30.67, Avg Acc = 22.91% +- 2.60%
ChestX iteration 22/400 : Query Acc = 18.67, Avg Acc = 22.72% +- 2.51%
ChestX iteration 23/400 : Query Acc = 21.33, Avg Acc = 22.67% +- 2.41%
ChestX iteration 24/400 : Query Acc = 32.00, Avg Acc = 23.04% +- 2.42%
ChestX iteration 25/400 : Query Acc = 25.33, Avg Acc = 23.13% +- 2.33%
ChestX iteration 26/400 : Query Acc = 16.00, Avg Acc = 22.86% +- 2.30%
ChestX iteration 27/400 : Query Acc = 24.00, Avg Acc = 22.90% +- 2.22%
ChestX iteration 28/400 : Query Acc = 25.33, Avg Acc = 22.99% +- 2.15%
ChestX iteration 29/400 : Query Acc = 24.00, Avg Acc = 23.02% +- 2.08%
ChestX iteration 30/400 : Query Acc = 26.67, Avg Acc = 23.14% +- 2.03%
ChestX iteration 31/400 : Query Acc = 22.67, Avg Acc = 23.12% +- 1.96%
ChestX iteration 32/400 : Query Acc = 18.67, Avg Acc = 22.99% +- 1.92%
ChestX iteration 33/400 : Query Acc = 33.33, Avg Acc = 23.29% +- 1.95%
ChestX iteration 34/400 : Query Acc = 29.33, Avg Acc = 23.47% +- 1.93%
ChestX iteration 35/400 : Query Acc = 18.67, Avg Acc = 23.33% +- 1.89%
ChestX iteration 36/400 : Query Acc = 22.67, Avg Acc = 23.32% +- 1.84%
ChestX iteration 37/400 : Query Acc = 16.00, Avg Acc = 23.12% +- 1.83%
ChestX iteration 38/400 : Query Acc = 18.67, Avg Acc = 23.01% +- 1.80%
ChestX iteration 39/400 : Query Acc = 33.33, Avg Acc = 23.27% +- 1.82%
ChestX iteration 40/400 : Query Acc = 29.33, Avg Acc = 23.41% +- 1.80%
ChestX iteration 41/400 : Query Acc = 26.67, Avg Acc = 23.49% +- 1.76%
ChestX iteration 42/400 : Query Acc = 25.33, Avg Acc = 23.53% +- 1.73%
ChestX iteration 43/400 : Query Acc = 24.00, Avg Acc = 23.55% +- 1.69%
ChestX iteration 44/400 : Query Acc = 22.67, Avg Acc = 23.53% +- 1.65%
ChestX iteration 45/400 : Query Acc = 20.00, Avg Acc = 23.45% +- 1.62%
ChestX iteration 46/400 : Query Acc = 41.33, Avg Acc = 23.83% +- 1.75%
ChestX iteration 47/400 : Query Acc = 20.00, Avg Acc = 23.75% +- 1.72%
ChestX iteration 48/400 : Query Acc = 22.67, Avg Acc = 23.73% +- 1.68%
ChestX iteration 49/400 : Query Acc = 30.67, Avg Acc = 23.87% +- 1.67%
ChestX iteration 50/400 : Query Acc = 20.00, Avg Acc = 23.79% +- 1.65%
ChestX iteration 51/400 : Query Acc = 25.33, Avg Acc = 23.82% +- 1.62%
ChestX iteration 52/400 : Query Acc = 18.67, Avg Acc = 23.72% +- 1.60%
ChestX iteration 53/400 : Query Acc = 20.00, Avg Acc = 23.65% +- 1.57%
ChestX iteration 54/400 : Query Acc = 26.67, Avg Acc = 23.71% +- 1.55%
ChestX iteration 55/400 : Query Acc = 25.33, Avg Acc = 23.74% +- 1.52%
ChestX iteration 56/400 : Query Acc = 30.67, Avg Acc = 23.86% +- 1.51%
ChestX iteration 57/400 : Query Acc = 17.33, Avg Acc = 23.75% +- 1.50%
ChestX iteration 58/400 : Query Acc = 25.33, Avg Acc = 23.77% +- 1.48%
ChestX iteration 59/400 : Query Acc = 25.33, Avg Acc = 23.80% +- 1.45%
ChestX iteration 60/400 : Query Acc = 24.00, Avg Acc = 23.80% +- 1.43%
ChestX iteration 61/400 : Query Acc = 28.00, Avg Acc = 23.87% +- 1.41%
ChestX iteration 62/400 : Query Acc = 25.33, Avg Acc = 23.89% +- 1.39%
ChestX iteration 63/400 : Query Acc = 29.33, Avg Acc = 23.98% +- 1.38%
ChestX iteration 64/400 : Query Acc = 18.67, Avg Acc = 23.90% +- 1.37%
ChestX iteration 65/400 : Query Acc = 29.33, Avg Acc = 23.98% +- 1.36%
ChestX iteration 66/400 : Query Acc = 29.33, Avg Acc = 24.06% +- 1.35%
ChestX iteration 67/400 : Query Acc = 22.67, Avg Acc = 24.04% +- 1.33%
ChestX iteration 68/400 : Query Acc = 22.67, Avg Acc = 24.02% +- 1.31%
ChestX iteration 69/400 : Query Acc = 14.67, Avg Acc = 23.89% +- 1.32%
ChestX iteration 70/400 : Query Acc = 24.00, Avg Acc = 23.89% +- 1.30%
ChestX iteration 71/400 : Query Acc = 30.67, Avg Acc = 23.98% +- 1.29%
ChestX iteration 72/400 : Query Acc = 30.67, Avg Acc = 24.07% +- 1.29%
ChestX iteration 73/400 : Query Acc = 26.67, Avg Acc = 24.11% +- 1.27%
ChestX iteration 74/400 : Query Acc = 22.67, Avg Acc = 24.09% +- 1.25%
ChestX iteration 75/400 : Query Acc = 26.67, Avg Acc = 24.12% +- 1.24%
ChestX iteration 76/400 : Query Acc = 22.67, Avg Acc = 24.10% +- 1.22%
ChestX iteration 77/400 : Query Acc = 26.67, Avg Acc = 24.14% +- 1.21%
ChestX iteration 78/400 : Query Acc = 25.33, Avg Acc = 24.15% +- 1.20%
ChestX iteration 79/400 : Query Acc = 25.33, Avg Acc = 24.17% +- 1.18%
ChestX iteration 80/400 : Query Acc = 24.00, Avg Acc = 24.16% +- 1.17%
ChestX iteration 81/400 : Query Acc = 25.33, Avg Acc = 24.18% +- 1.15%
ChestX iteration 82/400 : Query Acc = 26.67, Avg Acc = 24.21% +- 1.14%
ChestX iteration 83/400 : Query Acc = 17.33, Avg Acc = 24.13% +- 1.14%
ChestX iteration 84/400 : Query Acc = 32.00, Avg Acc = 24.22% +- 1.14%
ChestX iteration 85/400 : Query Acc = 22.67, Avg Acc = 24.20% +- 1.13%
ChestX iteration 86/400 : Query Acc = 21.33, Avg Acc = 24.17% +- 1.11%
ChestX iteration 87/400 : Query Acc = 16.00, Avg Acc = 24.08% +- 1.12%
ChestX iteration 88/400 : Query Acc = 26.67, Avg Acc = 24.10% +- 1.11%
ChestX iteration 89/400 : Query Acc = 22.67, Avg Acc = 24.09% +- 1.09%
ChestX iteration 90/400 : Query Acc = 26.67, Avg Acc = 24.12% +- 1.08%
ChestX iteration 91/400 : Query Acc = 30.67, Avg Acc = 24.19% +- 1.08%
ChestX iteration 92/400 : Query Acc = 20.00, Avg Acc = 24.14% +- 1.07%
ChestX iteration 93/400 : Query Acc = 26.67, Avg Acc = 24.17% +- 1.06%
ChestX iteration 94/400 : Query Acc = 26.67, Avg Acc = 24.20% +- 1.05%
ChestX iteration 95/400 : Query Acc = 32.00, Avg Acc = 24.28% +- 1.05%
ChestX iteration 96/400 : Query Acc = 21.33, Avg Acc = 24.25% +- 1.04%
ChestX iteration 97/400 : Query Acc = 29.33, Avg Acc = 24.30% +- 1.04%
ChestX iteration 98/400 : Query Acc = 28.00, Avg Acc = 24.34% +- 1.03%
ChestX iteration 99/400 : Query Acc = 26.67, Avg Acc = 24.36% +- 1.02%
ChestX iteration 100/400 : Query Acc = 24.00, Avg Acc = 24.36% +- 1.01%
ChestX | 100 / 400 Acc = 24.36% +- 1.01%
ChestX iteration 101/400 : Query Acc = 20.00, Avg Acc = 24.31% +- 1.00%
ChestX iteration 102/400 : Query Acc = 20.00, Avg Acc = 24.27% +- 1.00%
ChestX iteration 103/400 : Query Acc = 30.67, Avg Acc = 24.33% +- 1.00%
ChestX iteration 104/400 : Query Acc = 22.67, Avg Acc = 24.32% +- 0.99%
ChestX iteration 105/400 : Query Acc = 28.00, Avg Acc = 24.35% +- 0.98%
ChestX iteration 106/400 : Query Acc = 25.33, Avg Acc = 24.36% +- 0.97%
ChestX iteration 107/400 : Query Acc = 29.33, Avg Acc = 24.41% +- 0.97%
ChestX iteration 108/400 : Query Acc = 26.67, Avg Acc = 24.43% +- 0.96%
ChestX iteration 109/400 : Query Acc = 34.67, Avg Acc = 24.52% +- 0.97%
ChestX iteration 110/400 : Query Acc = 21.33, Avg Acc = 24.49% +- 0.96%
ChestX iteration 111/400 : Query Acc = 20.00, Avg Acc = 24.45% +- 0.95%
ChestX iteration 112/400 : Query Acc = 22.67, Avg Acc = 24.44% +- 0.95%
ChestX iteration 113/400 : Query Acc = 30.67, Avg Acc = 24.49% +- 0.94%
ChestX iteration 114/400 : Query Acc = 20.00, Avg Acc = 24.45% +- 0.94%
ChestX iteration 115/400 : Query Acc = 21.33, Avg Acc = 24.43% +- 0.93%
ChestX iteration 116/400 : Query Acc = 32.00, Avg Acc = 24.49% +- 0.93%
ChestX iteration 117/400 : Query Acc = 28.00, Avg Acc = 24.52% +- 0.93%
ChestX iteration 118/400 : Query Acc = 22.67, Avg Acc = 24.50% +- 0.92%
ChestX iteration 119/400 : Query Acc = 28.00, Avg Acc = 24.53% +- 0.91%
ChestX iteration 120/400 : Query Acc = 29.33, Avg Acc = 24.57% +- 0.91%
ChestX iteration 121/400 : Query Acc = 25.33, Avg Acc = 24.58% +- 0.90%
ChestX iteration 122/400 : Query Acc = 26.67, Avg Acc = 24.60% +- 0.90%
ChestX iteration 123/400 : Query Acc = 21.33, Avg Acc = 24.57% +- 0.89%
ChestX iteration 124/400 : Query Acc = 16.00, Avg Acc = 24.50% +- 0.89%
ChestX iteration 125/400 : Query Acc = 29.33, Avg Acc = 24.54% +- 0.89%
ChestX iteration 126/400 : Query Acc = 24.00, Avg Acc = 24.54% +- 0.88%
ChestX iteration 127/400 : Query Acc = 22.67, Avg Acc = 24.52% +- 0.88%
ChestX iteration 128/400 : Query Acc = 16.00, Avg Acc = 24.45% +- 0.88%
ChestX iteration 129/400 : Query Acc = 22.67, Avg Acc = 24.44% +- 0.87%
ChestX iteration 130/400 : Query Acc = 20.00, Avg Acc = 24.41% +- 0.87%
ChestX iteration 131/400 : Query Acc = 25.33, Avg Acc = 24.41% +- 0.86%
ChestX iteration 132/400 : Query Acc = 30.67, Avg Acc = 24.46% +- 0.86%
ChestX iteration 133/400 : Query Acc = 18.67, Avg Acc = 24.42% +- 0.86%
ChestX iteration 134/400 : Query Acc = 22.67, Avg Acc = 24.40% +- 0.85%
ChestX iteration 135/400 : Query Acc = 21.33, Avg Acc = 24.38% +- 0.85%
ChestX iteration 136/400 : Query Acc = 21.33, Avg Acc = 24.36% +- 0.84%
ChestX iteration 137/400 : Query Acc = 22.67, Avg Acc = 24.35% +- 0.84%
ChestX iteration 138/400 : Query Acc = 21.33, Avg Acc = 24.33% +- 0.83%
ChestX iteration 139/400 : Query Acc = 40.00, Avg Acc = 24.44% +- 0.85%
ChestX iteration 140/400 : Query Acc = 20.00, Avg Acc = 24.41% +- 0.85%
ChestX iteration 141/400 : Query Acc = 22.67, Avg Acc = 24.39% +- 0.84%
ChestX iteration 142/400 : Query Acc = 20.00, Avg Acc = 24.36% +- 0.84%
ChestX iteration 143/400 : Query Acc = 22.67, Avg Acc = 24.35% +- 0.83%
ChestX iteration 144/400 : Query Acc = 20.00, Avg Acc = 24.32% +- 0.83%
ChestX iteration 145/400 : Query Acc = 21.33, Avg Acc = 24.30% +- 0.83%
ChestX iteration 146/400 : Query Acc = 26.67, Avg Acc = 24.32% +- 0.82%
ChestX iteration 147/400 : Query Acc = 16.00, Avg Acc = 24.26% +- 0.82%
ChestX iteration 148/400 : Query Acc = 26.67, Avg Acc = 24.28% +- 0.82%
ChestX iteration 149/400 : Query Acc = 21.33, Avg Acc = 24.26% +- 0.81%
ChestX iteration 150/400 : Query Acc = 28.00, Avg Acc = 24.28% +- 0.81%
ChestX iteration 151/400 : Query Acc = 24.00, Avg Acc = 24.28% +- 0.80%
ChestX iteration 152/400 : Query Acc = 21.33, Avg Acc = 24.26% +- 0.80%
ChestX iteration 153/400 : Query Acc = 29.33, Avg Acc = 24.29% +- 0.80%
ChestX iteration 154/400 : Query Acc = 20.00, Avg Acc = 24.27% +- 0.79%
ChestX iteration 155/400 : Query Acc = 25.33, Avg Acc = 24.27% +- 0.79%
ChestX iteration 156/400 : Query Acc = 17.33, Avg Acc = 24.23% +- 0.79%
ChestX iteration 157/400 : Query Acc = 28.00, Avg Acc = 24.25% +- 0.78%
ChestX iteration 158/400 : Query Acc = 25.33, Avg Acc = 24.26% +- 0.78%
ChestX iteration 159/400 : Query Acc = 30.67, Avg Acc = 24.30% +- 0.78%
ChestX iteration 160/400 : Query Acc = 22.67, Avg Acc = 24.29% +- 0.77%
ChestX iteration 161/400 : Query Acc = 18.67, Avg Acc = 24.26% +- 0.77%
ChestX iteration 162/400 : Query Acc = 20.00, Avg Acc = 24.23% +- 0.77%
ChestX iteration 163/400 : Query Acc = 21.33, Avg Acc = 24.21% +- 0.77%
ChestX iteration 164/400 : Query Acc = 16.00, Avg Acc = 24.16% +- 0.77%
ChestX iteration 165/400 : Query Acc = 25.33, Avg Acc = 24.17% +- 0.76%
ChestX iteration 166/400 : Query Acc = 17.33, Avg Acc = 24.13% +- 0.76%
ChestX iteration 167/400 : Query Acc = 18.67, Avg Acc = 24.10% +- 0.76%
ChestX iteration 168/400 : Query Acc = 28.00, Avg Acc = 24.12% +- 0.76%
ChestX iteration 169/400 : Query Acc = 26.67, Avg Acc = 24.13% +- 0.75%
ChestX iteration 170/400 : Query Acc = 22.67, Avg Acc = 24.12% +- 0.75%
ChestX iteration 171/400 : Query Acc = 26.67, Avg Acc = 24.14% +- 0.75%
ChestX iteration 172/400 : Query Acc = 17.33, Avg Acc = 24.10% +- 0.75%
ChestX iteration 173/400 : Query Acc = 28.00, Avg Acc = 24.12% +- 0.74%
ChestX iteration 174/400 : Query Acc = 28.00, Avg Acc = 24.14% +- 0.74%
ChestX iteration 175/400 : Query Acc = 24.00, Avg Acc = 24.14% +- 0.74%
ChestX iteration 176/400 : Query Acc = 25.33, Avg Acc = 24.15% +- 0.73%
ChestX iteration 177/400 : Query Acc = 22.67, Avg Acc = 24.14% +- 0.73%
ChestX iteration 178/400 : Query Acc = 29.33, Avg Acc = 24.17% +- 0.73%
ChestX iteration 179/400 : Query Acc = 21.33, Avg Acc = 24.16% +- 0.72%
ChestX iteration 180/400 : Query Acc = 22.67, Avg Acc = 24.15% +- 0.72%
ChestX iteration 181/400 : Query Acc = 28.00, Avg Acc = 24.17% +- 0.72%
ChestX iteration 182/400 : Query Acc = 18.67, Avg Acc = 24.14% +- 0.71%
ChestX iteration 183/400 : Query Acc = 26.67, Avg Acc = 24.15% +- 0.71%
ChestX iteration 184/400 : Query Acc = 29.33, Avg Acc = 24.18% +- 0.71%
ChestX iteration 185/400 : Query Acc = 29.33, Avg Acc = 24.21% +- 0.71%
ChestX iteration 186/400 : Query Acc = 29.33, Avg Acc = 24.24% +- 0.71%
ChestX iteration 187/400 : Query Acc = 26.67, Avg Acc = 24.25% +- 0.70%
ChestX iteration 188/400 : Query Acc = 28.00, Avg Acc = 24.27% +- 0.70%
ChestX iteration 189/400 : Query Acc = 24.00, Avg Acc = 24.27% +- 0.70%
ChestX iteration 190/400 : Query Acc = 22.67, Avg Acc = 24.26% +- 0.69%
ChestX iteration 191/400 : Query Acc = 26.67, Avg Acc = 24.27% +- 0.69%
ChestX iteration 192/400 : Query Acc = 22.67, Avg Acc = 24.26% +- 0.69%
ChestX iteration 193/400 : Query Acc = 25.33, Avg Acc = 24.27% +- 0.68%
ChestX iteration 194/400 : Query Acc = 26.67, Avg Acc = 24.28% +- 0.68%
ChestX iteration 195/400 : Query Acc = 20.00, Avg Acc = 24.26% +- 0.68%
ChestX iteration 196/400 : Query Acc = 28.00, Avg Acc = 24.28% +- 0.67%
ChestX iteration 197/400 : Query Acc = 22.67, Avg Acc = 24.27% +- 0.67%
ChestX iteration 198/400 : Query Acc = 25.33, Avg Acc = 24.27% +- 0.67%
ChestX iteration 199/400 : Query Acc = 21.33, Avg Acc = 24.26% +- 0.67%
ChestX iteration 200/400 : Query Acc = 28.00, Avg Acc = 24.28% +- 0.66%
ChestX | 200 / 400 Acc = 24.28% +- 0.66%
ChestX iteration 201/400 : Query Acc = 24.00, Avg Acc = 24.28% +- 0.66%
ChestX iteration 202/400 : Query Acc = 29.33, Avg Acc = 24.30% +- 0.66%
ChestX iteration 203/400 : Query Acc = 30.67, Avg Acc = 24.33% +- 0.66%
ChestX iteration 204/400 : Query Acc = 24.00, Avg Acc = 24.33% +- 0.65%
ChestX iteration 205/400 : Query Acc = 30.67, Avg Acc = 24.36% +- 0.65%
ChestX iteration 206/400 : Query Acc = 26.67, Avg Acc = 24.37% +- 0.65%
ChestX iteration 207/400 : Query Acc = 26.67, Avg Acc = 24.38% +- 0.65%
ChestX iteration 208/400 : Query Acc = 24.00, Avg Acc = 24.38% +- 0.65%
ChestX iteration 209/400 : Query Acc = 28.00, Avg Acc = 24.40% +- 0.64%
ChestX iteration 210/400 : Query Acc = 29.33, Avg Acc = 24.42% +- 0.64%
ChestX iteration 211/400 : Query Acc = 24.00, Avg Acc = 24.42% +- 0.64%
ChestX iteration 212/400 : Query Acc = 28.00, Avg Acc = 24.44% +- 0.64%
ChestX iteration 213/400 : Query Acc = 18.67, Avg Acc = 24.41% +- 0.64%
ChestX iteration 214/400 : Query Acc = 22.67, Avg Acc = 24.40% +- 0.63%
ChestX iteration 215/400 : Query Acc = 25.33, Avg Acc = 24.41% +- 0.63%
ChestX iteration 216/400 : Query Acc = 18.67, Avg Acc = 24.38% +- 0.63%
ChestX iteration 217/400 : Query Acc = 17.33, Avg Acc = 24.35% +- 0.63%
ChestX iteration 218/400 : Query Acc = 13.33, Avg Acc = 24.30% +- 0.63%
ChestX iteration 219/400 : Query Acc = 18.67, Avg Acc = 24.27% +- 0.63%
ChestX iteration 220/400 : Query Acc = 25.33, Avg Acc = 24.28% +- 0.63%
ChestX iteration 221/400 : Query Acc = 16.00, Avg Acc = 24.24% +- 0.63%
ChestX iteration 222/400 : Query Acc = 36.00, Avg Acc = 24.29% +- 0.64%
ChestX iteration 223/400 : Query Acc = 28.00, Avg Acc = 24.31% +- 0.64%
ChestX iteration 224/400 : Query Acc = 26.67, Avg Acc = 24.32% +- 0.63%
ChestX iteration 225/400 : Query Acc = 26.67, Avg Acc = 24.33% +- 0.63%
ChestX iteration 226/400 : Query Acc = 17.33, Avg Acc = 24.30% +- 0.63%
ChestX iteration 227/400 : Query Acc = 14.67, Avg Acc = 24.26% +- 0.63%
ChestX iteration 228/400 : Query Acc = 24.00, Avg Acc = 24.26% +- 0.63%
ChestX iteration 229/400 : Query Acc = 18.67, Avg Acc = 24.23% +- 0.63%
ChestX iteration 230/400 : Query Acc = 25.33, Avg Acc = 24.24% +- 0.63%
ChestX iteration 231/400 : Query Acc = 21.33, Avg Acc = 24.22% +- 0.63%
ChestX iteration 232/400 : Query Acc = 22.67, Avg Acc = 24.22% +- 0.62%
ChestX iteration 233/400 : Query Acc = 21.33, Avg Acc = 24.21% +- 0.62%
ChestX iteration 234/400 : Query Acc = 20.00, Avg Acc = 24.19% +- 0.62%
ChestX iteration 235/400 : Query Acc = 20.00, Avg Acc = 24.17% +- 0.62%
ChestX iteration 236/400 : Query Acc = 17.33, Avg Acc = 24.14% +- 0.62%
ChestX iteration 237/400 : Query Acc = 20.00, Avg Acc = 24.12% +- 0.62%
ChestX iteration 238/400 : Query Acc = 22.67, Avg Acc = 24.12% +- 0.61%
ChestX iteration 239/400 : Query Acc = 26.67, Avg Acc = 24.13% +- 0.61%
ChestX iteration 240/400 : Query Acc = 28.00, Avg Acc = 24.14% +- 0.61%
ChestX iteration 241/400 : Query Acc = 16.00, Avg Acc = 24.11% +- 0.61%
ChestX iteration 242/400 : Query Acc = 33.33, Avg Acc = 24.15% +- 0.61%
ChestX iteration 243/400 : Query Acc = 24.00, Avg Acc = 24.15% +- 0.61%
ChestX iteration 244/400 : Query Acc = 10.67, Avg Acc = 24.09% +- 0.62%
ChestX iteration 245/400 : Query Acc = 21.33, Avg Acc = 24.08% +- 0.61%
ChestX iteration 246/400 : Query Acc = 24.00, Avg Acc = 24.08% +- 0.61%
ChestX iteration 247/400 : Query Acc = 24.00, Avg Acc = 24.08% +- 0.61%
ChestX iteration 248/400 : Query Acc = 26.67, Avg Acc = 24.09% +- 0.61%
ChestX iteration 249/400 : Query Acc = 25.33, Avg Acc = 24.10% +- 0.61%
ChestX iteration 250/400 : Query Acc = 20.00, Avg Acc = 24.08% +- 0.60%
ChestX iteration 251/400 : Query Acc = 16.00, Avg Acc = 24.05% +- 0.60%
ChestX iteration 252/400 : Query Acc = 21.33, Avg Acc = 24.04% +- 0.60%
ChestX iteration 253/400 : Query Acc = 24.00, Avg Acc = 24.04% +- 0.60%
ChestX iteration 254/400 : Query Acc = 14.67, Avg Acc = 24.00% +- 0.60%
ChestX iteration 255/400 : Query Acc = 13.33, Avg Acc = 23.96% +- 0.61%
ChestX iteration 256/400 : Query Acc = 12.00, Avg Acc = 23.91% +- 0.61%
ChestX iteration 257/400 : Query Acc = 13.33, Avg Acc = 23.87% +- 0.61%
ChestX iteration 258/400 : Query Acc = 14.67, Avg Acc = 23.84% +- 0.61%
ChestX iteration 259/400 : Query Acc = 29.33, Avg Acc = 23.86% +- 0.61%
ChestX iteration 260/400 : Query Acc = 26.67, Avg Acc = 23.87% +- 0.61%
ChestX iteration 261/400 : Query Acc = 28.00, Avg Acc = 23.88% +- 0.61%
ChestX iteration 262/400 : Query Acc = 28.00, Avg Acc = 23.90% +- 0.61%
ChestX iteration 263/400 : Query Acc = 20.00, Avg Acc = 23.88% +- 0.61%
ChestX iteration 264/400 : Query Acc = 26.67, Avg Acc = 23.89% +- 0.60%
ChestX iteration 265/400 : Query Acc = 29.33, Avg Acc = 23.91% +- 0.60%
ChestX iteration 266/400 : Query Acc = 30.67, Avg Acc = 23.94% +- 0.60%
ChestX iteration 267/400 : Query Acc = 20.00, Avg Acc = 23.93% +- 0.60%
ChestX iteration 268/400 : Query Acc = 26.67, Avg Acc = 23.94% +- 0.60%
ChestX iteration 269/400 : Query Acc = 24.00, Avg Acc = 23.94% +- 0.60%
ChestX iteration 270/400 : Query Acc = 17.33, Avg Acc = 23.91% +- 0.60%
ChestX iteration 271/400 : Query Acc = 28.00, Avg Acc = 23.93% +- 0.60%
ChestX iteration 272/400 : Query Acc = 22.67, Avg Acc = 23.92% +- 0.59%
ChestX iteration 273/400 : Query Acc = 30.67, Avg Acc = 23.95% +- 0.59%
ChestX iteration 274/400 : Query Acc = 17.33, Avg Acc = 23.92% +- 0.59%
ChestX iteration 275/400 : Query Acc = 28.00, Avg Acc = 23.94% +- 0.59%
ChestX iteration 276/400 : Query Acc = 25.33, Avg Acc = 23.94% +- 0.59%
ChestX iteration 277/400 : Query Acc = 25.33, Avg Acc = 23.95% +- 0.59%
ChestX iteration 278/400 : Query Acc = 26.67, Avg Acc = 23.96% +- 0.59%
ChestX iteration 279/400 : Query Acc = 18.67, Avg Acc = 23.94% +- 0.58%
ChestX iteration 280/400 : Query Acc = 21.33, Avg Acc = 23.93% +- 0.58%
ChestX iteration 281/400 : Query Acc = 14.67, Avg Acc = 23.90% +- 0.58%
ChestX iteration 282/400 : Query Acc = 28.00, Avg Acc = 23.91% +- 0.58%
ChestX iteration 283/400 : Query Acc = 18.67, Avg Acc = 23.89% +- 0.58%
ChestX iteration 284/400 : Query Acc = 30.67, Avg Acc = 23.92% +- 0.58%
ChestX iteration 285/400 : Query Acc = 16.00, Avg Acc = 23.89% +- 0.58%
ChestX iteration 286/400 : Query Acc = 17.33, Avg Acc = 23.87% +- 0.58%
ChestX iteration 287/400 : Query Acc = 25.33, Avg Acc = 23.87% +- 0.58%
ChestX iteration 288/400 : Query Acc = 13.33, Avg Acc = 23.83% +- 0.58%
ChestX iteration 289/400 : Query Acc = 24.00, Avg Acc = 23.83% +- 0.58%
ChestX iteration 290/400 : Query Acc = 28.00, Avg Acc = 23.85% +- 0.58%
ChestX iteration 291/400 : Query Acc = 20.00, Avg Acc = 23.84% +- 0.58%
ChestX iteration 292/400 : Query Acc = 28.00, Avg Acc = 23.85% +- 0.58%
ChestX iteration 293/400 : Query Acc = 28.00, Avg Acc = 23.86% +- 0.58%
ChestX iteration 294/400 : Query Acc = 20.00, Avg Acc = 23.85% +- 0.57%
ChestX iteration 295/400 : Query Acc = 24.00, Avg Acc = 23.85% +- 0.57%
ChestX iteration 296/400 : Query Acc = 20.00, Avg Acc = 23.84% +- 0.57%
ChestX iteration 297/400 : Query Acc = 41.33, Avg Acc = 23.90% +- 0.58%
ChestX iteration 298/400 : Query Acc = 25.33, Avg Acc = 23.90% +- 0.58%
ChestX iteration 299/400 : Query Acc = 22.67, Avg Acc = 23.90% +- 0.58%
ChestX iteration 300/400 : Query Acc = 21.33, Avg Acc = 23.89% +- 0.57%
ChestX | 300 / 400 Acc = 23.89% +- 0.57%
ChestX iteration 301/400 : Query Acc = 17.33, Avg Acc = 23.87% +- 0.57%
ChestX iteration 302/400 : Query Acc = 20.00, Avg Acc = 23.85% +- 0.57%
ChestX iteration 303/400 : Query Acc = 30.67, Avg Acc = 23.88% +- 0.57%
ChestX iteration 304/400 : Query Acc = 29.33, Avg Acc = 23.90% +- 0.57%
ChestX iteration 305/400 : Query Acc = 32.00, Avg Acc = 23.92% +- 0.57%
ChestX iteration 306/400 : Query Acc = 25.33, Avg Acc = 23.93% +- 0.57%
ChestX iteration 307/400 : Query Acc = 28.00, Avg Acc = 23.94% +- 0.57%
ChestX iteration 308/400 : Query Acc = 22.67, Avg Acc = 23.94% +- 0.57%
ChestX iteration 309/400 : Query Acc = 24.00, Avg Acc = 23.94% +- 0.57%
ChestX iteration 310/400 : Query Acc = 29.33, Avg Acc = 23.95% +- 0.57%
ChestX iteration 311/400 : Query Acc = 28.00, Avg Acc = 23.97% +- 0.56%
ChestX iteration 312/400 : Query Acc = 25.33, Avg Acc = 23.97% +- 0.56%
ChestX iteration 313/400 : Query Acc = 30.67, Avg Acc = 23.99% +- 0.56%
ChestX iteration 314/400 : Query Acc = 22.67, Avg Acc = 23.99% +- 0.56%
ChestX iteration 315/400 : Query Acc = 18.67, Avg Acc = 23.97% +- 0.56%
ChestX iteration 316/400 : Query Acc = 24.00, Avg Acc = 23.97% +- 0.56%
ChestX iteration 317/400 : Query Acc = 17.33, Avg Acc = 23.95% +- 0.56%
ChestX iteration 318/400 : Query Acc = 26.67, Avg Acc = 23.96% +- 0.56%
ChestX iteration 319/400 : Query Acc = 22.67, Avg Acc = 23.95% +- 0.55%
ChestX iteration 320/400 : Query Acc = 24.00, Avg Acc = 23.95% +- 0.55%
ChestX iteration 321/400 : Query Acc = 22.67, Avg Acc = 23.95% +- 0.55%
ChestX iteration 322/400 : Query Acc = 28.00, Avg Acc = 23.96% +- 0.55%
ChestX iteration 323/400 : Query Acc = 22.67, Avg Acc = 23.96% +- 0.55%
ChestX iteration 324/400 : Query Acc = 25.33, Avg Acc = 23.96% +- 0.55%
ChestX iteration 325/400 : Query Acc = 24.00, Avg Acc = 23.96% +- 0.54%
ChestX iteration 326/400 : Query Acc = 30.67, Avg Acc = 23.98% +- 0.54%
ChestX iteration 327/400 : Query Acc = 21.33, Avg Acc = 23.98% +- 0.54%
ChestX iteration 328/400 : Query Acc = 25.33, Avg Acc = 23.98% +- 0.54%
ChestX iteration 329/400 : Query Acc = 22.67, Avg Acc = 23.98% +- 0.54%
ChestX iteration 330/400 : Query Acc = 32.00, Avg Acc = 24.00% +- 0.54%
ChestX iteration 331/400 : Query Acc = 34.67, Avg Acc = 24.03% +- 0.54%
ChestX iteration 332/400 : Query Acc = 18.67, Avg Acc = 24.02% +- 0.54%
ChestX iteration 333/400 : Query Acc = 24.00, Avg Acc = 24.02% +- 0.54%
ChestX iteration 334/400 : Query Acc = 18.67, Avg Acc = 24.00% +- 0.54%
ChestX iteration 335/400 : Query Acc = 26.67, Avg Acc = 24.01% +- 0.54%
ChestX iteration 336/400 : Query Acc = 17.33, Avg Acc = 23.99% +- 0.54%
ChestX iteration 337/400 : Query Acc = 28.00, Avg Acc = 24.00% +- 0.54%
ChestX iteration 338/400 : Query Acc = 25.33, Avg Acc = 24.00% +- 0.54%
ChestX iteration 339/400 : Query Acc = 22.67, Avg Acc = 24.00% +- 0.53%
ChestX iteration 340/400 : Query Acc = 28.00, Avg Acc = 24.01% +- 0.53%
ChestX iteration 341/400 : Query Acc = 22.67, Avg Acc = 24.01% +- 0.53%
ChestX iteration 342/400 : Query Acc = 25.33, Avg Acc = 24.01% +- 0.53%
ChestX iteration 343/400 : Query Acc = 32.00, Avg Acc = 24.03% +- 0.53%
ChestX iteration 344/400 : Query Acc = 26.67, Avg Acc = 24.04% +- 0.53%
ChestX iteration 345/400 : Query Acc = 28.00, Avg Acc = 24.05% +- 0.53%
ChestX iteration 346/400 : Query Acc = 25.33, Avg Acc = 24.06% +- 0.53%
ChestX iteration 347/400 : Query Acc = 29.33, Avg Acc = 24.07% +- 0.53%
ChestX iteration 348/400 : Query Acc = 20.00, Avg Acc = 24.06% +- 0.52%
ChestX iteration 349/400 : Query Acc = 28.00, Avg Acc = 24.07% +- 0.52%
ChestX iteration 350/400 : Query Acc = 17.33, Avg Acc = 24.05% +- 0.52%
ChestX iteration 351/400 : Query Acc = 13.33, Avg Acc = 24.02% +- 0.53%
ChestX iteration 352/400 : Query Acc = 22.67, Avg Acc = 24.02% +- 0.52%
ChestX iteration 353/400 : Query Acc = 24.00, Avg Acc = 24.02% +- 0.52%
ChestX iteration 354/400 : Query Acc = 26.67, Avg Acc = 24.03% +- 0.52%
ChestX iteration 355/400 : Query Acc = 22.67, Avg Acc = 24.02% +- 0.52%
ChestX iteration 356/400 : Query Acc = 24.00, Avg Acc = 24.02% +- 0.52%
ChestX iteration 357/400 : Query Acc = 30.67, Avg Acc = 24.04% +- 0.52%
ChestX iteration 358/400 : Query Acc = 36.00, Avg Acc = 24.07% +- 0.52%
ChestX iteration 359/400 : Query Acc = 28.00, Avg Acc = 24.09% +- 0.52%
ChestX iteration 360/400 : Query Acc = 26.67, Avg Acc = 24.09% +- 0.52%
ChestX iteration 361/400 : Query Acc = 18.67, Avg Acc = 24.08% +- 0.52%
ChestX iteration 362/400 : Query Acc = 24.00, Avg Acc = 24.08% +- 0.52%
ChestX iteration 363/400 : Query Acc = 22.67, Avg Acc = 24.07% +- 0.52%
ChestX iteration 364/400 : Query Acc = 21.33, Avg Acc = 24.07% +- 0.51%
ChestX iteration 365/400 : Query Acc = 26.67, Avg Acc = 24.07% +- 0.51%
ChestX iteration 366/400 : Query Acc = 26.67, Avg Acc = 24.08% +- 0.51%
ChestX iteration 367/400 : Query Acc = 24.00, Avg Acc = 24.08% +- 0.51%
ChestX iteration 368/400 : Query Acc = 30.67, Avg Acc = 24.10% +- 0.51%
ChestX iteration 369/400 : Query Acc = 33.33, Avg Acc = 24.12% +- 0.51%
ChestX iteration 370/400 : Query Acc = 29.33, Avg Acc = 24.14% +- 0.51%
ChestX iteration 371/400 : Query Acc = 25.33, Avg Acc = 24.14% +- 0.51%
ChestX iteration 372/400 : Query Acc = 26.67, Avg Acc = 24.15% +- 0.51%
ChestX iteration 373/400 : Query Acc = 22.67, Avg Acc = 24.14% +- 0.51%
ChestX iteration 374/400 : Query Acc = 28.00, Avg Acc = 24.15% +- 0.51%
ChestX iteration 375/400 : Query Acc = 26.67, Avg Acc = 24.16% +- 0.50%
ChestX iteration 376/400 : Query Acc = 17.33, Avg Acc = 24.14% +- 0.50%
ChestX iteration 377/400 : Query Acc = 33.33, Avg Acc = 24.17% +- 0.51%
ChestX iteration 378/400 : Query Acc = 21.33, Avg Acc = 24.16% +- 0.50%
ChestX iteration 379/400 : Query Acc = 24.00, Avg Acc = 24.16% +- 0.50%
ChestX iteration 380/400 : Query Acc = 26.67, Avg Acc = 24.16% +- 0.50%
ChestX iteration 381/400 : Query Acc = 21.33, Avg Acc = 24.16% +- 0.50%
ChestX iteration 382/400 : Query Acc = 18.67, Avg Acc = 24.14% +- 0.50%
ChestX iteration 383/400 : Query Acc = 26.67, Avg Acc = 24.15% +- 0.50%
ChestX iteration 384/400 : Query Acc = 30.67, Avg Acc = 24.17% +- 0.50%
ChestX iteration 385/400 : Query Acc = 24.00, Avg Acc = 24.17% +- 0.50%
ChestX iteration 386/400 : Query Acc = 13.33, Avg Acc = 24.14% +- 0.50%
ChestX iteration 387/400 : Query Acc = 25.33, Avg Acc = 24.14% +- 0.50%
ChestX iteration 388/400 : Query Acc = 24.00, Avg Acc = 24.14% +- 0.50%
ChestX iteration 389/400 : Query Acc = 17.33, Avg Acc = 24.12% +- 0.50%
ChestX iteration 390/400 : Query Acc = 32.00, Avg Acc = 24.14% +- 0.50%
ChestX iteration 391/400 : Query Acc = 17.33, Avg Acc = 24.13% +- 0.50%
ChestX iteration 392/400 : Query Acc = 32.00, Avg Acc = 24.15% +- 0.50%
ChestX iteration 393/400 : Query Acc = 22.67, Avg Acc = 24.14% +- 0.50%
ChestX iteration 394/400 : Query Acc = 28.00, Avg Acc = 24.15% +- 0.49%
ChestX iteration 395/400 : Query Acc = 25.33, Avg Acc = 24.15% +- 0.49%
ChestX iteration 396/400 : Query Acc = 38.67, Avg Acc = 24.19% +- 0.50%
ChestX iteration 397/400 : Query Acc = 28.00, Avg Acc = 24.20% +- 0.50%
ChestX iteration 398/400 : Query Acc = 22.67, Avg Acc = 24.20% +- 0.50%
ChestX iteration 399/400 : Query Acc = 24.00, Avg Acc = 24.20% +- 0.49%
Ches 400 Test Acc = 24.20% +- 0.49%
[LIMO_CONFIRM ChestX] n = 400 個共同 episode（A 400、B 400）
[LIMO_CONFIRM ChestX] A   24.58 ± 0.52   ChestX_5shot_base_seed1_n400.jsonl
[LIMO_CONFIRM ChestX] B   24.20 ± 0.49   ChestX_5shot_limo_s0_seed1_n400.jsonl
[LIMO_CONFIRM ChestX] B − A  -0.38 ± 0.52   CI 含 0（雜訊內）
LIMO_CONFIRM_ALL_DONE 2026-10-07 15:37:31
