>>> [ATHA dump] EuroSAT 5-shot aug=1 seed=1 n=400  2026-10-05 00:59:59
set seed = 1
FineTune! 5 shots on EuroSAT dataset
EuroSAT iteration 0/400 : Query Acc = 92.00, Avg Acc = 92.00% +- 0.00%
EuroSAT | 0 / 400 Acc = 92.00% +- 0.00%
EuroSAT iteration 1/400 : Query Acc = 86.67, Avg Acc = 89.33% +- 3.70%
EuroSAT iteration 2/400 : Query Acc = 85.33, Avg Acc = 88.00% +- 3.26%
EuroSAT iteration 3/400 : Query Acc = 93.33, Avg Acc = 89.33% +- 3.33%
EuroSAT iteration 4/400 : Query Acc = 98.67, Avg Acc = 91.20% +- 4.22%
EuroSAT iteration 5/400 : Query Acc = 93.33, Avg Acc = 91.56% +- 3.57%
EuroSAT iteration 6/400 : Query Acc = 92.00, Avg Acc = 91.62% +- 3.07%
EuroSAT iteration 7/400 : Query Acc = 85.33, Avg Acc = 90.83% +- 3.04%
EuroSAT iteration 8/400 : Query Acc = 93.33, Avg Acc = 91.11% +- 2.75%
EuroSAT iteration 9/400 : Query Acc = 88.00, Avg Acc = 90.80% +- 2.55%
EuroSAT iteration 10/400 : Query Acc = 93.33, Avg Acc = 91.03% +- 2.35%
EuroSAT iteration 11/400 : Query Acc = 86.67, Avg Acc = 90.67% +- 2.26%
EuroSAT iteration 12/400 : Query Acc = 94.67, Avg Acc = 90.97% +- 2.17%
EuroSAT iteration 13/400 : Query Acc = 85.33, Avg Acc = 90.57% +- 2.15%
EuroSAT iteration 14/400 : Query Acc = 93.33, Avg Acc = 90.76% +- 2.04%
EuroSAT iteration 15/400 : Query Acc = 96.00, Avg Acc = 91.08% +- 2.01%
EuroSAT iteration 16/400 : Query Acc = 93.33, Avg Acc = 91.22% +- 1.91%
EuroSAT iteration 17/400 : Query Acc = 89.33, Avg Acc = 91.11% +- 1.81%
EuroSAT iteration 18/400 : Query Acc = 97.33, Avg Acc = 91.44% +- 1.83%
EuroSAT iteration 19/400 : Query Acc = 93.33, Avg Acc = 91.53% +- 1.75%
EuroSAT iteration 20/400 : Query Acc = 89.33, Avg Acc = 91.43% +- 1.67%
EuroSAT iteration 21/400 : Query Acc = 97.33, Avg Acc = 91.70% +- 1.68%
EuroSAT iteration 22/400 : Query Acc = 94.67, Avg Acc = 91.83% +- 1.63%
EuroSAT iteration 23/400 : Query Acc = 94.67, Avg Acc = 91.94% +- 1.57%
EuroSAT iteration 24/400 : Query Acc = 86.67, Avg Acc = 91.73% +- 1.56%
EuroSAT iteration 25/400 : Query Acc = 90.67, Avg Acc = 91.69% +- 1.51%
EuroSAT iteration 26/400 : Query Acc = 93.33, Avg Acc = 91.75% +- 1.46%
EuroSAT iteration 27/400 : Query Acc = 94.67, Avg Acc = 91.86% +- 1.42%
EuroSAT iteration 28/400 : Query Acc = 92.00, Avg Acc = 91.86% +- 1.37%
EuroSAT iteration 29/400 : Query Acc = 90.67, Avg Acc = 91.82% +- 1.33%
EuroSAT iteration 30/400 : Query Acc = 94.67, Avg Acc = 91.91% +- 1.29%
EuroSAT iteration 31/400 : Query Acc = 90.67, Avg Acc = 91.88% +- 1.26%
EuroSAT iteration 32/400 : Query Acc = 97.33, Avg Acc = 92.04% +- 1.26%
EuroSAT iteration 33/400 : Query Acc = 88.00, Avg Acc = 91.92% +- 1.24%
EuroSAT iteration 34/400 : Query Acc = 97.33, Avg Acc = 92.08% +- 1.24%
EuroSAT iteration 35/400 : Query Acc = 97.33, Avg Acc = 92.22% +- 1.24%
EuroSAT iteration 36/400 : Query Acc = 94.67, Avg Acc = 92.29% +- 1.22%
EuroSAT iteration 37/400 : Query Acc = 94.67, Avg Acc = 92.35% +- 1.19%
EuroSAT iteration 38/400 : Query Acc = 92.00, Avg Acc = 92.34% +- 1.16%
EuroSAT iteration 39/400 : Query Acc = 97.33, Avg Acc = 92.47% +- 1.16%
EuroSAT iteration 40/400 : Query Acc = 97.33, Avg Acc = 92.59% +- 1.15%
EuroSAT iteration 41/400 : Query Acc = 94.67, Avg Acc = 92.63% +- 1.13%
EuroSAT iteration 42/400 : Query Acc = 88.00, Avg Acc = 92.53% +- 1.12%
EuroSAT iteration 43/400 : Query Acc = 90.67, Avg Acc = 92.48% +- 1.10%
EuroSAT iteration 44/400 : Query Acc = 89.33, Avg Acc = 92.41% +- 1.08%
EuroSAT iteration 45/400 : Query Acc = 100.00, Avg Acc = 92.58% +- 1.11%
EuroSAT iteration 46/400 : Query Acc = 98.67, Avg Acc = 92.71% +- 1.11%
EuroSAT iteration 47/400 : Query Acc = 100.00, Avg Acc = 92.86% +- 1.13%
EuroSAT iteration 48/400 : Query Acc = 98.67, Avg Acc = 92.98% +- 1.13%
EuroSAT iteration 49/400 : Query Acc = 90.67, Avg Acc = 92.93% +- 1.11%
EuroSAT iteration 50/400 : Query Acc = 89.33, Avg Acc = 92.86% +- 1.10%
EuroSAT iteration 51/400 : Query Acc = 98.67, Avg Acc = 92.97% +- 1.10%
EuroSAT iteration 52/400 : Query Acc = 96.00, Avg Acc = 93.03% +- 1.08%
EuroSAT iteration 53/400 : Query Acc = 93.33, Avg Acc = 93.04% +- 1.06%
EuroSAT iteration 54/400 : Query Acc = 85.33, Avg Acc = 92.90% +- 1.08%
EuroSAT iteration 55/400 : Query Acc = 96.00, Avg Acc = 92.95% +- 1.06%
EuroSAT iteration 56/400 : Query Acc = 85.33, Avg Acc = 92.82% +- 1.08%
EuroSAT iteration 57/400 : Query Acc = 94.67, Avg Acc = 92.85% +- 1.06%
EuroSAT iteration 58/400 : Query Acc = 100.00, Avg Acc = 92.97% +- 1.07%
EuroSAT iteration 59/400 : Query Acc = 90.67, Avg Acc = 92.93% +- 1.05%
EuroSAT iteration 60/400 : Query Acc = 100.00, Avg Acc = 93.05% +- 1.06%
EuroSAT iteration 61/400 : Query Acc = 94.67, Avg Acc = 93.08% +- 1.04%
EuroSAT iteration 62/400 : Query Acc = 89.33, Avg Acc = 93.02% +- 1.03%
EuroSAT iteration 63/400 : Query Acc = 93.33, Avg Acc = 93.02% +- 1.02%
EuroSAT iteration 64/400 : Query Acc = 97.33, Avg Acc = 93.09% +- 1.01%
EuroSAT iteration 65/400 : Query Acc = 90.67, Avg Acc = 93.05% +- 1.00%
EuroSAT iteration 66/400 : Query Acc = 94.67, Avg Acc = 93.07% +- 0.98%
EuroSAT iteration 67/400 : Query Acc = 97.33, Avg Acc = 93.14% +- 0.98%
EuroSAT iteration 68/400 : Query Acc = 97.33, Avg Acc = 93.20% +- 0.97%
EuroSAT iteration 69/400 : Query Acc = 94.67, Avg Acc = 93.22% +- 0.96%
EuroSAT iteration 70/400 : Query Acc = 94.67, Avg Acc = 93.24% +- 0.94%
EuroSAT iteration 71/400 : Query Acc = 89.33, Avg Acc = 93.19% +- 0.94%
EuroSAT iteration 72/400 : Query Acc = 96.00, Avg Acc = 93.22% +- 0.93%
EuroSAT iteration 73/400 : Query Acc = 93.33, Avg Acc = 93.23% +- 0.92%
EuroSAT iteration 74/400 : Query Acc = 96.00, Avg Acc = 93.26% +- 0.91%
EuroSAT iteration 75/400 : Query Acc = 96.00, Avg Acc = 93.30% +- 0.90%
EuroSAT iteration 76/400 : Query Acc = 92.00, Avg Acc = 93.28% +- 0.89%
EuroSAT iteration 77/400 : Query Acc = 92.00, Avg Acc = 93.26% +- 0.87%
EuroSAT iteration 78/400 : Query Acc = 92.00, Avg Acc = 93.25% +- 0.86%
EuroSAT iteration 79/400 : Query Acc = 85.33, Avg Acc = 93.15% +- 0.88%
EuroSAT iteration 80/400 : Query Acc = 89.33, Avg Acc = 93.10% +- 0.87%
EuroSAT iteration 81/400 : Query Acc = 90.67, Avg Acc = 93.07% +- 0.86%
EuroSAT iteration 82/400 : Query Acc = 97.33, Avg Acc = 93.12% +- 0.86%
EuroSAT iteration 83/400 : Query Acc = 96.00, Avg Acc = 93.16% +- 0.85%
EuroSAT iteration 84/400 : Query Acc = 88.00, Avg Acc = 93.10% +- 0.85%
EuroSAT iteration 85/400 : Query Acc = 96.00, Avg Acc = 93.13% +- 0.84%
EuroSAT iteration 86/400 : Query Acc = 93.33, Avg Acc = 93.13% +- 0.83%
EuroSAT iteration 87/400 : Query Acc = 97.33, Avg Acc = 93.18% +- 0.83%
EuroSAT iteration 88/400 : Query Acc = 94.67, Avg Acc = 93.20% +- 0.82%
EuroSAT iteration 89/400 : Query Acc = 96.00, Avg Acc = 93.23% +- 0.81%
EuroSAT iteration 90/400 : Query Acc = 86.67, Avg Acc = 93.16% +- 0.81%
EuroSAT iteration 91/400 : Query Acc = 94.67, Avg Acc = 93.17% +- 0.81%
EuroSAT iteration 92/400 : Query Acc = 89.33, Avg Acc = 93.13% +- 0.80%
EuroSAT iteration 93/400 : Query Acc = 93.33, Avg Acc = 93.13% +- 0.79%
EuroSAT iteration 94/400 : Query Acc = 90.67, Avg Acc = 93.11% +- 0.79%
EuroSAT iteration 95/400 : Query Acc = 90.67, Avg Acc = 93.08% +- 0.78%
EuroSAT iteration 96/400 : Query Acc = 93.33, Avg Acc = 93.09% +- 0.77%
EuroSAT iteration 97/400 : Query Acc = 93.33, Avg Acc = 93.09% +- 0.76%
EuroSAT iteration 98/400 : Query Acc = 96.00, Avg Acc = 93.12% +- 0.76%
EuroSAT iteration 99/400 : Query Acc = 92.00, Avg Acc = 93.11% +- 0.75%
EuroSAT iteration 100/400 : Query Acc = 93.33, Avg Acc = 93.11% +- 0.74%
EuroSAT | 100 / 400 Acc = 93.11% +- 0.74%
EuroSAT iteration 101/400 : Query Acc = 96.00, Avg Acc = 93.14% +- 0.74%
EuroSAT iteration 102/400 : Query Acc = 93.33, Avg Acc = 93.14% +- 0.73%
EuroSAT iteration 103/400 : Query Acc = 98.67, Avg Acc = 93.19% +- 0.73%
EuroSAT iteration 104/400 : Query Acc = 98.67, Avg Acc = 93.24% +- 0.73%
EuroSAT iteration 105/400 : Query Acc = 93.33, Avg Acc = 93.25% +- 0.72%
EuroSAT iteration 106/400 : Query Acc = 94.67, Avg Acc = 93.26% +- 0.72%
EuroSAT iteration 107/400 : Query Acc = 85.33, Avg Acc = 93.19% +- 0.73%
EuroSAT iteration 108/400 : Query Acc = 97.33, Avg Acc = 93.22% +- 0.72%
EuroSAT iteration 109/400 : Query Acc = 89.33, Avg Acc = 93.19% +- 0.72%
EuroSAT iteration 110/400 : Query Acc = 92.00, Avg Acc = 93.18% +- 0.71%
EuroSAT iteration 111/400 : Query Acc = 96.00, Avg Acc = 93.20% +- 0.71%
EuroSAT iteration 112/400 : Query Acc = 93.33, Avg Acc = 93.20% +- 0.70%
EuroSAT iteration 113/400 : Query Acc = 94.67, Avg Acc = 93.22% +- 0.70%
EuroSAT iteration 114/400 : Query Acc = 89.33, Avg Acc = 93.18% +- 0.69%
EuroSAT iteration 115/400 : Query Acc = 92.00, Avg Acc = 93.17% +- 0.69%
EuroSAT iteration 116/400 : Query Acc = 89.33, Avg Acc = 93.14% +- 0.69%
EuroSAT iteration 117/400 : Query Acc = 82.67, Avg Acc = 93.05% +- 0.70%
EuroSAT iteration 118/400 : Query Acc = 92.00, Avg Acc = 93.04% +- 0.70%
EuroSAT iteration 119/400 : Query Acc = 90.67, Avg Acc = 93.02% +- 0.69%
EuroSAT iteration 120/400 : Query Acc = 98.67, Avg Acc = 93.07% +- 0.69%
EuroSAT iteration 121/400 : Query Acc = 97.33, Avg Acc = 93.10% +- 0.69%
EuroSAT iteration 122/400 : Query Acc = 89.33, Avg Acc = 93.07% +- 0.69%
EuroSAT iteration 123/400 : Query Acc = 94.67, Avg Acc = 93.09% +- 0.68%
EuroSAT iteration 124/400 : Query Acc = 93.33, Avg Acc = 93.09% +- 0.68%
EuroSAT iteration 125/400 : Query Acc = 90.67, Avg Acc = 93.07% +- 0.67%
EuroSAT iteration 126/400 : Query Acc = 93.33, Avg Acc = 93.07% +- 0.67%
EuroSAT iteration 127/400 : Query Acc = 92.00, Avg Acc = 93.06% +- 0.66%
EuroSAT iteration 128/400 : Query Acc = 86.67, Avg Acc = 93.01% +- 0.66%
EuroSAT iteration 129/400 : Query Acc = 96.00, Avg Acc = 93.04% +- 0.66%
EuroSAT iteration 130/400 : Query Acc = 96.00, Avg Acc = 93.06% +- 0.66%
EuroSAT iteration 131/400 : Query Acc = 96.00, Avg Acc = 93.08% +- 0.65%
EuroSAT iteration 132/400 : Query Acc = 89.33, Avg Acc = 93.05% +- 0.65%
EuroSAT iteration 133/400 : Query Acc = 82.67, Avg Acc = 92.98% +- 0.66%
EuroSAT iteration 134/400 : Query Acc = 92.00, Avg Acc = 92.97% +- 0.66%
EuroSAT iteration 135/400 : Query Acc = 98.67, Avg Acc = 93.01% +- 0.66%
EuroSAT iteration 136/400 : Query Acc = 89.33, Avg Acc = 92.98% +- 0.65%
EuroSAT iteration 137/400 : Query Acc = 96.00, Avg Acc = 93.00% +- 0.65%
EuroSAT iteration 138/400 : Query Acc = 89.33, Avg Acc = 92.98% +- 0.65%
EuroSAT iteration 139/400 : Query Acc = 94.67, Avg Acc = 92.99% +- 0.64%
EuroSAT iteration 140/400 : Query Acc = 93.33, Avg Acc = 92.99% +- 0.64%
EuroSAT iteration 141/400 : Query Acc = 97.33, Avg Acc = 93.02% +- 0.64%
EuroSAT iteration 142/400 : Query Acc = 90.67, Avg Acc = 93.01% +- 0.63%
EuroSAT iteration 143/400 : Query Acc = 98.67, Avg Acc = 93.05% +- 0.64%
EuroSAT iteration 144/400 : Query Acc = 89.33, Avg Acc = 93.02% +- 0.63%
EuroSAT iteration 145/400 : Query Acc = 96.00, Avg Acc = 93.04% +- 0.63%
EuroSAT iteration 146/400 : Query Acc = 84.00, Avg Acc = 92.98% +- 0.64%
EuroSAT iteration 147/400 : Query Acc = 90.67, Avg Acc = 92.96% +- 0.63%
EuroSAT iteration 148/400 : Query Acc = 94.67, Avg Acc = 92.98% +- 0.63%
EuroSAT iteration 149/400 : Query Acc = 92.00, Avg Acc = 92.97% +- 0.63%
EuroSAT iteration 150/400 : Query Acc = 94.67, Avg Acc = 92.98% +- 0.62%
EuroSAT iteration 151/400 : Query Acc = 90.67, Avg Acc = 92.96% +- 0.62%
EuroSAT iteration 152/400 : Query Acc = 97.33, Avg Acc = 92.99% +- 0.62%
EuroSAT iteration 153/400 : Query Acc = 92.00, Avg Acc = 92.99% +- 0.61%
EuroSAT iteration 154/400 : Query Acc = 97.33, Avg Acc = 93.02% +- 0.61%
EuroSAT iteration 155/400 : Query Acc = 90.67, Avg Acc = 93.00% +- 0.61%
EuroSAT iteration 156/400 : Query Acc = 97.33, Avg Acc = 93.03% +- 0.61%
EuroSAT iteration 157/400 : Query Acc = 94.67, Avg Acc = 93.04% +- 0.60%
EuroSAT iteration 158/400 : Query Acc = 96.00, Avg Acc = 93.06% +- 0.60%
EuroSAT iteration 159/400 : Query Acc = 96.00, Avg Acc = 93.08% +- 0.60%
EuroSAT iteration 160/400 : Query Acc = 92.00, Avg Acc = 93.07% +- 0.59%
EuroSAT iteration 161/400 : Query Acc = 97.33, Avg Acc = 93.09% +- 0.59%
EuroSAT iteration 162/400 : Query Acc = 92.00, Avg Acc = 93.09% +- 0.59%
EuroSAT iteration 163/400 : Query Acc = 93.33, Avg Acc = 93.09% +- 0.59%
EuroSAT iteration 164/400 : Query Acc = 93.33, Avg Acc = 93.09% +- 0.58%
EuroSAT iteration 165/400 : Query Acc = 90.67, Avg Acc = 93.08% +- 0.58%
EuroSAT iteration 166/400 : Query Acc = 73.33, Avg Acc = 92.96% +- 0.62%
EuroSAT iteration 167/400 : Query Acc = 100.00, Avg Acc = 93.00% +- 0.62%
EuroSAT iteration 168/400 : Query Acc = 80.00, Avg Acc = 92.92% +- 0.64%
EuroSAT iteration 169/400 : Query Acc = 92.00, Avg Acc = 92.92% +- 0.63%
EuroSAT iteration 170/400 : Query Acc = 96.00, Avg Acc = 92.94% +- 0.63%
EuroSAT iteration 171/400 : Query Acc = 92.00, Avg Acc = 92.93% +- 0.63%
EuroSAT iteration 172/400 : Query Acc = 92.00, Avg Acc = 92.92% +- 0.62%
EuroSAT iteration 173/400 : Query Acc = 97.33, Avg Acc = 92.95% +- 0.62%
EuroSAT iteration 174/400 : Query Acc = 93.33, Avg Acc = 92.95% +- 0.62%
EuroSAT iteration 175/400 : Query Acc = 93.33, Avg Acc = 92.95% +- 0.61%
EuroSAT iteration 176/400 : Query Acc = 93.33, Avg Acc = 92.96% +- 0.61%
EuroSAT iteration 177/400 : Query Acc = 93.33, Avg Acc = 92.96% +- 0.61%
EuroSAT iteration 178/400 : Query Acc = 89.33, Avg Acc = 92.94% +- 0.61%
EuroSAT iteration 179/400 : Query Acc = 92.00, Avg Acc = 92.93% +- 0.60%
EuroSAT iteration 180/400 : Query Acc = 93.33, Avg Acc = 92.94% +- 0.60%
EuroSAT iteration 181/400 : Query Acc = 96.00, Avg Acc = 92.95% +- 0.60%
EuroSAT iteration 182/400 : Query Acc = 94.67, Avg Acc = 92.96% +- 0.59%
EuroSAT iteration 183/400 : Query Acc = 98.67, Avg Acc = 92.99% +- 0.59%
EuroSAT iteration 184/400 : Query Acc = 93.33, Avg Acc = 92.99% +- 0.59%
EuroSAT iteration 185/400 : Query Acc = 96.00, Avg Acc = 93.01% +- 0.59%
EuroSAT iteration 186/400 : Query Acc = 93.33, Avg Acc = 93.01% +- 0.58%
EuroSAT iteration 187/400 : Query Acc = 93.33, Avg Acc = 93.01% +- 0.58%
EuroSAT iteration 188/400 : Query Acc = 86.67, Avg Acc = 92.98% +- 0.58%
EuroSAT iteration 189/400 : Query Acc = 86.67, Avg Acc = 92.95% +- 0.58%
EuroSAT iteration 190/400 : Query Acc = 89.33, Avg Acc = 92.93% +- 0.58%
EuroSAT iteration 191/400 : Query Acc = 90.67, Avg Acc = 92.92% +- 0.58%
EuroSAT iteration 192/400 : Query Acc = 96.00, Avg Acc = 92.93% +- 0.58%
EuroSAT iteration 193/400 : Query Acc = 88.00, Avg Acc = 92.91% +- 0.58%
EuroSAT iteration 194/400 : Query Acc = 88.00, Avg Acc = 92.88% +- 0.57%
EuroSAT iteration 195/400 : Query Acc = 92.00, Avg Acc = 92.88% +- 0.57%
EuroSAT iteration 196/400 : Query Acc = 92.00, Avg Acc = 92.87% +- 0.57%
EuroSAT iteration 197/400 : Query Acc = 84.00, Avg Acc = 92.83% +- 0.57%
EuroSAT iteration 198/400 : Query Acc = 98.67, Avg Acc = 92.86% +- 0.57%
EuroSAT iteration 199/400 : Query Acc = 94.67, Avg Acc = 92.87% +- 0.57%
EuroSAT iteration 200/400 : Query Acc = 96.00, Avg Acc = 92.88% +- 0.57%
EuroSAT | 200 / 400 Acc = 92.88% +- 0.57%
EuroSAT iteration 201/400 : Query Acc = 92.00, Avg Acc = 92.88% +- 0.57%
EuroSAT iteration 202/400 : Query Acc = 97.33, Avg Acc = 92.90% +- 0.56%
EuroSAT iteration 203/400 : Query Acc = 96.00, Avg Acc = 92.92% +- 0.56%
EuroSAT iteration 204/400 : Query Acc = 97.33, Avg Acc = 92.94% +- 0.56%
EuroSAT iteration 205/400 : Query Acc = 98.67, Avg Acc = 92.96% +- 0.56%
EuroSAT iteration 206/400 : Query Acc = 92.00, Avg Acc = 92.96% +- 0.56%
EuroSAT iteration 207/400 : Query Acc = 94.67, Avg Acc = 92.97% +- 0.56%
EuroSAT iteration 208/400 : Query Acc = 93.33, Avg Acc = 92.97% +- 0.55%
EuroSAT iteration 209/400 : Query Acc = 90.67, Avg Acc = 92.96% +- 0.55%
EuroSAT iteration 210/400 : Query Acc = 90.67, Avg Acc = 92.95% +- 0.55%
EuroSAT iteration 211/400 : Query Acc = 96.00, Avg Acc = 92.96% +- 0.55%
EuroSAT iteration 212/400 : Query Acc = 96.00, Avg Acc = 92.98% +- 0.55%
EuroSAT iteration 213/400 : Query Acc = 85.33, Avg Acc = 92.94% +- 0.55%
EuroSAT iteration 214/400 : Query Acc = 94.67, Avg Acc = 92.95% +- 0.54%
EuroSAT iteration 215/400 : Query Acc = 89.33, Avg Acc = 92.93% +- 0.54%
EuroSAT iteration 216/400 : Query Acc = 89.33, Avg Acc = 92.92% +- 0.54%
EuroSAT iteration 217/400 : Query Acc = 93.33, Avg Acc = 92.92% +- 0.54%
EuroSAT iteration 218/400 : Query Acc = 85.33, Avg Acc = 92.88% +- 0.54%
EuroSAT iteration 219/400 : Query Acc = 93.33, Avg Acc = 92.88% +- 0.54%
EuroSAT iteration 220/400 : Query Acc = 93.33, Avg Acc = 92.89% +- 0.54%
EuroSAT iteration 221/400 : Query Acc = 94.67, Avg Acc = 92.89% +- 0.53%
EuroSAT iteration 222/400 : Query Acc = 88.00, Avg Acc = 92.87% +- 0.53%
EuroSAT iteration 223/400 : Query Acc = 94.67, Avg Acc = 92.88% +- 0.53%
EuroSAT iteration 224/400 : Query Acc = 96.00, Avg Acc = 92.89% +- 0.53%
EuroSAT iteration 225/400 : Query Acc = 89.33, Avg Acc = 92.88% +- 0.53%
EuroSAT iteration 226/400 : Query Acc = 89.33, Avg Acc = 92.86% +- 0.53%
EuroSAT iteration 227/400 : Query Acc = 96.00, Avg Acc = 92.88% +- 0.52%
EuroSAT iteration 228/400 : Query Acc = 97.33, Avg Acc = 92.90% +- 0.52%
EuroSAT iteration 229/400 : Query Acc = 98.67, Avg Acc = 92.92% +- 0.52%
EuroSAT iteration 230/400 : Query Acc = 92.00, Avg Acc = 92.92% +- 0.52%
EuroSAT iteration 231/400 : Query Acc = 88.00, Avg Acc = 92.90% +- 0.52%
EuroSAT iteration 232/400 : Query Acc = 97.33, Avg Acc = 92.92% +- 0.52%
EuroSAT iteration 233/400 : Query Acc = 84.00, Avg Acc = 92.88% +- 0.52%
EuroSAT iteration 234/400 : Query Acc = 90.67, Avg Acc = 92.87% +- 0.52%
EuroSAT iteration 235/400 : Query Acc = 96.00, Avg Acc = 92.88% +- 0.52%
EuroSAT iteration 236/400 : Query Acc = 92.00, Avg Acc = 92.88% +- 0.52%
EuroSAT iteration 237/400 : Query Acc = 90.67, Avg Acc = 92.87% +- 0.52%
EuroSAT iteration 238/400 : Query Acc = 85.33, Avg Acc = 92.84% +- 0.52%
EuroSAT iteration 239/400 : Query Acc = 94.67, Avg Acc = 92.84% +- 0.52%
EuroSAT iteration 240/400 : Query Acc = 80.00, Avg Acc = 92.79% +- 0.52%
EuroSAT iteration 241/400 : Query Acc = 82.67, Avg Acc = 92.75% +- 0.53%
EuroSAT iteration 242/400 : Query Acc = 98.67, Avg Acc = 92.77% +- 0.53%
EuroSAT iteration 243/400 : Query Acc = 96.00, Avg Acc = 92.79% +- 0.53%
EuroSAT iteration 244/400 : Query Acc = 90.67, Avg Acc = 92.78% +- 0.52%
EuroSAT iteration 245/400 : Query Acc = 92.00, Avg Acc = 92.78% +- 0.52%
EuroSAT iteration 246/400 : Query Acc = 88.00, Avg Acc = 92.76% +- 0.52%
EuroSAT iteration 247/400 : Query Acc = 86.67, Avg Acc = 92.73% +- 0.52%
EuroSAT iteration 248/400 : Query Acc = 96.00, Avg Acc = 92.74% +- 0.52%
EuroSAT iteration 249/400 : Query Acc = 92.00, Avg Acc = 92.74% +- 0.52%
EuroSAT iteration 250/400 : Query Acc = 82.67, Avg Acc = 92.70% +- 0.52%
EuroSAT iteration 251/400 : Query Acc = 97.33, Avg Acc = 92.72% +- 0.52%
EuroSAT iteration 252/400 : Query Acc = 93.33, Avg Acc = 92.72% +- 0.52%
EuroSAT iteration 253/400 : Query Acc = 97.33, Avg Acc = 92.74% +- 0.52%
EuroSAT iteration 254/400 : Query Acc = 92.00, Avg Acc = 92.74% +- 0.52%
EuroSAT iteration 255/400 : Query Acc = 94.67, Avg Acc = 92.74% +- 0.51%
EuroSAT iteration 256/400 : Query Acc = 92.00, Avg Acc = 92.74% +- 0.51%
EuroSAT iteration 257/400 : Query Acc = 93.33, Avg Acc = 92.74% +- 0.51%
EuroSAT iteration 258/400 : Query Acc = 93.33, Avg Acc = 92.75% +- 0.51%
EuroSAT iteration 259/400 : Query Acc = 93.33, Avg Acc = 92.75% +- 0.51%
EuroSAT iteration 260/400 : Query Acc = 80.00, Avg Acc = 92.70% +- 0.51%
EuroSAT iteration 261/400 : Query Acc = 93.33, Avg Acc = 92.70% +- 0.51%
EuroSAT iteration 262/400 : Query Acc = 97.33, Avg Acc = 92.72% +- 0.51%
EuroSAT iteration 263/400 : Query Acc = 92.00, Avg Acc = 92.72% +- 0.51%
EuroSAT iteration 264/400 : Query Acc = 96.00, Avg Acc = 92.73% +- 0.51%
EuroSAT iteration 265/400 : Query Acc = 81.33, Avg Acc = 92.69% +- 0.51%
EuroSAT iteration 266/400 : Query Acc = 93.33, Avg Acc = 92.69% +- 0.51%
EuroSAT iteration 267/400 : Query Acc = 93.33, Avg Acc = 92.69% +- 0.51%
EuroSAT iteration 268/400 : Query Acc = 97.33, Avg Acc = 92.71% +- 0.51%
EuroSAT iteration 269/400 : Query Acc = 93.33, Avg Acc = 92.71% +- 0.51%
EuroSAT iteration 270/400 : Query Acc = 86.67, Avg Acc = 92.69% +- 0.51%
EuroSAT iteration 271/400 : Query Acc = 94.67, Avg Acc = 92.70% +- 0.50%
EuroSAT iteration 272/400 : Query Acc = 96.00, Avg Acc = 92.71% +- 0.50%
EuroSAT iteration 273/400 : Query Acc = 97.33, Avg Acc = 92.73% +- 0.50%
EuroSAT iteration 274/400 : Query Acc = 93.33, Avg Acc = 92.73% +- 0.50%
EuroSAT iteration 275/400 : Query Acc = 96.00, Avg Acc = 92.74% +- 0.50%
EuroSAT iteration 276/400 : Query Acc = 89.33, Avg Acc = 92.73% +- 0.50%
EuroSAT iteration 277/400 : Query Acc = 93.33, Avg Acc = 92.73% +- 0.50%
EuroSAT iteration 278/400 : Query Acc = 97.33, Avg Acc = 92.75% +- 0.50%
EuroSAT iteration 279/400 : Query Acc = 96.00, Avg Acc = 92.76% +- 0.49%
EuroSAT iteration 280/400 : Query Acc = 97.33, Avg Acc = 92.77% +- 0.49%
EuroSAT iteration 281/400 : Query Acc = 86.67, Avg Acc = 92.75% +- 0.49%
EuroSAT iteration 282/400 : Query Acc = 88.00, Avg Acc = 92.73% +- 0.49%
EuroSAT iteration 283/400 : Query Acc = 96.00, Avg Acc = 92.75% +- 0.49%
EuroSAT iteration 284/400 : Query Acc = 93.33, Avg Acc = 92.75% +- 0.49%
EuroSAT iteration 285/400 : Query Acc = 89.33, Avg Acc = 92.74% +- 0.49%
EuroSAT iteration 286/400 : Query Acc = 96.00, Avg Acc = 92.75% +- 0.49%
EuroSAT iteration 287/400 : Query Acc = 96.00, Avg Acc = 92.76% +- 0.49%
EuroSAT iteration 288/400 : Query Acc = 90.67, Avg Acc = 92.75% +- 0.49%
EuroSAT iteration 289/400 : Query Acc = 100.00, Avg Acc = 92.78% +- 0.49%
EuroSAT iteration 290/400 : Query Acc = 89.33, Avg Acc = 92.77% +- 0.49%
EuroSAT iteration 291/400 : Query Acc = 88.00, Avg Acc = 92.75% +- 0.48%
EuroSAT iteration 292/400 : Query Acc = 97.33, Avg Acc = 92.76% +- 0.48%
EuroSAT iteration 293/400 : Query Acc = 96.00, Avg Acc = 92.78% +- 0.48%
EuroSAT iteration 294/400 : Query Acc = 98.67, Avg Acc = 92.80% +- 0.48%
EuroSAT iteration 295/400 : Query Acc = 93.33, Avg Acc = 92.80% +- 0.48%
EuroSAT iteration 296/400 : Query Acc = 100.00, Avg Acc = 92.82% +- 0.48%
EuroSAT iteration 297/400 : Query Acc = 98.67, Avg Acc = 92.84% +- 0.48%
EuroSAT iteration 298/400 : Query Acc = 92.00, Avg Acc = 92.84% +- 0.48%
EuroSAT iteration 299/400 : Query Acc = 94.67, Avg Acc = 92.84% +- 0.48%
EuroSAT iteration 300/400 : Query Acc = 85.33, Avg Acc = 92.82% +- 0.48%
EuroSAT | 300 / 400 Acc = 92.82% +- 0.48%
EuroSAT iteration 301/400 : Query Acc = 94.67, Avg Acc = 92.83% +- 0.48%
EuroSAT iteration 302/400 : Query Acc = 94.67, Avg Acc = 92.83% +- 0.48%
EuroSAT iteration 303/400 : Query Acc = 97.33, Avg Acc = 92.85% +- 0.48%
EuroSAT iteration 304/400 : Query Acc = 78.67, Avg Acc = 92.80% +- 0.48%
EuroSAT iteration 305/400 : Query Acc = 98.67, Avg Acc = 92.82% +- 0.48%
EuroSAT iteration 306/400 : Query Acc = 94.67, Avg Acc = 92.83% +- 0.48%
EuroSAT iteration 307/400 : Query Acc = 93.33, Avg Acc = 92.83% +- 0.48%
EuroSAT iteration 308/400 : Query Acc = 89.33, Avg Acc = 92.82% +- 0.48%
EuroSAT iteration 309/400 : Query Acc = 90.67, Avg Acc = 92.81% +- 0.48%
EuroSAT iteration 310/400 : Query Acc = 88.00, Avg Acc = 92.79% +- 0.48%
EuroSAT iteration 311/400 : Query Acc = 94.67, Avg Acc = 92.80% +- 0.48%
EuroSAT iteration 312/400 : Query Acc = 90.67, Avg Acc = 92.79% +- 0.47%
EuroSAT iteration 313/400 : Query Acc = 88.00, Avg Acc = 92.78% +- 0.47%
EuroSAT iteration 314/400 : Query Acc = 92.00, Avg Acc = 92.77% +- 0.47%
EuroSAT iteration 315/400 : Query Acc = 97.33, Avg Acc = 92.79% +- 0.47%
EuroSAT iteration 316/400 : Query Acc = 96.00, Avg Acc = 92.80% +- 0.47%
EuroSAT iteration 317/400 : Query Acc = 93.33, Avg Acc = 92.80% +- 0.47%
EuroSAT iteration 318/400 : Query Acc = 92.00, Avg Acc = 92.80% +- 0.47%
EuroSAT iteration 319/400 : Query Acc = 96.00, Avg Acc = 92.81% +- 0.47%
EuroSAT iteration 320/400 : Query Acc = 90.67, Avg Acc = 92.80% +- 0.47%
EuroSAT iteration 321/400 : Query Acc = 96.00, Avg Acc = 92.81% +- 0.46%
EuroSAT iteration 322/400 : Query Acc = 96.00, Avg Acc = 92.82% +- 0.46%
EuroSAT iteration 323/400 : Query Acc = 93.33, Avg Acc = 92.82% +- 0.46%
EuroSAT iteration 324/400 : Query Acc = 98.67, Avg Acc = 92.84% +- 0.46%
EuroSAT iteration 325/400 : Query Acc = 100.00, Avg Acc = 92.86% +- 0.46%
EuroSAT iteration 326/400 : Query Acc = 84.00, Avg Acc = 92.84% +- 0.46%
EuroSAT iteration 327/400 : Query Acc = 90.67, Avg Acc = 92.83% +- 0.46%
EuroSAT iteration 328/400 : Query Acc = 96.00, Avg Acc = 92.84% +- 0.46%
EuroSAT iteration 329/400 : Query Acc = 96.00, Avg Acc = 92.85% +- 0.46%
EuroSAT iteration 330/400 : Query Acc = 89.33, Avg Acc = 92.84% +- 0.46%
EuroSAT iteration 331/400 : Query Acc = 94.67, Avg Acc = 92.84% +- 0.46%
EuroSAT iteration 332/400 : Query Acc = 89.33, Avg Acc = 92.83% +- 0.46%
EuroSAT iteration 333/400 : Query Acc = 98.67, Avg Acc = 92.85% +- 0.46%
EuroSAT iteration 334/400 : Query Acc = 97.33, Avg Acc = 92.86% +- 0.46%
EuroSAT iteration 335/400 : Query Acc = 88.00, Avg Acc = 92.85% +- 0.46%
EuroSAT iteration 336/400 : Query Acc = 96.00, Avg Acc = 92.86% +- 0.46%
EuroSAT iteration 337/400 : Query Acc = 90.67, Avg Acc = 92.85% +- 0.45%
EuroSAT iteration 338/400 : Query Acc = 93.33, Avg Acc = 92.85% +- 0.45%
EuroSAT iteration 339/400 : Query Acc = 92.00, Avg Acc = 92.85% +- 0.45%
EuroSAT iteration 340/400 : Query Acc = 93.33, Avg Acc = 92.85% +- 0.45%
EuroSAT iteration 341/400 : Query Acc = 89.33, Avg Acc = 92.84% +- 0.45%
EuroSAT iteration 342/400 : Query Acc = 93.33, Avg Acc = 92.84% +- 0.45%
EuroSAT iteration 343/400 : Query Acc = 96.00, Avg Acc = 92.85% +- 0.45%
EuroSAT iteration 344/400 : Query Acc = 97.33, Avg Acc = 92.87% +- 0.45%
EuroSAT iteration 345/400 : Query Acc = 94.67, Avg Acc = 92.87% +- 0.45%
EuroSAT iteration 346/400 : Query Acc = 94.67, Avg Acc = 92.88% +- 0.44%
EuroSAT iteration 347/400 : Query Acc = 100.00, Avg Acc = 92.90% +- 0.44%
EuroSAT iteration 348/400 : Query Acc = 98.67, Avg Acc = 92.91% +- 0.44%
EuroSAT iteration 349/400 : Query Acc = 98.67, Avg Acc = 92.93% +- 0.44%
EuroSAT iteration 350/400 : Query Acc = 94.67, Avg Acc = 92.93% +- 0.44%
EuroSAT iteration 351/400 : Query Acc = 97.33, Avg Acc = 92.95% +- 0.44%
EuroSAT iteration 352/400 : Query Acc = 90.67, Avg Acc = 92.94% +- 0.44%
EuroSAT iteration 353/400 : Query Acc = 92.00, Avg Acc = 92.94% +- 0.44%
EuroSAT iteration 354/400 : Query Acc = 89.33, Avg Acc = 92.93% +- 0.44%
EuroSAT iteration 355/400 : Query Acc = 96.00, Avg Acc = 92.94% +- 0.44%
EuroSAT iteration 356/400 : Query Acc = 93.33, Avg Acc = 92.94% +- 0.44%
EuroSAT iteration 357/400 : Query Acc = 94.67, Avg Acc = 92.94% +- 0.44%
EuroSAT iteration 358/400 : Query Acc = 85.33, Avg Acc = 92.92% +- 0.44%
EuroSAT iteration 359/400 : Query Acc = 89.33, Avg Acc = 92.91% +- 0.44%
EuroSAT iteration 360/400 : Query Acc = 92.00, Avg Acc = 92.91% +- 0.44%
EuroSAT iteration 361/400 : Query Acc = 94.67, Avg Acc = 92.91% +- 0.43%
EuroSAT iteration 362/400 : Query Acc = 94.67, Avg Acc = 92.92% +- 0.43%
EuroSAT iteration 363/400 : Query Acc = 93.33, Avg Acc = 92.92% +- 0.43%
EuroSAT iteration 364/400 : Query Acc = 98.67, Avg Acc = 92.94% +- 0.43%
EuroSAT iteration 365/400 : Query Acc = 96.00, Avg Acc = 92.94% +- 0.43%
EuroSAT iteration 366/400 : Query Acc = 92.00, Avg Acc = 92.94% +- 0.43%
EuroSAT iteration 367/400 : Query Acc = 84.00, Avg Acc = 92.92% +- 0.43%
EuroSAT iteration 368/400 : Query Acc = 86.67, Avg Acc = 92.90% +- 0.43%
EuroSAT iteration 369/400 : Query Acc = 92.00, Avg Acc = 92.90% +- 0.43%
EuroSAT iteration 370/400 : Query Acc = 93.33, Avg Acc = 92.90% +- 0.43%
EuroSAT iteration 371/400 : Query Acc = 90.67, Avg Acc = 92.89% +- 0.43%
EuroSAT iteration 372/400 : Query Acc = 98.67, Avg Acc = 92.91% +- 0.43%
EuroSAT iteration 373/400 : Query Acc = 86.67, Avg Acc = 92.89% +- 0.43%
EuroSAT iteration 374/400 : Query Acc = 92.00, Avg Acc = 92.89% +- 0.43%
EuroSAT iteration 375/400 : Query Acc = 90.67, Avg Acc = 92.88% +- 0.43%
EuroSAT iteration 376/400 : Query Acc = 85.33, Avg Acc = 92.86% +- 0.43%
EuroSAT iteration 377/400 : Query Acc = 88.00, Avg Acc = 92.85% +- 0.43%
EuroSAT iteration 378/400 : Query Acc = 89.33, Avg Acc = 92.84% +- 0.43%
EuroSAT iteration 379/400 : Query Acc = 96.00, Avg Acc = 92.85% +- 0.42%
EuroSAT iteration 380/400 : Query Acc = 80.00, Avg Acc = 92.82% +- 0.43%
EuroSAT iteration 381/400 : Query Acc = 88.00, Avg Acc = 92.80% +- 0.43%
EuroSAT iteration 382/400 : Query Acc = 94.67, Avg Acc = 92.81% +- 0.43%
EuroSAT iteration 383/400 : Query Acc = 89.33, Avg Acc = 92.80% +- 0.43%
EuroSAT iteration 384/400 : Query Acc = 93.33, Avg Acc = 92.80% +- 0.43%
EuroSAT iteration 385/400 : Query Acc = 94.67, Avg Acc = 92.80% +- 0.42%
EuroSAT iteration 386/400 : Query Acc = 93.33, Avg Acc = 92.81% +- 0.42%
EuroSAT iteration 387/400 : Query Acc = 92.00, Avg Acc = 92.80% +- 0.42%
EuroSAT iteration 388/400 : Query Acc = 90.67, Avg Acc = 92.80% +- 0.42%
EuroSAT iteration 389/400 : Query Acc = 97.33, Avg Acc = 92.81% +- 0.42%
EuroSAT iteration 390/400 : Query Acc = 96.00, Avg Acc = 92.82% +- 0.42%
EuroSAT iteration 391/400 : Query Acc = 94.67, Avg Acc = 92.82% +- 0.42%
EuroSAT iteration 392/400 : Query Acc = 96.00, Avg Acc = 92.83% +- 0.42%
EuroSAT iteration 393/400 : Query Acc = 93.33, Avg Acc = 92.83% +- 0.42%
EuroSAT iteration 394/400 : Query Acc = 94.67, Avg Acc = 92.84% +- 0.42%
EuroSAT iteration 395/400 : Query Acc = 94.67, Avg Acc = 92.84% +- 0.42%
EuroSAT iteration 396/400 : Query Acc = 98.67, Avg Acc = 92.86% +- 0.42%
EuroSAT iteration 397/400 : Query Acc = 92.00, Avg Acc = 92.85% +- 0.41%
EuroSAT iteration 398/400 : Query Acc = 78.67, Avg Acc = 92.82% +- 0.42%
EuroSAT iteration 399/400 : Query Acc = 86.67, Avg Acc = 92.80% +- 0.42%
Euro 400 Test Acc = 92.80% +- 0.42%
全部完成 2026-10-05 04:46:41
400 個 episode  /home/ccoliu/atha_dumps/EuroSAT_5shot_seed1
baseline（inductive，模型輸出）：92.80

設定（初始化:gamma）              準確率         − baseline（配對）
model4:0.002             93.01     +0.21 ± 0.09 *

* = 配對 CI 不含 0
TRANSCLIP_5SHOT_DONE EuroSAT
>>> [ATHA dump] ISIC 5-shot aug=1 seed=1 n=400  2026-10-05 04:47:39
set seed = 1
FineTune! 5 shots on ISIC dataset
ISIC iteration 0/400 : Query Acc = 69.33, Avg Acc = 69.33% +- 0.00%
ISIC | 0 / 400 Acc = 69.33% +- 0.00%
ISIC iteration 1/400 : Query Acc = 60.00, Avg Acc = 64.67% +- 6.47%
ISIC iteration 2/400 : Query Acc = 64.00, Avg Acc = 64.44% +- 4.33%
ISIC iteration 3/400 : Query Acc = 50.67, Avg Acc = 61.00% +- 6.69%
ISIC iteration 4/400 : Query Acc = 65.33, Avg Acc = 61.87% +- 5.56%
ISIC iteration 5/400 : Query Acc = 58.67, Avg Acc = 61.33% +- 4.73%
ISIC iteration 6/400 : Query Acc = 45.33, Avg Acc = 59.05% +- 5.80%
ISIC iteration 7/400 : Query Acc = 68.00, Avg Acc = 60.17% +- 5.47%
ISIC iteration 8/400 : Query Acc = 68.00, Avg Acc = 61.04% +- 5.13%
ISIC iteration 9/400 : Query Acc = 37.33, Avg Acc = 58.67% +- 6.38%
ISIC iteration 10/400 : Query Acc = 64.00, Avg Acc = 59.15% +- 5.87%
ISIC iteration 11/400 : Query Acc = 56.00, Avg Acc = 58.89% +- 5.40%
ISIC iteration 12/400 : Query Acc = 54.67, Avg Acc = 58.56% +- 5.03%
ISIC iteration 13/400 : Query Acc = 64.00, Avg Acc = 58.95% +- 4.72%
ISIC iteration 14/400 : Query Acc = 58.67, Avg Acc = 58.93% +- 4.41%
ISIC iteration 15/400 : Query Acc = 60.00, Avg Acc = 59.00% +- 4.14%
ISIC iteration 16/400 : Query Acc = 57.33, Avg Acc = 58.90% +- 3.90%
ISIC iteration 17/400 : Query Acc = 53.33, Avg Acc = 58.59% +- 3.73%
ISIC iteration 18/400 : Query Acc = 52.00, Avg Acc = 58.25% +- 3.59%
ISIC iteration 19/400 : Query Acc = 74.67, Avg Acc = 59.07% +- 3.76%
ISIC iteration 20/400 : Query Acc = 56.00, Avg Acc = 58.92% +- 3.59%
ISIC iteration 21/400 : Query Acc = 42.67, Avg Acc = 58.18% +- 3.71%
ISIC iteration 22/400 : Query Acc = 53.33, Avg Acc = 57.97% +- 3.57%
ISIC iteration 23/400 : Query Acc = 68.00, Avg Acc = 58.39% +- 3.51%
ISIC iteration 24/400 : Query Acc = 60.00, Avg Acc = 58.45% +- 3.37%
ISIC iteration 25/400 : Query Acc = 62.67, Avg Acc = 58.62% +- 3.26%
ISIC iteration 26/400 : Query Acc = 54.67, Avg Acc = 58.47% +- 3.15%
ISIC iteration 27/400 : Query Acc = 58.67, Avg Acc = 58.48% +- 3.04%
ISIC iteration 28/400 : Query Acc = 49.33, Avg Acc = 58.16% +- 3.00%
ISIC iteration 29/400 : Query Acc = 46.67, Avg Acc = 57.78% +- 2.99%
ISIC iteration 30/400 : Query Acc = 65.33, Avg Acc = 58.02% +- 2.93%
ISIC iteration 31/400 : Query Acc = 57.33, Avg Acc = 58.00% +- 2.84%
ISIC iteration 32/400 : Query Acc = 64.00, Avg Acc = 58.18% +- 2.77%
ISIC iteration 33/400 : Query Acc = 52.00, Avg Acc = 58.00% +- 2.72%
ISIC iteration 34/400 : Query Acc = 73.33, Avg Acc = 58.44% +- 2.77%
ISIC iteration 35/400 : Query Acc = 50.67, Avg Acc = 58.22% +- 2.73%
ISIC iteration 36/400 : Query Acc = 60.00, Avg Acc = 58.27% +- 2.65%
ISIC iteration 37/400 : Query Acc = 38.67, Avg Acc = 57.75% +- 2.77%
ISIC iteration 38/400 : Query Acc = 58.67, Avg Acc = 57.78% +- 2.70%
ISIC iteration 39/400 : Query Acc = 65.33, Avg Acc = 57.97% +- 2.66%
ISIC iteration 40/400 : Query Acc = 40.00, Avg Acc = 57.53% +- 2.73%
ISIC iteration 41/400 : Query Acc = 53.33, Avg Acc = 57.43% +- 2.67%
ISIC iteration 42/400 : Query Acc = 60.00, Avg Acc = 57.49% +- 2.61%
ISIC iteration 43/400 : Query Acc = 58.67, Avg Acc = 57.52% +- 2.55%
ISIC iteration 44/400 : Query Acc = 68.00, Avg Acc = 57.75% +- 2.54%
ISIC iteration 45/400 : Query Acc = 54.67, Avg Acc = 57.68% +- 2.48%
ISIC iteration 46/400 : Query Acc = 68.00, Avg Acc = 57.90% +- 2.47%
ISIC iteration 47/400 : Query Acc = 58.67, Avg Acc = 57.92% +- 2.42%
ISIC iteration 48/400 : Query Acc = 57.33, Avg Acc = 57.90% +- 2.37%
ISIC iteration 49/400 : Query Acc = 54.67, Avg Acc = 57.84% +- 2.32%
ISIC iteration 50/400 : Query Acc = 40.00, Avg Acc = 57.49% +- 2.38%
ISIC iteration 51/400 : Query Acc = 49.33, Avg Acc = 57.33% +- 2.35%
ISIC iteration 52/400 : Query Acc = 62.67, Avg Acc = 57.43% +- 2.31%
ISIC iteration 53/400 : Query Acc = 62.67, Avg Acc = 57.53% +- 2.28%
ISIC iteration 54/400 : Query Acc = 50.67, Avg Acc = 57.41% +- 2.25%
ISIC iteration 55/400 : Query Acc = 58.67, Avg Acc = 57.43% +- 2.21%
ISIC iteration 56/400 : Query Acc = 52.00, Avg Acc = 57.33% +- 2.18%
ISIC iteration 57/400 : Query Acc = 52.00, Avg Acc = 57.24% +- 2.15%
ISIC iteration 58/400 : Query Acc = 64.00, Avg Acc = 57.36% +- 2.13%
ISIC iteration 59/400 : Query Acc = 76.00, Avg Acc = 57.67% +- 2.18%
ISIC iteration 60/400 : Query Acc = 57.33, Avg Acc = 57.66% +- 2.14%
ISIC iteration 61/400 : Query Acc = 62.67, Avg Acc = 57.74% +- 2.11%
ISIC iteration 62/400 : Query Acc = 52.00, Avg Acc = 57.65% +- 2.09%
ISIC iteration 63/400 : Query Acc = 53.33, Avg Acc = 57.58% +- 2.06%
ISIC iteration 64/400 : Query Acc = 54.67, Avg Acc = 57.54% +- 2.03%
ISIC iteration 65/400 : Query Acc = 58.67, Avg Acc = 57.56% +- 2.00%
ISIC iteration 66/400 : Query Acc = 65.33, Avg Acc = 57.67% +- 1.98%
ISIC iteration 67/400 : Query Acc = 69.33, Avg Acc = 57.84% +- 1.98%
ISIC iteration 68/400 : Query Acc = 50.67, Avg Acc = 57.74% +- 1.96%
ISIC iteration 69/400 : Query Acc = 57.33, Avg Acc = 57.73% +- 1.93%
ISIC iteration 70/400 : Query Acc = 62.67, Avg Acc = 57.80% +- 1.91%
ISIC iteration 71/400 : Query Acc = 66.67, Avg Acc = 57.93% +- 1.90%
ISIC iteration 72/400 : Query Acc = 46.67, Avg Acc = 57.77% +- 1.90%
ISIC iteration 73/400 : Query Acc = 49.33, Avg Acc = 57.66% +- 1.88%
ISIC iteration 74/400 : Query Acc = 49.33, Avg Acc = 57.55% +- 1.87%
ISIC iteration 75/400 : Query Acc = 64.00, Avg Acc = 57.63% +- 1.85%
ISIC iteration 76/400 : Query Acc = 52.00, Avg Acc = 57.56% +- 1.84%
ISIC iteration 77/400 : Query Acc = 62.67, Avg Acc = 57.62% +- 1.82%
ISIC iteration 78/400 : Query Acc = 36.00, Avg Acc = 57.35% +- 1.87%
ISIC iteration 79/400 : Query Acc = 53.33, Avg Acc = 57.30% +- 1.85%
ISIC iteration 80/400 : Query Acc = 46.67, Avg Acc = 57.17% +- 1.85%
ISIC iteration 81/400 : Query Acc = 50.67, Avg Acc = 57.09% +- 1.83%
ISIC iteration 82/400 : Query Acc = 64.00, Avg Acc = 57.17% +- 1.81%
ISIC iteration 83/400 : Query Acc = 53.33, Avg Acc = 57.13% +- 1.80%
ISIC iteration 84/400 : Query Acc = 49.33, Avg Acc = 57.04% +- 1.78%
ISIC iteration 85/400 : Query Acc = 44.00, Avg Acc = 56.88% +- 1.79%
ISIC iteration 86/400 : Query Acc = 49.33, Avg Acc = 56.80% +- 1.77%
ISIC iteration 87/400 : Query Acc = 48.00, Avg Acc = 56.70% +- 1.77%
ISIC iteration 88/400 : Query Acc = 60.00, Avg Acc = 56.73% +- 1.75%
ISIC iteration 89/400 : Query Acc = 68.00, Avg Acc = 56.86% +- 1.74%
ISIC iteration 90/400 : Query Acc = 69.33, Avg Acc = 57.00% +- 1.75%
ISIC iteration 91/400 : Query Acc = 57.33, Avg Acc = 57.00% +- 1.73%
ISIC iteration 92/400 : Query Acc = 50.67, Avg Acc = 56.93% +- 1.71%
ISIC iteration 93/400 : Query Acc = 61.33, Avg Acc = 56.98% +- 1.70%
ISIC iteration 94/400 : Query Acc = 50.67, Avg Acc = 56.91% +- 1.69%
ISIC iteration 95/400 : Query Acc = 57.33, Avg Acc = 56.92% +- 1.67%
ISIC iteration 96/400 : Query Acc = 50.67, Avg Acc = 56.85% +- 1.66%
ISIC iteration 97/400 : Query Acc = 68.00, Avg Acc = 56.97% +- 1.65%
ISIC iteration 98/400 : Query Acc = 64.00, Avg Acc = 57.04% +- 1.64%
ISIC iteration 99/400 : Query Acc = 64.00, Avg Acc = 57.11% +- 1.63%
ISIC iteration 100/400 : Query Acc = 61.33, Avg Acc = 57.15% +- 1.62%
ISIC | 100 / 400 Acc = 57.15% +- 1.62%
ISIC iteration 101/400 : Query Acc = 60.00, Avg Acc = 57.18% +- 1.60%
ISIC iteration 102/400 : Query Acc = 49.33, Avg Acc = 57.10% +- 1.59%
ISIC iteration 103/400 : Query Acc = 52.00, Avg Acc = 57.05% +- 1.58%
ISIC iteration 104/400 : Query Acc = 64.00, Avg Acc = 57.12% +- 1.57%
ISIC iteration 105/400 : Query Acc = 48.00, Avg Acc = 57.03% +- 1.57%
ISIC iteration 106/400 : Query Acc = 53.33, Avg Acc = 57.00% +- 1.55%
ISIC iteration 107/400 : Query Acc = 53.33, Avg Acc = 56.96% +- 1.54%
ISIC iteration 108/400 : Query Acc = 42.67, Avg Acc = 56.83% +- 1.55%
ISIC iteration 109/400 : Query Acc = 58.67, Avg Acc = 56.85% +- 1.53%
ISIC iteration 110/400 : Query Acc = 52.00, Avg Acc = 56.80% +- 1.52%
ISIC iteration 111/400 : Query Acc = 57.33, Avg Acc = 56.81% +- 1.51%
ISIC iteration 112/400 : Query Acc = 38.67, Avg Acc = 56.65% +- 1.53%
ISIC iteration 113/400 : Query Acc = 40.00, Avg Acc = 56.50% +- 1.54%
ISIC iteration 114/400 : Query Acc = 72.00, Avg Acc = 56.64% +- 1.55%
ISIC iteration 115/400 : Query Acc = 49.33, Avg Acc = 56.57% +- 1.54%
ISIC iteration 116/400 : Query Acc = 56.00, Avg Acc = 56.57% +- 1.53%
ISIC iteration 117/400 : Query Acc = 44.00, Avg Acc = 56.46% +- 1.53%
ISIC iteration 118/400 : Query Acc = 46.67, Avg Acc = 56.38% +- 1.53%
ISIC iteration 119/400 : Query Acc = 69.33, Avg Acc = 56.49% +- 1.53%
ISIC iteration 120/400 : Query Acc = 58.67, Avg Acc = 56.51% +- 1.51%
ISIC iteration 121/400 : Query Acc = 52.00, Avg Acc = 56.47% +- 1.50%
ISIC iteration 122/400 : Query Acc = 49.33, Avg Acc = 56.41% +- 1.50%
ISIC iteration 123/400 : Query Acc = 58.67, Avg Acc = 56.43% +- 1.48%
ISIC iteration 124/400 : Query Acc = 54.67, Avg Acc = 56.42% +- 1.47%
ISIC iteration 125/400 : Query Acc = 65.33, Avg Acc = 56.49% +- 1.47%
ISIC iteration 126/400 : Query Acc = 52.00, Avg Acc = 56.45% +- 1.46%
ISIC iteration 127/400 : Query Acc = 52.00, Avg Acc = 56.42% +- 1.45%
ISIC iteration 128/400 : Query Acc = 52.00, Avg Acc = 56.38% +- 1.44%
ISIC iteration 129/400 : Query Acc = 61.33, Avg Acc = 56.42% +- 1.43%
ISIC iteration 130/400 : Query Acc = 46.67, Avg Acc = 56.35% +- 1.43%
ISIC iteration 131/400 : Query Acc = 54.67, Avg Acc = 56.33% +- 1.42%
ISIC iteration 132/400 : Query Acc = 54.67, Avg Acc = 56.32% +- 1.40%
ISIC iteration 133/400 : Query Acc = 56.00, Avg Acc = 56.32% +- 1.39%
ISIC iteration 134/400 : Query Acc = 48.00, Avg Acc = 56.26% +- 1.39%
ISIC iteration 135/400 : Query Acc = 61.33, Avg Acc = 56.29% +- 1.38%
ISIC iteration 136/400 : Query Acc = 70.67, Avg Acc = 56.40% +- 1.39%
ISIC iteration 137/400 : Query Acc = 54.67, Avg Acc = 56.39% +- 1.38%
ISIC iteration 138/400 : Query Acc = 46.67, Avg Acc = 56.32% +- 1.37%
ISIC iteration 139/400 : Query Acc = 54.67, Avg Acc = 56.30% +- 1.36%
ISIC iteration 140/400 : Query Acc = 48.00, Avg Acc = 56.25% +- 1.36%
ISIC iteration 141/400 : Query Acc = 60.00, Avg Acc = 56.27% +- 1.35%
ISIC iteration 142/400 : Query Acc = 54.67, Avg Acc = 56.26% +- 1.34%
ISIC iteration 143/400 : Query Acc = 62.67, Avg Acc = 56.31% +- 1.33%
ISIC iteration 144/400 : Query Acc = 61.33, Avg Acc = 56.34% +- 1.33%
ISIC iteration 145/400 : Query Acc = 52.00, Avg Acc = 56.31% +- 1.32%
ISIC iteration 146/400 : Query Acc = 61.33, Avg Acc = 56.34% +- 1.31%
ISIC iteration 147/400 : Query Acc = 45.33, Avg Acc = 56.27% +- 1.31%
ISIC iteration 148/400 : Query Acc = 49.33, Avg Acc = 56.22% +- 1.31%
ISIC iteration 149/400 : Query Acc = 52.00, Avg Acc = 56.20% +- 1.30%
ISIC iteration 150/400 : Query Acc = 57.33, Avg Acc = 56.20% +- 1.29%
ISIC iteration 151/400 : Query Acc = 49.33, Avg Acc = 56.16% +- 1.28%
ISIC iteration 152/400 : Query Acc = 60.00, Avg Acc = 56.18% +- 1.28%
ISIC iteration 153/400 : Query Acc = 44.00, Avg Acc = 56.10% +- 1.28%
ISIC iteration 154/400 : Query Acc = 46.67, Avg Acc = 56.04% +- 1.27%
ISIC iteration 155/400 : Query Acc = 60.00, Avg Acc = 56.07% +- 1.27%
ISIC iteration 156/400 : Query Acc = 49.33, Avg Acc = 56.03% +- 1.26%
ISIC iteration 157/400 : Query Acc = 50.67, Avg Acc = 55.99% +- 1.26%
ISIC iteration 158/400 : Query Acc = 64.00, Avg Acc = 56.04% +- 1.25%
ISIC iteration 159/400 : Query Acc = 52.00, Avg Acc = 56.02% +- 1.25%
ISIC iteration 160/400 : Query Acc = 58.67, Avg Acc = 56.03% +- 1.24%
ISIC iteration 161/400 : Query Acc = 56.00, Avg Acc = 56.03% +- 1.23%
ISIC iteration 162/400 : Query Acc = 65.33, Avg Acc = 56.09% +- 1.23%
ISIC iteration 163/400 : Query Acc = 60.00, Avg Acc = 56.11% +- 1.22%
ISIC iteration 164/400 : Query Acc = 29.33, Avg Acc = 55.95% +- 1.25%
ISIC iteration 165/400 : Query Acc = 54.67, Avg Acc = 55.94% +- 1.25%
ISIC iteration 166/400 : Query Acc = 73.33, Avg Acc = 56.05% +- 1.26%
ISIC iteration 167/400 : Query Acc = 57.33, Avg Acc = 56.06% +- 1.25%
ISIC iteration 168/400 : Query Acc = 49.33, Avg Acc = 56.02% +- 1.24%
ISIC iteration 169/400 : Query Acc = 53.33, Avg Acc = 56.00% +- 1.24%
ISIC iteration 170/400 : Query Acc = 48.00, Avg Acc = 55.95% +- 1.23%
ISIC iteration 171/400 : Query Acc = 58.67, Avg Acc = 55.97% +- 1.23%
ISIC iteration 172/400 : Query Acc = 64.00, Avg Acc = 56.02% +- 1.22%
ISIC iteration 173/400 : Query Acc = 60.00, Avg Acc = 56.04% +- 1.22%
ISIC iteration 174/400 : Query Acc = 53.33, Avg Acc = 56.02% +- 1.21%
ISIC iteration 175/400 : Query Acc = 64.00, Avg Acc = 56.07% +- 1.21%
ISIC iteration 176/400 : Query Acc = 52.00, Avg Acc = 56.05% +- 1.20%
ISIC iteration 177/400 : Query Acc = 49.33, Avg Acc = 56.01% +- 1.20%
ISIC iteration 178/400 : Query Acc = 61.33, Avg Acc = 56.04% +- 1.19%
ISIC iteration 179/400 : Query Acc = 62.67, Avg Acc = 56.07% +- 1.19%
ISIC iteration 180/400 : Query Acc = 49.33, Avg Acc = 56.04% +- 1.18%
ISIC iteration 181/400 : Query Acc = 60.00, Avg Acc = 56.06% +- 1.18%
ISIC iteration 182/400 : Query Acc = 68.00, Avg Acc = 56.12% +- 1.18%
ISIC iteration 183/400 : Query Acc = 54.67, Avg Acc = 56.12% +- 1.17%
ISIC iteration 184/400 : Query Acc = 41.33, Avg Acc = 56.04% +- 1.17%
ISIC iteration 185/400 : Query Acc = 62.67, Avg Acc = 56.07% +- 1.17%
ISIC iteration 186/400 : Query Acc = 56.00, Avg Acc = 56.07% +- 1.16%
ISIC iteration 187/400 : Query Acc = 50.67, Avg Acc = 56.04% +- 1.16%
ISIC iteration 188/400 : Query Acc = 46.67, Avg Acc = 55.99% +- 1.16%
ISIC iteration 189/400 : Query Acc = 68.00, Avg Acc = 56.06% +- 1.16%
ISIC iteration 190/400 : Query Acc = 62.67, Avg Acc = 56.09% +- 1.15%
ISIC iteration 191/400 : Query Acc = 60.00, Avg Acc = 56.11% +- 1.15%
ISIC iteration 192/400 : Query Acc = 53.33, Avg Acc = 56.10% +- 1.14%
ISIC iteration 193/400 : Query Acc = 53.33, Avg Acc = 56.08% +- 1.14%
ISIC iteration 194/400 : Query Acc = 48.00, Avg Acc = 56.04% +- 1.13%
ISIC iteration 195/400 : Query Acc = 60.00, Avg Acc = 56.06% +- 1.13%
ISIC iteration 196/400 : Query Acc = 60.00, Avg Acc = 56.08% +- 1.12%
ISIC iteration 197/400 : Query Acc = 42.67, Avg Acc = 56.01% +- 1.13%
ISIC iteration 198/400 : Query Acc = 54.67, Avg Acc = 56.01% +- 1.12%
ISIC iteration 199/400 : Query Acc = 61.33, Avg Acc = 56.03% +- 1.12%
ISIC iteration 200/400 : Query Acc = 56.00, Avg Acc = 56.03% +- 1.11%
ISIC | 200 / 400 Acc = 56.03% +- 1.11%
ISIC iteration 201/400 : Query Acc = 58.67, Avg Acc = 56.05% +- 1.11%
ISIC iteration 202/400 : Query Acc = 60.00, Avg Acc = 56.07% +- 1.10%
ISIC iteration 203/400 : Query Acc = 80.00, Avg Acc = 56.18% +- 1.12%
ISIC iteration 204/400 : Query Acc = 52.00, Avg Acc = 56.16% +- 1.11%
ISIC iteration 205/400 : Query Acc = 64.00, Avg Acc = 56.20% +- 1.11%
ISIC iteration 206/400 : Query Acc = 68.00, Avg Acc = 56.26% +- 1.11%
ISIC iteration 207/400 : Query Acc = 42.67, Avg Acc = 56.19% +- 1.11%
ISIC iteration 208/400 : Query Acc = 46.67, Avg Acc = 56.15% +- 1.11%
ISIC iteration 209/400 : Query Acc = 56.00, Avg Acc = 56.15% +- 1.11%
ISIC iteration 210/400 : Query Acc = 46.67, Avg Acc = 56.10% +- 1.10%
ISIC iteration 211/400 : Query Acc = 65.33, Avg Acc = 56.14% +- 1.10%
ISIC iteration 212/400 : Query Acc = 65.33, Avg Acc = 56.19% +- 1.10%
ISIC iteration 213/400 : Query Acc = 57.33, Avg Acc = 56.19% +- 1.10%
ISIC iteration 214/400 : Query Acc = 58.67, Avg Acc = 56.20% +- 1.09%
ISIC iteration 215/400 : Query Acc = 56.00, Avg Acc = 56.20% +- 1.09%
ISIC iteration 216/400 : Query Acc = 56.00, Avg Acc = 56.20% +- 1.08%
ISIC iteration 217/400 : Query Acc = 52.00, Avg Acc = 56.18% +- 1.08%
ISIC iteration 218/400 : Query Acc = 62.67, Avg Acc = 56.21% +- 1.07%
ISIC iteration 219/400 : Query Acc = 60.00, Avg Acc = 56.23% +- 1.07%
ISIC iteration 220/400 : Query Acc = 53.33, Avg Acc = 56.22% +- 1.06%
ISIC iteration 221/400 : Query Acc = 56.00, Avg Acc = 56.22% +- 1.06%
ISIC iteration 222/400 : Query Acc = 49.33, Avg Acc = 56.19% +- 1.06%
ISIC iteration 223/400 : Query Acc = 64.00, Avg Acc = 56.22% +- 1.05%
ISIC iteration 224/400 : Query Acc = 50.67, Avg Acc = 56.20% +- 1.05%
ISIC iteration 225/400 : Query Acc = 61.33, Avg Acc = 56.22% +- 1.05%
ISIC iteration 226/400 : Query Acc = 54.67, Avg Acc = 56.21% +- 1.04%
ISIC iteration 227/400 : Query Acc = 68.00, Avg Acc = 56.26% +- 1.04%
ISIC iteration 228/400 : Query Acc = 66.67, Avg Acc = 56.31% +- 1.04%
ISIC iteration 229/400 : Query Acc = 49.33, Avg Acc = 56.28% +- 1.04%
ISIC iteration 230/400 : Query Acc = 62.67, Avg Acc = 56.31% +- 1.04%
ISIC iteration 231/400 : Query Acc = 60.00, Avg Acc = 56.32% +- 1.03%
ISIC iteration 232/400 : Query Acc = 66.67, Avg Acc = 56.37% +- 1.03%
ISIC iteration 233/400 : Query Acc = 36.00, Avg Acc = 56.28% +- 1.04%
ISIC iteration 234/400 : Query Acc = 56.00, Avg Acc = 56.28% +- 1.04%
ISIC iteration 235/400 : Query Acc = 60.00, Avg Acc = 56.29% +- 1.03%
ISIC iteration 236/400 : Query Acc = 46.67, Avg Acc = 56.25% +- 1.03%
ISIC iteration 237/400 : Query Acc = 53.33, Avg Acc = 56.24% +- 1.03%
ISIC iteration 238/400 : Query Acc = 66.67, Avg Acc = 56.28% +- 1.03%
ISIC iteration 239/400 : Query Acc = 46.67, Avg Acc = 56.24% +- 1.02%
ISIC iteration 240/400 : Query Acc = 68.00, Avg Acc = 56.29% +- 1.03%
ISIC iteration 241/400 : Query Acc = 56.00, Avg Acc = 56.29% +- 1.02%
ISIC iteration 242/400 : Query Acc = 65.33, Avg Acc = 56.33% +- 1.02%
ISIC iteration 243/400 : Query Acc = 61.33, Avg Acc = 56.35% +- 1.02%
ISIC iteration 244/400 : Query Acc = 68.00, Avg Acc = 56.40% +- 1.02%
ISIC iteration 245/400 : Query Acc = 42.67, Avg Acc = 56.34% +- 1.02%
ISIC iteration 246/400 : Query Acc = 48.00, Avg Acc = 56.31% +- 1.02%
ISIC iteration 247/400 : Query Acc = 61.33, Avg Acc = 56.33% +- 1.01%
ISIC iteration 248/400 : Query Acc = 68.00, Avg Acc = 56.37% +- 1.01%
ISIC iteration 249/400 : Query Acc = 57.33, Avg Acc = 56.38% +- 1.01%
ISIC iteration 250/400 : Query Acc = 60.00, Avg Acc = 56.39% +- 1.00%
ISIC iteration 251/400 : Query Acc = 50.67, Avg Acc = 56.37% +- 1.00%
ISIC iteration 252/400 : Query Acc = 65.33, Avg Acc = 56.41% +- 1.00%
ISIC iteration 253/400 : Query Acc = 58.67, Avg Acc = 56.41% +- 1.00%
ISIC iteration 254/400 : Query Acc = 52.00, Avg Acc = 56.40% +- 0.99%
ISIC iteration 255/400 : Query Acc = 65.33, Avg Acc = 56.43% +- 0.99%
ISIC iteration 256/400 : Query Acc = 50.67, Avg Acc = 56.41% +- 0.99%
ISIC iteration 257/400 : Query Acc = 49.33, Avg Acc = 56.38% +- 0.99%
ISIC iteration 258/400 : Query Acc = 57.33, Avg Acc = 56.39% +- 0.98%
ISIC iteration 259/400 : Query Acc = 62.67, Avg Acc = 56.41% +- 0.98%
ISIC iteration 260/400 : Query Acc = 49.33, Avg Acc = 56.38% +- 0.98%
ISIC iteration 261/400 : Query Acc = 56.00, Avg Acc = 56.38% +- 0.97%
ISIC iteration 262/400 : Query Acc = 66.67, Avg Acc = 56.42% +- 0.97%
ISIC iteration 263/400 : Query Acc = 46.67, Avg Acc = 56.38% +- 0.97%
ISIC iteration 264/400 : Query Acc = 45.33, Avg Acc = 56.34% +- 0.97%
ISIC iteration 265/400 : Query Acc = 40.00, Avg Acc = 56.28% +- 0.98%
ISIC iteration 266/400 : Query Acc = 52.00, Avg Acc = 56.26% +- 0.97%
ISIC iteration 267/400 : Query Acc = 50.67, Avg Acc = 56.24% +- 0.97%
ISIC iteration 268/400 : Query Acc = 54.67, Avg Acc = 56.24% +- 0.97%
ISIC iteration 269/400 : Query Acc = 45.33, Avg Acc = 56.20% +- 0.97%
ISIC iteration 270/400 : Query Acc = 60.00, Avg Acc = 56.21% +- 0.96%
ISIC iteration 271/400 : Query Acc = 52.00, Avg Acc = 56.20% +- 0.96%
ISIC iteration 272/400 : Query Acc = 54.67, Avg Acc = 56.19% +- 0.96%
ISIC iteration 273/400 : Query Acc = 50.67, Avg Acc = 56.17% +- 0.95%
ISIC iteration 274/400 : Query Acc = 37.33, Avg Acc = 56.10% +- 0.96%
ISIC iteration 275/400 : Query Acc = 54.67, Avg Acc = 56.10% +- 0.96%
ISIC iteration 276/400 : Query Acc = 40.00, Avg Acc = 56.04% +- 0.96%
ISIC iteration 277/400 : Query Acc = 58.67, Avg Acc = 56.05% +- 0.96%
ISIC iteration 278/400 : Query Acc = 64.00, Avg Acc = 56.08% +- 0.95%
ISIC iteration 279/400 : Query Acc = 70.67, Avg Acc = 56.13% +- 0.96%
ISIC iteration 280/400 : Query Acc = 42.67, Avg Acc = 56.08% +- 0.96%
ISIC iteration 281/400 : Query Acc = 54.67, Avg Acc = 56.08% +- 0.95%
ISIC iteration 282/400 : Query Acc = 61.33, Avg Acc = 56.09% +- 0.95%
ISIC iteration 283/400 : Query Acc = 64.00, Avg Acc = 56.12% +- 0.95%
ISIC iteration 284/400 : Query Acc = 38.67, Avg Acc = 56.06% +- 0.95%
ISIC iteration 285/400 : Query Acc = 53.33, Avg Acc = 56.05% +- 0.95%
ISIC iteration 286/400 : Query Acc = 61.33, Avg Acc = 56.07% +- 0.95%
ISIC iteration 287/400 : Query Acc = 44.00, Avg Acc = 56.03% +- 0.95%
ISIC iteration 288/400 : Query Acc = 64.00, Avg Acc = 56.06% +- 0.95%
ISIC iteration 289/400 : Query Acc = 49.33, Avg Acc = 56.03% +- 0.94%
ISIC iteration 290/400 : Query Acc = 57.33, Avg Acc = 56.04% +- 0.94%
ISIC iteration 291/400 : Query Acc = 61.33, Avg Acc = 56.05% +- 0.94%
ISIC iteration 292/400 : Query Acc = 65.33, Avg Acc = 56.09% +- 0.94%
ISIC iteration 293/400 : Query Acc = 60.00, Avg Acc = 56.10% +- 0.93%
ISIC iteration 294/400 : Query Acc = 45.33, Avg Acc = 56.06% +- 0.93%
ISIC iteration 295/400 : Query Acc = 57.33, Avg Acc = 56.07% +- 0.93%
ISIC iteration 296/400 : Query Acc = 50.67, Avg Acc = 56.05% +- 0.93%
ISIC iteration 297/400 : Query Acc = 61.33, Avg Acc = 56.07% +- 0.93%
ISIC iteration 298/400 : Query Acc = 48.00, Avg Acc = 56.04% +- 0.92%
ISIC iteration 299/400 : Query Acc = 50.67, Avg Acc = 56.02% +- 0.92%
ISIC iteration 300/400 : Query Acc = 65.33, Avg Acc = 56.05% +- 0.92%
ISIC | 300 / 400 Acc = 56.05% +- 0.92%
ISIC iteration 301/400 : Query Acc = 44.00, Avg Acc = 56.01% +- 0.92%
ISIC iteration 302/400 : Query Acc = 62.67, Avg Acc = 56.04% +- 0.92%
ISIC iteration 303/400 : Query Acc = 57.33, Avg Acc = 56.04% +- 0.92%
ISIC iteration 304/400 : Query Acc = 56.00, Avg Acc = 56.04% +- 0.91%
ISIC iteration 305/400 : Query Acc = 72.00, Avg Acc = 56.09% +- 0.92%
ISIC iteration 306/400 : Query Acc = 65.33, Avg Acc = 56.12% +- 0.92%
ISIC iteration 307/400 : Query Acc = 62.67, Avg Acc = 56.14% +- 0.91%
ISIC iteration 308/400 : Query Acc = 68.00, Avg Acc = 56.18% +- 0.91%
ISIC iteration 309/400 : Query Acc = 57.33, Avg Acc = 56.18% +- 0.91%
ISIC iteration 310/400 : Query Acc = 62.67, Avg Acc = 56.21% +- 0.91%
ISIC iteration 311/400 : Query Acc = 57.33, Avg Acc = 56.21% +- 0.91%
ISIC iteration 312/400 : Query Acc = 53.33, Avg Acc = 56.20% +- 0.90%
ISIC iteration 313/400 : Query Acc = 37.33, Avg Acc = 56.14% +- 0.91%
ISIC iteration 314/400 : Query Acc = 64.00, Avg Acc = 56.17% +- 0.91%
ISIC iteration 315/400 : Query Acc = 50.67, Avg Acc = 56.15% +- 0.90%
ISIC iteration 316/400 : Query Acc = 56.00, Avg Acc = 56.15% +- 0.90%
ISIC iteration 317/400 : Query Acc = 57.33, Avg Acc = 56.15% +- 0.90%
ISIC iteration 318/400 : Query Acc = 49.33, Avg Acc = 56.13% +- 0.90%
ISIC iteration 319/400 : Query Acc = 44.00, Avg Acc = 56.09% +- 0.90%
ISIC iteration 320/400 : Query Acc = 42.67, Avg Acc = 56.05% +- 0.90%
ISIC iteration 321/400 : Query Acc = 42.67, Avg Acc = 56.01% +- 0.90%
ISIC iteration 322/400 : Query Acc = 42.67, Avg Acc = 55.97% +- 0.90%
ISIC iteration 323/400 : Query Acc = 56.00, Avg Acc = 55.97% +- 0.90%
ISIC iteration 324/400 : Query Acc = 52.00, Avg Acc = 55.95% +- 0.89%
ISIC iteration 325/400 : Query Acc = 57.33, Avg Acc = 55.96% +- 0.89%
ISIC iteration 326/400 : Query Acc = 57.33, Avg Acc = 55.96% +- 0.89%
ISIC iteration 327/400 : Query Acc = 44.00, Avg Acc = 55.93% +- 0.89%
ISIC iteration 328/400 : Query Acc = 57.33, Avg Acc = 55.93% +- 0.89%
ISIC iteration 329/400 : Query Acc = 48.00, Avg Acc = 55.91% +- 0.88%
ISIC iteration 330/400 : Query Acc = 45.33, Avg Acc = 55.88% +- 0.88%
ISIC iteration 331/400 : Query Acc = 61.33, Avg Acc = 55.89% +- 0.88%
ISIC iteration 332/400 : Query Acc = 60.00, Avg Acc = 55.90% +- 0.88%
ISIC iteration 333/400 : Query Acc = 53.33, Avg Acc = 55.90% +- 0.88%
ISIC iteration 334/400 : Query Acc = 33.33, Avg Acc = 55.83% +- 0.88%
ISIC iteration 335/400 : Query Acc = 56.00, Avg Acc = 55.83% +- 0.88%
ISIC iteration 336/400 : Query Acc = 46.67, Avg Acc = 55.80% +- 0.88%
ISIC iteration 337/400 : Query Acc = 46.67, Avg Acc = 55.78% +- 0.88%
ISIC iteration 338/400 : Query Acc = 40.00, Avg Acc = 55.73% +- 0.88%
ISIC iteration 339/400 : Query Acc = 61.33, Avg Acc = 55.75% +- 0.88%
ISIC iteration 340/400 : Query Acc = 61.33, Avg Acc = 55.76% +- 0.88%
ISIC iteration 341/400 : Query Acc = 56.00, Avg Acc = 55.76% +- 0.88%
ISIC iteration 342/400 : Query Acc = 50.67, Avg Acc = 55.75% +- 0.87%
ISIC iteration 343/400 : Query Acc = 62.67, Avg Acc = 55.77% +- 0.87%
ISIC iteration 344/400 : Query Acc = 60.00, Avg Acc = 55.78% +- 0.87%
ISIC iteration 345/400 : Query Acc = 41.33, Avg Acc = 55.74% +- 0.87%
ISIC iteration 346/400 : Query Acc = 57.33, Avg Acc = 55.74% +- 0.87%
ISIC iteration 347/400 : Query Acc = 44.00, Avg Acc = 55.71% +- 0.87%
ISIC iteration 348/400 : Query Acc = 46.67, Avg Acc = 55.68% +- 0.87%
ISIC iteration 349/400 : Query Acc = 65.33, Avg Acc = 55.71% +- 0.87%
ISIC iteration 350/400 : Query Acc = 58.67, Avg Acc = 55.72% +- 0.86%
ISIC iteration 351/400 : Query Acc = 48.00, Avg Acc = 55.70% +- 0.86%
ISIC iteration 352/400 : Query Acc = 62.67, Avg Acc = 55.72% +- 0.86%
ISIC iteration 353/400 : Query Acc = 64.00, Avg Acc = 55.74% +- 0.86%
ISIC iteration 354/400 : Query Acc = 48.00, Avg Acc = 55.72% +- 0.86%
ISIC iteration 355/400 : Query Acc = 41.33, Avg Acc = 55.68% +- 0.86%
ISIC iteration 356/400 : Query Acc = 52.00, Avg Acc = 55.67% +- 0.86%
ISIC iteration 357/400 : Query Acc = 48.00, Avg Acc = 55.65% +- 0.86%
ISIC iteration 358/400 : Query Acc = 52.00, Avg Acc = 55.64% +- 0.85%
ISIC iteration 359/400 : Query Acc = 53.33, Avg Acc = 55.63% +- 0.85%
ISIC iteration 360/400 : Query Acc = 58.67, Avg Acc = 55.64% +- 0.85%
ISIC iteration 361/400 : Query Acc = 49.33, Avg Acc = 55.62% +- 0.85%
ISIC iteration 362/400 : Query Acc = 53.33, Avg Acc = 55.61% +- 0.85%
ISIC iteration 363/400 : Query Acc = 44.00, Avg Acc = 55.58% +- 0.85%
ISIC iteration 364/400 : Query Acc = 61.33, Avg Acc = 55.60% +- 0.84%
ISIC iteration 365/400 : Query Acc = 60.00, Avg Acc = 55.61% +- 0.84%
ISIC iteration 366/400 : Query Acc = 48.00, Avg Acc = 55.59% +- 0.84%
ISIC iteration 367/400 : Query Acc = 53.33, Avg Acc = 55.58% +- 0.84%
ISIC iteration 368/400 : Query Acc = 56.00, Avg Acc = 55.58% +- 0.84%
ISIC iteration 369/400 : Query Acc = 49.33, Avg Acc = 55.57% +- 0.83%
ISIC iteration 370/400 : Query Acc = 56.00, Avg Acc = 55.57% +- 0.83%
ISIC iteration 371/400 : Query Acc = 57.33, Avg Acc = 55.57% +- 0.83%
ISIC iteration 372/400 : Query Acc = 54.67, Avg Acc = 55.57% +- 0.83%
ISIC iteration 373/400 : Query Acc = 48.00, Avg Acc = 55.55% +- 0.83%
ISIC iteration 374/400 : Query Acc = 49.33, Avg Acc = 55.53% +- 0.83%
ISIC iteration 375/400 : Query Acc = 65.33, Avg Acc = 55.56% +- 0.82%
ISIC iteration 376/400 : Query Acc = 69.33, Avg Acc = 55.60% +- 0.83%
ISIC iteration 377/400 : Query Acc = 60.00, Avg Acc = 55.61% +- 0.82%
ISIC iteration 378/400 : Query Acc = 60.00, Avg Acc = 55.62% +- 0.82%
ISIC iteration 379/400 : Query Acc = 56.00, Avg Acc = 55.62% +- 0.82%
ISIC iteration 380/400 : Query Acc = 49.33, Avg Acc = 55.60% +- 0.82%
ISIC iteration 381/400 : Query Acc = 48.00, Avg Acc = 55.58% +- 0.82%
ISIC iteration 382/400 : Query Acc = 52.00, Avg Acc = 55.58% +- 0.82%
ISIC iteration 383/400 : Query Acc = 44.00, Avg Acc = 55.55% +- 0.82%
ISIC iteration 384/400 : Query Acc = 62.67, Avg Acc = 55.56% +- 0.81%
ISIC iteration 385/400 : Query Acc = 45.33, Avg Acc = 55.54% +- 0.81%
ISIC iteration 386/400 : Query Acc = 48.00, Avg Acc = 55.52% +- 0.81%
ISIC iteration 387/400 : Query Acc = 60.00, Avg Acc = 55.53% +- 0.81%
ISIC iteration 388/400 : Query Acc = 58.67, Avg Acc = 55.54% +- 0.81%
ISIC iteration 389/400 : Query Acc = 50.67, Avg Acc = 55.52% +- 0.81%
ISIC iteration 390/400 : Query Acc = 49.33, Avg Acc = 55.51% +- 0.81%
ISIC iteration 391/400 : Query Acc = 56.00, Avg Acc = 55.51% +- 0.80%
ISIC iteration 392/400 : Query Acc = 66.67, Avg Acc = 55.54% +- 0.80%
ISIC iteration 393/400 : Query Acc = 54.67, Avg Acc = 55.54% +- 0.80%
ISIC iteration 394/400 : Query Acc = 68.00, Avg Acc = 55.57% +- 0.80%
ISIC iteration 395/400 : Query Acc = 54.67, Avg Acc = 55.57% +- 0.80%
ISIC iteration 396/400 : Query Acc = 45.33, Avg Acc = 55.54% +- 0.80%
ISIC iteration 397/400 : Query Acc = 61.33, Avg Acc = 55.55% +- 0.80%
ISIC iteration 398/400 : Query Acc = 52.00, Avg Acc = 55.55% +- 0.80%
ISIC iteration 399/400 : Query Acc = 44.00, Avg Acc = 55.52% +- 0.80%
ISIC 400 Test Acc = 55.52% +- 0.80%
全部完成 2026-10-05 08:34:22
400 個 episode  /home/ccoliu/atha_dumps/ISIC_5shot_seed1
baseline（inductive，模型輸出）：55.52

設定（初始化:gamma）              準確率         − baseline（配對）
model4:0.002             55.73     +0.21 ± 0.22

* = 配對 CI 不含 0
TRANSCLIP_5SHOT_DONE ISIC
>>> [ATHA dump] CropDiseases 5-shot aug=1 seed=1 n=400  2026-10-05 08:35:21
set seed = 1
FineTune! 5 shots on CropDiseases dataset
CropDiseases iteration 0/400 : Query Acc = 100.00, Avg Acc = 100.00% +- 0.00%
CropDiseases | 0 / 400 Acc = 100.00% +- 0.00%
CropDiseases iteration 1/400 : Query Acc = 100.00, Avg Acc = 100.00% +- 0.00%
CropDiseases iteration 2/400 : Query Acc = 98.67, Avg Acc = 99.56% +- 0.71%
CropDiseases iteration 3/400 : Query Acc = 98.67, Avg Acc = 99.33% +- 0.65%
CropDiseases iteration 4/400 : Query Acc = 94.67, Avg Acc = 98.40% +- 1.72%
CropDiseases iteration 5/400 : Query Acc = 97.33, Avg Acc = 98.22% +- 1.47%
CropDiseases iteration 6/400 : Query Acc = 98.67, Avg Acc = 98.29% +- 1.26%
CropDiseases iteration 7/400 : Query Acc = 90.67, Avg Acc = 97.33% +- 2.07%
CropDiseases iteration 8/400 : Query Acc = 100.00, Avg Acc = 97.63% +- 1.92%
CropDiseases iteration 9/400 : Query Acc = 94.67, Avg Acc = 97.33% +- 1.81%
CropDiseases iteration 10/400 : Query Acc = 98.67, Avg Acc = 97.45% +- 1.66%
CropDiseases iteration 11/400 : Query Acc = 84.00, Avg Acc = 96.33% +- 2.60%
CropDiseases iteration 12/400 : Query Acc = 100.00, Avg Acc = 96.62% +- 2.46%
CropDiseases iteration 13/400 : Query Acc = 97.33, Avg Acc = 96.67% +- 2.28%
CropDiseases iteration 14/400 : Query Acc = 86.67, Avg Acc = 96.00% +- 2.48%
CropDiseases iteration 15/400 : Query Acc = 98.67, Avg Acc = 96.17% +- 2.34%
CropDiseases iteration 16/400 : Query Acc = 100.00, Avg Acc = 96.39% +- 2.25%
CropDiseases iteration 17/400 : Query Acc = 100.00, Avg Acc = 96.59% +- 2.16%
CropDiseases iteration 18/400 : Query Acc = 92.00, Avg Acc = 96.35% +- 2.09%
CropDiseases iteration 19/400 : Query Acc = 98.67, Avg Acc = 96.47% +- 2.00%
CropDiseases iteration 20/400 : Query Acc = 92.00, Avg Acc = 96.25% +- 1.95%
CropDiseases iteration 21/400 : Query Acc = 100.00, Avg Acc = 96.42% +- 1.89%
CropDiseases iteration 22/400 : Query Acc = 100.00, Avg Acc = 96.58% +- 1.83%
CropDiseases iteration 23/400 : Query Acc = 89.33, Avg Acc = 96.28% +- 1.85%
CropDiseases iteration 24/400 : Query Acc = 98.67, Avg Acc = 96.37% +- 1.78%
CropDiseases iteration 25/400 : Query Acc = 98.67, Avg Acc = 96.46% +- 1.72%
CropDiseases iteration 26/400 : Query Acc = 100.00, Avg Acc = 96.59% +- 1.68%
CropDiseases iteration 27/400 : Query Acc = 100.00, Avg Acc = 96.71% +- 1.64%
CropDiseases iteration 28/400 : Query Acc = 100.00, Avg Acc = 96.83% +- 1.59%
CropDiseases iteration 29/400 : Query Acc = 97.33, Avg Acc = 96.84% +- 1.54%
CropDiseases iteration 30/400 : Query Acc = 100.00, Avg Acc = 96.95% +- 1.50%
CropDiseases iteration 31/400 : Query Acc = 97.33, Avg Acc = 96.96% +- 1.46%
CropDiseases iteration 32/400 : Query Acc = 100.00, Avg Acc = 97.05% +- 1.42%
CropDiseases iteration 33/400 : Query Acc = 89.33, Avg Acc = 96.82% +- 1.45%
CropDiseases iteration 34/400 : Query Acc = 90.67, Avg Acc = 96.65% +- 1.45%
CropDiseases iteration 35/400 : Query Acc = 98.67, Avg Acc = 96.70% +- 1.41%
CropDiseases iteration 36/400 : Query Acc = 100.00, Avg Acc = 96.79% +- 1.39%
CropDiseases iteration 37/400 : Query Acc = 92.00, Avg Acc = 96.67% +- 1.37%
CropDiseases iteration 38/400 : Query Acc = 97.33, Avg Acc = 96.68% +- 1.34%
CropDiseases iteration 39/400 : Query Acc = 97.33, Avg Acc = 96.70% +- 1.30%
CropDiseases iteration 40/400 : Query Acc = 98.67, Avg Acc = 96.75% +- 1.27%
CropDiseases iteration 41/400 : Query Acc = 100.00, Avg Acc = 96.83% +- 1.25%
CropDiseases iteration 42/400 : Query Acc = 100.00, Avg Acc = 96.90% +- 1.23%
CropDiseases iteration 43/400 : Query Acc = 98.67, Avg Acc = 96.94% +- 1.21%
CropDiseases iteration 44/400 : Query Acc = 98.67, Avg Acc = 96.98% +- 1.18%
CropDiseases iteration 45/400 : Query Acc = 92.00, Avg Acc = 96.87% +- 1.18%
CropDiseases iteration 46/400 : Query Acc = 100.00, Avg Acc = 96.94% +- 1.16%
CropDiseases iteration 47/400 : Query Acc = 100.00, Avg Acc = 97.00% +- 1.14%
CropDiseases iteration 48/400 : Query Acc = 100.00, Avg Acc = 97.06% +- 1.12%
CropDiseases iteration 49/400 : Query Acc = 98.67, Avg Acc = 97.09% +- 1.10%
CropDiseases iteration 50/400 : Query Acc = 100.00, Avg Acc = 97.15% +- 1.09%
CropDiseases iteration 51/400 : Query Acc = 86.67, Avg Acc = 96.95% +- 1.14%
CropDiseases iteration 52/400 : Query Acc = 100.00, Avg Acc = 97.01% +- 1.12%
CropDiseases iteration 53/400 : Query Acc = 94.67, Avg Acc = 96.96% +- 1.10%
CropDiseases iteration 54/400 : Query Acc = 98.67, Avg Acc = 96.99% +- 1.08%
CropDiseases iteration 55/400 : Query Acc = 100.00, Avg Acc = 97.05% +- 1.07%
CropDiseases iteration 56/400 : Query Acc = 100.00, Avg Acc = 97.10% +- 1.06%
CropDiseases iteration 57/400 : Query Acc = 97.33, Avg Acc = 97.10% +- 1.04%
CropDiseases iteration 58/400 : Query Acc = 100.00, Avg Acc = 97.15% +- 1.02%
CropDiseases iteration 59/400 : Query Acc = 98.67, Avg Acc = 97.18% +- 1.01%
CropDiseases iteration 60/400 : Query Acc = 98.67, Avg Acc = 97.20% +- 0.99%
CropDiseases iteration 61/400 : Query Acc = 96.00, Avg Acc = 97.18% +- 0.98%
CropDiseases iteration 62/400 : Query Acc = 98.67, Avg Acc = 97.21% +- 0.96%
CropDiseases iteration 63/400 : Query Acc = 98.67, Avg Acc = 97.23% +- 0.95%
CropDiseases iteration 64/400 : Query Acc = 98.67, Avg Acc = 97.25% +- 0.94%
CropDiseases iteration 65/400 : Query Acc = 100.00, Avg Acc = 97.29% +- 0.93%
CropDiseases iteration 66/400 : Query Acc = 96.00, Avg Acc = 97.27% +- 0.91%
CropDiseases iteration 67/400 : Query Acc = 97.33, Avg Acc = 97.27% +- 0.90%
CropDiseases iteration 68/400 : Query Acc = 96.00, Avg Acc = 97.26% +- 0.89%
CropDiseases iteration 69/400 : Query Acc = 98.67, Avg Acc = 97.28% +- 0.87%
CropDiseases iteration 70/400 : Query Acc = 89.33, Avg Acc = 97.16% +- 0.89%
CropDiseases iteration 71/400 : Query Acc = 97.33, Avg Acc = 97.17% +- 0.88%
CropDiseases iteration 72/400 : Query Acc = 90.67, Avg Acc = 97.08% +- 0.88%
CropDiseases iteration 73/400 : Query Acc = 98.67, Avg Acc = 97.10% +- 0.87%
CropDiseases iteration 74/400 : Query Acc = 98.67, Avg Acc = 97.12% +- 0.86%
CropDiseases iteration 75/400 : Query Acc = 96.00, Avg Acc = 97.11% +- 0.85%
CropDiseases iteration 76/400 : Query Acc = 100.00, Avg Acc = 97.14% +- 0.84%
CropDiseases iteration 77/400 : Query Acc = 98.67, Avg Acc = 97.16% +- 0.83%
CropDiseases iteration 78/400 : Query Acc = 100.00, Avg Acc = 97.20% +- 0.82%
CropDiseases iteration 79/400 : Query Acc = 97.33, Avg Acc = 97.20% +- 0.81%
CropDiseases iteration 80/400 : Query Acc = 80.00, Avg Acc = 96.99% +- 0.90%
CropDiseases iteration 81/400 : Query Acc = 85.33, Avg Acc = 96.85% +- 0.94%
CropDiseases iteration 82/400 : Query Acc = 98.67, Avg Acc = 96.87% +- 0.92%
CropDiseases iteration 83/400 : Query Acc = 100.00, Avg Acc = 96.90% +- 0.92%
CropDiseases iteration 84/400 : Query Acc = 97.33, Avg Acc = 96.91% +- 0.91%
CropDiseases iteration 85/400 : Query Acc = 97.33, Avg Acc = 96.91% +- 0.90%
CropDiseases iteration 86/400 : Query Acc = 88.00, Avg Acc = 96.81% +- 0.91%
CropDiseases iteration 87/400 : Query Acc = 97.33, Avg Acc = 96.82% +- 0.90%
CropDiseases iteration 88/400 : Query Acc = 98.67, Avg Acc = 96.84% +- 0.89%
CropDiseases iteration 89/400 : Query Acc = 98.67, Avg Acc = 96.86% +- 0.88%
CropDiseases iteration 90/400 : Query Acc = 96.00, Avg Acc = 96.85% +- 0.87%
CropDiseases iteration 91/400 : Query Acc = 100.00, Avg Acc = 96.88% +- 0.86%
CropDiseases iteration 92/400 : Query Acc = 93.33, Avg Acc = 96.85% +- 0.86%
CropDiseases iteration 93/400 : Query Acc = 92.00, Avg Acc = 96.79% +- 0.85%
CropDiseases iteration 94/400 : Query Acc = 100.00, Avg Acc = 96.83% +- 0.85%
CropDiseases iteration 95/400 : Query Acc = 92.00, Avg Acc = 96.78% +- 0.84%
CropDiseases iteration 96/400 : Query Acc = 97.33, Avg Acc = 96.78% +- 0.84%
CropDiseases iteration 97/400 : Query Acc = 93.33, Avg Acc = 96.75% +- 0.83%
CropDiseases iteration 98/400 : Query Acc = 98.67, Avg Acc = 96.77% +- 0.82%
CropDiseases iteration 99/400 : Query Acc = 90.67, Avg Acc = 96.71% +- 0.82%
CropDiseases iteration 100/400 : Query Acc = 100.00, Avg Acc = 96.74% +- 0.82%
CropDiseases | 100 / 400 Acc = 96.74% +- 0.82%
CropDiseases iteration 101/400 : Query Acc = 96.00, Avg Acc = 96.73% +- 0.81%
CropDiseases iteration 102/400 : Query Acc = 100.00, Avg Acc = 96.76% +- 0.80%
CropDiseases iteration 103/400 : Query Acc = 98.67, Avg Acc = 96.78% +- 0.80%
CropDiseases iteration 104/400 : Query Acc = 97.33, Avg Acc = 96.79% +- 0.79%
CropDiseases iteration 105/400 : Query Acc = 100.00, Avg Acc = 96.82% +- 0.78%
CropDiseases iteration 106/400 : Query Acc = 90.67, Avg Acc = 96.76% +- 0.78%
CropDiseases iteration 107/400 : Query Acc = 96.00, Avg Acc = 96.75% +- 0.78%
CropDiseases iteration 108/400 : Query Acc = 97.33, Avg Acc = 96.76% +- 0.77%
CropDiseases iteration 109/400 : Query Acc = 97.33, Avg Acc = 96.76% +- 0.76%
CropDiseases iteration 110/400 : Query Acc = 97.33, Avg Acc = 96.77% +- 0.76%
CropDiseases iteration 111/400 : Query Acc = 98.67, Avg Acc = 96.79% +- 0.75%
CropDiseases iteration 112/400 : Query Acc = 94.67, Avg Acc = 96.77% +- 0.74%
CropDiseases iteration 113/400 : Query Acc = 100.00, Avg Acc = 96.80% +- 0.74%
CropDiseases iteration 114/400 : Query Acc = 97.33, Avg Acc = 96.80% +- 0.73%
CropDiseases iteration 115/400 : Query Acc = 100.00, Avg Acc = 96.83% +- 0.73%
CropDiseases iteration 116/400 : Query Acc = 98.67, Avg Acc = 96.84% +- 0.72%
CropDiseases iteration 117/400 : Query Acc = 90.67, Avg Acc = 96.79% +- 0.73%
CropDiseases iteration 118/400 : Query Acc = 100.00, Avg Acc = 96.82% +- 0.72%
CropDiseases iteration 119/400 : Query Acc = 98.67, Avg Acc = 96.83% +- 0.72%
CropDiseases iteration 120/400 : Query Acc = 96.00, Avg Acc = 96.83% +- 0.71%
CropDiseases iteration 121/400 : Query Acc = 97.33, Avg Acc = 96.83% +- 0.70%
CropDiseases iteration 122/400 : Query Acc = 100.00, Avg Acc = 96.86% +- 0.70%
CropDiseases iteration 123/400 : Query Acc = 98.67, Avg Acc = 96.87% +- 0.70%
CropDiseases iteration 124/400 : Query Acc = 96.00, Avg Acc = 96.86% +- 0.69%
CropDiseases iteration 125/400 : Query Acc = 100.00, Avg Acc = 96.89% +- 0.69%
CropDiseases iteration 126/400 : Query Acc = 97.33, Avg Acc = 96.89% +- 0.68%
CropDiseases iteration 127/400 : Query Acc = 98.67, Avg Acc = 96.91% +- 0.68%
CropDiseases iteration 128/400 : Query Acc = 100.00, Avg Acc = 96.93% +- 0.67%
CropDiseases iteration 129/400 : Query Acc = 93.33, Avg Acc = 96.90% +- 0.67%
CropDiseases iteration 130/400 : Query Acc = 97.33, Avg Acc = 96.91% +- 0.66%
CropDiseases iteration 131/400 : Query Acc = 96.00, Avg Acc = 96.90% +- 0.66%
CropDiseases iteration 132/400 : Query Acc = 98.67, Avg Acc = 96.91% +- 0.65%
CropDiseases iteration 133/400 : Query Acc = 100.00, Avg Acc = 96.94% +- 0.65%
CropDiseases iteration 134/400 : Query Acc = 94.67, Avg Acc = 96.92% +- 0.65%
CropDiseases iteration 135/400 : Query Acc = 96.00, Avg Acc = 96.91% +- 0.64%
CropDiseases iteration 136/400 : Query Acc = 96.00, Avg Acc = 96.91% +- 0.64%
CropDiseases iteration 137/400 : Query Acc = 98.67, Avg Acc = 96.92% +- 0.63%
CropDiseases iteration 138/400 : Query Acc = 97.33, Avg Acc = 96.92% +- 0.63%
CropDiseases iteration 139/400 : Query Acc = 98.67, Avg Acc = 96.93% +- 0.63%
CropDiseases iteration 140/400 : Query Acc = 100.00, Avg Acc = 96.96% +- 0.62%
CropDiseases iteration 141/400 : Query Acc = 93.33, Avg Acc = 96.93% +- 0.62%
CropDiseases iteration 142/400 : Query Acc = 93.33, Avg Acc = 96.90% +- 0.62%
CropDiseases iteration 143/400 : Query Acc = 100.00, Avg Acc = 96.93% +- 0.62%
CropDiseases iteration 144/400 : Query Acc = 93.33, Avg Acc = 96.90% +- 0.61%
CropDiseases iteration 145/400 : Query Acc = 78.67, Avg Acc = 96.78% +- 0.66%
CropDiseases iteration 146/400 : Query Acc = 97.33, Avg Acc = 96.78% +- 0.65%
CropDiseases iteration 147/400 : Query Acc = 98.67, Avg Acc = 96.79% +- 0.65%
CropDiseases iteration 148/400 : Query Acc = 86.67, Avg Acc = 96.72% +- 0.66%
CropDiseases iteration 149/400 : Query Acc = 97.33, Avg Acc = 96.73% +- 0.65%
CropDiseases iteration 150/400 : Query Acc = 98.67, Avg Acc = 96.74% +- 0.65%
CropDiseases iteration 151/400 : Query Acc = 98.67, Avg Acc = 96.75% +- 0.64%
CropDiseases iteration 152/400 : Query Acc = 98.67, Avg Acc = 96.77% +- 0.64%
CropDiseases iteration 153/400 : Query Acc = 97.33, Avg Acc = 96.77% +- 0.64%
CropDiseases iteration 154/400 : Query Acc = 97.33, Avg Acc = 96.77% +- 0.63%
CropDiseases iteration 155/400 : Query Acc = 94.67, Avg Acc = 96.76% +- 0.63%
CropDiseases iteration 156/400 : Query Acc = 90.67, Avg Acc = 96.72% +- 0.63%
CropDiseases iteration 157/400 : Query Acc = 98.67, Avg Acc = 96.73% +- 0.63%
CropDiseases iteration 158/400 : Query Acc = 96.00, Avg Acc = 96.73% +- 0.62%
CropDiseases iteration 159/400 : Query Acc = 100.00, Avg Acc = 96.75% +- 0.62%
CropDiseases iteration 160/400 : Query Acc = 96.00, Avg Acc = 96.75% +- 0.62%
CropDiseases iteration 161/400 : Query Acc = 96.00, Avg Acc = 96.74% +- 0.61%
CropDiseases iteration 162/400 : Query Acc = 100.00, Avg Acc = 96.76% +- 0.61%
CropDiseases iteration 163/400 : Query Acc = 85.33, Avg Acc = 96.69% +- 0.62%
CropDiseases iteration 164/400 : Query Acc = 97.33, Avg Acc = 96.69% +- 0.62%
CropDiseases iteration 165/400 : Query Acc = 100.00, Avg Acc = 96.71% +- 0.61%
CropDiseases iteration 166/400 : Query Acc = 98.67, Avg Acc = 96.73% +- 0.61%
CropDiseases iteration 167/400 : Query Acc = 96.00, Avg Acc = 96.72% +- 0.61%
CropDiseases iteration 168/400 : Query Acc = 97.33, Avg Acc = 96.73% +- 0.60%
CropDiseases iteration 169/400 : Query Acc = 98.67, Avg Acc = 96.74% +- 0.60%
CropDiseases iteration 170/400 : Query Acc = 85.33, Avg Acc = 96.67% +- 0.61%
CropDiseases iteration 171/400 : Query Acc = 96.00, Avg Acc = 96.67% +- 0.61%
CropDiseases iteration 172/400 : Query Acc = 97.33, Avg Acc = 96.67% +- 0.60%
CropDiseases iteration 173/400 : Query Acc = 100.00, Avg Acc = 96.69% +- 0.60%
CropDiseases iteration 174/400 : Query Acc = 97.33, Avg Acc = 96.69% +- 0.60%
CropDiseases iteration 175/400 : Query Acc = 98.67, Avg Acc = 96.70% +- 0.60%
CropDiseases iteration 176/400 : Query Acc = 84.00, Avg Acc = 96.63% +- 0.61%
CropDiseases iteration 177/400 : Query Acc = 92.00, Avg Acc = 96.61% +- 0.61%
CropDiseases iteration 178/400 : Query Acc = 93.33, Avg Acc = 96.59% +- 0.61%
CropDiseases iteration 179/400 : Query Acc = 96.00, Avg Acc = 96.59% +- 0.60%
CropDiseases iteration 180/400 : Query Acc = 97.33, Avg Acc = 96.59% +- 0.60%
CropDiseases iteration 181/400 : Query Acc = 98.67, Avg Acc = 96.60% +- 0.60%
CropDiseases iteration 182/400 : Query Acc = 98.67, Avg Acc = 96.61% +- 0.59%
CropDiseases iteration 183/400 : Query Acc = 98.67, Avg Acc = 96.62% +- 0.59%
CropDiseases iteration 184/400 : Query Acc = 96.00, Avg Acc = 96.62% +- 0.59%
CropDiseases iteration 185/400 : Query Acc = 98.67, Avg Acc = 96.63% +- 0.58%
CropDiseases iteration 186/400 : Query Acc = 96.00, Avg Acc = 96.63% +- 0.58%
CropDiseases iteration 187/400 : Query Acc = 94.67, Avg Acc = 96.62% +- 0.58%
CropDiseases iteration 188/400 : Query Acc = 98.67, Avg Acc = 96.63% +- 0.58%
CropDiseases iteration 189/400 : Query Acc = 98.67, Avg Acc = 96.64% +- 0.57%
CropDiseases iteration 190/400 : Query Acc = 93.33, Avg Acc = 96.62% +- 0.57%
CropDiseases iteration 191/400 : Query Acc = 86.67, Avg Acc = 96.57% +- 0.58%
CropDiseases iteration 192/400 : Query Acc = 98.67, Avg Acc = 96.58% +- 0.57%
CropDiseases iteration 193/400 : Query Acc = 98.67, Avg Acc = 96.59% +- 0.57%
CropDiseases iteration 194/400 : Query Acc = 98.67, Avg Acc = 96.60% +- 0.57%
CropDiseases iteration 195/400 : Query Acc = 92.00, Avg Acc = 96.58% +- 0.57%
CropDiseases iteration 196/400 : Query Acc = 97.33, Avg Acc = 96.58% +- 0.57%
CropDiseases iteration 197/400 : Query Acc = 96.00, Avg Acc = 96.58% +- 0.56%
CropDiseases iteration 198/400 : Query Acc = 98.67, Avg Acc = 96.59% +- 0.56%
CropDiseases iteration 199/400 : Query Acc = 84.00, Avg Acc = 96.53% +- 0.57%
CropDiseases iteration 200/400 : Query Acc = 100.00, Avg Acc = 96.54% +- 0.57%
CropDiseases | 200 / 400 Acc = 96.54% +- 0.57%
CropDiseases iteration 201/400 : Query Acc = 98.67, Avg Acc = 96.55% +- 0.57%
CropDiseases iteration 202/400 : Query Acc = 100.00, Avg Acc = 96.57% +- 0.56%
CropDiseases iteration 203/400 : Query Acc = 89.33, Avg Acc = 96.54% +- 0.57%
CropDiseases iteration 204/400 : Query Acc = 97.33, Avg Acc = 96.54% +- 0.56%
CropDiseases iteration 205/400 : Query Acc = 100.00, Avg Acc = 96.56% +- 0.56%
CropDiseases iteration 206/400 : Query Acc = 96.00, Avg Acc = 96.55% +- 0.56%
CropDiseases iteration 207/400 : Query Acc = 92.00, Avg Acc = 96.53% +- 0.56%
CropDiseases iteration 208/400 : Query Acc = 97.33, Avg Acc = 96.54% +- 0.56%
CropDiseases iteration 209/400 : Query Acc = 100.00, Avg Acc = 96.55% +- 0.55%
CropDiseases iteration 210/400 : Query Acc = 100.00, Avg Acc = 96.57% +- 0.55%
CropDiseases iteration 211/400 : Query Acc = 97.33, Avg Acc = 96.57% +- 0.55%
CropDiseases iteration 212/400 : Query Acc = 97.33, Avg Acc = 96.58% +- 0.55%
CropDiseases iteration 213/400 : Query Acc = 100.00, Avg Acc = 96.59% +- 0.55%
CropDiseases iteration 214/400 : Query Acc = 97.33, Avg Acc = 96.60% +- 0.54%
CropDiseases iteration 215/400 : Query Acc = 96.00, Avg Acc = 96.59% +- 0.54%
CropDiseases iteration 216/400 : Query Acc = 97.33, Avg Acc = 96.60% +- 0.54%
CropDiseases iteration 217/400 : Query Acc = 98.67, Avg Acc = 96.61% +- 0.54%
CropDiseases iteration 218/400 : Query Acc = 100.00, Avg Acc = 96.62% +- 0.53%
CropDiseases iteration 219/400 : Query Acc = 98.67, Avg Acc = 96.63% +- 0.53%
CropDiseases iteration 220/400 : Query Acc = 92.00, Avg Acc = 96.61% +- 0.53%
CropDiseases iteration 221/400 : Query Acc = 98.67, Avg Acc = 96.62% +- 0.53%
CropDiseases iteration 222/400 : Query Acc = 96.00, Avg Acc = 96.62% +- 0.53%
CropDiseases iteration 223/400 : Query Acc = 100.00, Avg Acc = 96.63% +- 0.53%
CropDiseases iteration 224/400 : Query Acc = 89.33, Avg Acc = 96.60% +- 0.53%
CropDiseases iteration 225/400 : Query Acc = 85.33, Avg Acc = 96.55% +- 0.53%
CropDiseases iteration 226/400 : Query Acc = 100.00, Avg Acc = 96.56% +- 0.53%
CropDiseases iteration 227/400 : Query Acc = 86.67, Avg Acc = 96.52% +- 0.54%
CropDiseases iteration 228/400 : Query Acc = 98.67, Avg Acc = 96.53% +- 0.53%
CropDiseases iteration 229/400 : Query Acc = 86.67, Avg Acc = 96.49% +- 0.54%
CropDiseases iteration 230/400 : Query Acc = 97.33, Avg Acc = 96.49% +- 0.54%
CropDiseases iteration 231/400 : Query Acc = 94.67, Avg Acc = 96.48% +- 0.53%
CropDiseases iteration 232/400 : Query Acc = 98.67, Avg Acc = 96.49% +- 0.53%
CropDiseases iteration 233/400 : Query Acc = 100.00, Avg Acc = 96.51% +- 0.53%
CropDiseases iteration 234/400 : Query Acc = 97.33, Avg Acc = 96.51% +- 0.53%
CropDiseases iteration 235/400 : Query Acc = 96.00, Avg Acc = 96.51% +- 0.53%
CropDiseases iteration 236/400 : Query Acc = 92.00, Avg Acc = 96.49% +- 0.53%
CropDiseases iteration 237/400 : Query Acc = 98.67, Avg Acc = 96.50% +- 0.52%
CropDiseases iteration 238/400 : Query Acc = 98.67, Avg Acc = 96.51% +- 0.52%
CropDiseases iteration 239/400 : Query Acc = 100.00, Avg Acc = 96.52% +- 0.52%
CropDiseases iteration 240/400 : Query Acc = 94.67, Avg Acc = 96.51% +- 0.52%
CropDiseases iteration 241/400 : Query Acc = 100.00, Avg Acc = 96.53% +- 0.52%
CropDiseases iteration 242/400 : Query Acc = 98.67, Avg Acc = 96.54% +- 0.52%
CropDiseases iteration 243/400 : Query Acc = 100.00, Avg Acc = 96.55% +- 0.51%
CropDiseases iteration 244/400 : Query Acc = 100.00, Avg Acc = 96.57% +- 0.51%
CropDiseases iteration 245/400 : Query Acc = 94.67, Avg Acc = 96.56% +- 0.51%
CropDiseases iteration 246/400 : Query Acc = 100.00, Avg Acc = 96.57% +- 0.51%
CropDiseases iteration 247/400 : Query Acc = 94.67, Avg Acc = 96.56% +- 0.51%
CropDiseases iteration 248/400 : Query Acc = 100.00, Avg Acc = 96.58% +- 0.51%
CropDiseases iteration 249/400 : Query Acc = 92.00, Avg Acc = 96.56% +- 0.51%
CropDiseases iteration 250/400 : Query Acc = 97.33, Avg Acc = 96.56% +- 0.50%
CropDiseases iteration 251/400 : Query Acc = 98.67, Avg Acc = 96.57% +- 0.50%
CropDiseases iteration 252/400 : Query Acc = 100.00, Avg Acc = 96.58% +- 0.50%
CropDiseases iteration 253/400 : Query Acc = 98.67, Avg Acc = 96.59% +- 0.50%
CropDiseases iteration 254/400 : Query Acc = 84.00, Avg Acc = 96.54% +- 0.51%
CropDiseases iteration 255/400 : Query Acc = 85.33, Avg Acc = 96.50% +- 0.51%
CropDiseases iteration 256/400 : Query Acc = 98.67, Avg Acc = 96.51% +- 0.51%
CropDiseases iteration 257/400 : Query Acc = 100.00, Avg Acc = 96.52% +- 0.51%
CropDiseases iteration 258/400 : Query Acc = 98.67, Avg Acc = 96.53% +- 0.51%
CropDiseases iteration 259/400 : Query Acc = 98.67, Avg Acc = 96.54% +- 0.50%
CropDiseases iteration 260/400 : Query Acc = 100.00, Avg Acc = 96.55% +- 0.50%
CropDiseases iteration 261/400 : Query Acc = 98.67, Avg Acc = 96.56% +- 0.50%
CropDiseases iteration 262/400 : Query Acc = 94.67, Avg Acc = 96.55% +- 0.50%
CropDiseases iteration 263/400 : Query Acc = 94.67, Avg Acc = 96.55% +- 0.50%
CropDiseases iteration 264/400 : Query Acc = 98.67, Avg Acc = 96.55% +- 0.50%
CropDiseases iteration 265/400 : Query Acc = 100.00, Avg Acc = 96.57% +- 0.50%
CropDiseases iteration 266/400 : Query Acc = 100.00, Avg Acc = 96.58% +- 0.49%
CropDiseases iteration 267/400 : Query Acc = 98.67, Avg Acc = 96.59% +- 0.49%
CropDiseases iteration 268/400 : Query Acc = 100.00, Avg Acc = 96.60% +- 0.49%
CropDiseases iteration 269/400 : Query Acc = 100.00, Avg Acc = 96.61% +- 0.49%
CropDiseases iteration 270/400 : Query Acc = 93.33, Avg Acc = 96.60% +- 0.49%
CropDiseases iteration 271/400 : Query Acc = 100.00, Avg Acc = 96.61% +- 0.49%
CropDiseases iteration 272/400 : Query Acc = 100.00, Avg Acc = 96.63% +- 0.49%
CropDiseases iteration 273/400 : Query Acc = 100.00, Avg Acc = 96.64% +- 0.49%
CropDiseases iteration 274/400 : Query Acc = 100.00, Avg Acc = 96.65% +- 0.48%
CropDiseases iteration 275/400 : Query Acc = 100.00, Avg Acc = 96.66% +- 0.48%
CropDiseases iteration 276/400 : Query Acc = 100.00, Avg Acc = 96.67% +- 0.48%
CropDiseases iteration 277/400 : Query Acc = 92.00, Avg Acc = 96.66% +- 0.48%
CropDiseases iteration 278/400 : Query Acc = 100.00, Avg Acc = 96.67% +- 0.48%
CropDiseases iteration 279/400 : Query Acc = 92.00, Avg Acc = 96.65% +- 0.48%
CropDiseases iteration 280/400 : Query Acc = 90.67, Avg Acc = 96.63% +- 0.48%
CropDiseases iteration 281/400 : Query Acc = 94.67, Avg Acc = 96.62% +- 0.48%
CropDiseases iteration 282/400 : Query Acc = 98.67, Avg Acc = 96.63% +- 0.48%
CropDiseases iteration 283/400 : Query Acc = 96.00, Avg Acc = 96.63% +- 0.48%
CropDiseases iteration 284/400 : Query Acc = 100.00, Avg Acc = 96.64% +- 0.47%
CropDiseases iteration 285/400 : Query Acc = 94.67, Avg Acc = 96.63% +- 0.47%
CropDiseases iteration 286/400 : Query Acc = 97.33, Avg Acc = 96.64% +- 0.47%
CropDiseases iteration 287/400 : Query Acc = 89.33, Avg Acc = 96.61% +- 0.47%
CropDiseases iteration 288/400 : Query Acc = 100.00, Avg Acc = 96.62% +- 0.47%
CropDiseases iteration 289/400 : Query Acc = 97.33, Avg Acc = 96.63% +- 0.47%
CropDiseases iteration 290/400 : Query Acc = 78.67, Avg Acc = 96.56% +- 0.48%
CropDiseases iteration 291/400 : Query Acc = 97.33, Avg Acc = 96.57% +- 0.48%
CropDiseases iteration 292/400 : Query Acc = 90.67, Avg Acc = 96.55% +- 0.48%
CropDiseases iteration 293/400 : Query Acc = 100.00, Avg Acc = 96.56% +- 0.48%
CropDiseases iteration 294/400 : Query Acc = 100.00, Avg Acc = 96.57% +- 0.48%
CropDiseases iteration 295/400 : Query Acc = 98.67, Avg Acc = 96.58% +- 0.48%
CropDiseases iteration 296/400 : Query Acc = 100.00, Avg Acc = 96.59% +- 0.48%
CropDiseases iteration 297/400 : Query Acc = 98.67, Avg Acc = 96.60% +- 0.48%
CropDiseases iteration 298/400 : Query Acc = 98.67, Avg Acc = 96.60% +- 0.47%
CropDiseases iteration 299/400 : Query Acc = 88.00, Avg Acc = 96.57% +- 0.48%
CropDiseases iteration 300/400 : Query Acc = 97.33, Avg Acc = 96.58% +- 0.47%
CropDiseases | 300 / 400 Acc = 96.58% +- 0.47%
CropDiseases iteration 301/400 : Query Acc = 96.00, Avg Acc = 96.57% +- 0.47%
CropDiseases iteration 302/400 : Query Acc = 80.00, Avg Acc = 96.52% +- 0.48%
CropDiseases iteration 303/400 : Query Acc = 100.00, Avg Acc = 96.53% +- 0.48%
CropDiseases iteration 304/400 : Query Acc = 98.67, Avg Acc = 96.54% +- 0.48%
CropDiseases iteration 305/400 : Query Acc = 98.67, Avg Acc = 96.54% +- 0.48%
CropDiseases iteration 306/400 : Query Acc = 100.00, Avg Acc = 96.56% +- 0.48%
CropDiseases iteration 307/400 : Query Acc = 100.00, Avg Acc = 96.57% +- 0.48%
CropDiseases iteration 308/400 : Query Acc = 100.00, Avg Acc = 96.58% +- 0.48%
CropDiseases iteration 309/400 : Query Acc = 96.00, Avg Acc = 96.58% +- 0.47%
CropDiseases iteration 310/400 : Query Acc = 94.67, Avg Acc = 96.57% +- 0.47%
CropDiseases iteration 311/400 : Query Acc = 96.00, Avg Acc = 96.57% +- 0.47%
CropDiseases iteration 312/400 : Query Acc = 98.67, Avg Acc = 96.58% +- 0.47%
CropDiseases iteration 313/400 : Query Acc = 100.00, Avg Acc = 96.59% +- 0.47%
CropDiseases iteration 314/400 : Query Acc = 100.00, Avg Acc = 96.60% +- 0.47%
CropDiseases iteration 315/400 : Query Acc = 94.67, Avg Acc = 96.59% +- 0.47%
CropDiseases iteration 316/400 : Query Acc = 100.00, Avg Acc = 96.60% +- 0.47%
CropDiseases iteration 317/400 : Query Acc = 98.67, Avg Acc = 96.61% +- 0.46%
CropDiseases iteration 318/400 : Query Acc = 89.33, Avg Acc = 96.59% +- 0.47%
CropDiseases iteration 319/400 : Query Acc = 98.67, Avg Acc = 96.59% +- 0.46%
CropDiseases iteration 320/400 : Query Acc = 97.33, Avg Acc = 96.59% +- 0.46%
CropDiseases iteration 321/400 : Query Acc = 94.67, Avg Acc = 96.59% +- 0.46%
CropDiseases iteration 322/400 : Query Acc = 98.67, Avg Acc = 96.59% +- 0.46%
CropDiseases iteration 323/400 : Query Acc = 100.00, Avg Acc = 96.60% +- 0.46%
CropDiseases iteration 324/400 : Query Acc = 96.00, Avg Acc = 96.60% +- 0.46%
CropDiseases iteration 325/400 : Query Acc = 97.33, Avg Acc = 96.61% +- 0.46%
CropDiseases iteration 326/400 : Query Acc = 100.00, Avg Acc = 96.62% +- 0.46%
CropDiseases iteration 327/400 : Query Acc = 98.67, Avg Acc = 96.62% +- 0.45%
CropDiseases iteration 328/400 : Query Acc = 98.67, Avg Acc = 96.63% +- 0.45%
CropDiseases iteration 329/400 : Query Acc = 98.67, Avg Acc = 96.63% +- 0.45%
CropDiseases iteration 330/400 : Query Acc = 89.33, Avg Acc = 96.61% +- 0.45%
CropDiseases iteration 331/400 : Query Acc = 94.67, Avg Acc = 96.61% +- 0.45%
CropDiseases iteration 332/400 : Query Acc = 93.33, Avg Acc = 96.60% +- 0.45%
CropDiseases iteration 333/400 : Query Acc = 98.67, Avg Acc = 96.60% +- 0.45%
CropDiseases iteration 334/400 : Query Acc = 97.33, Avg Acc = 96.60% +- 0.45%
CropDiseases iteration 335/400 : Query Acc = 94.67, Avg Acc = 96.60% +- 0.45%
CropDiseases iteration 336/400 : Query Acc = 93.33, Avg Acc = 96.59% +- 0.45%
CropDiseases iteration 337/400 : Query Acc = 100.00, Avg Acc = 96.60% +- 0.44%
CropDiseases iteration 338/400 : Query Acc = 97.33, Avg Acc = 96.60% +- 0.44%
CropDiseases iteration 339/400 : Query Acc = 92.00, Avg Acc = 96.59% +- 0.44%
CropDiseases iteration 340/400 : Query Acc = 100.00, Avg Acc = 96.60% +- 0.44%
CropDiseases iteration 341/400 : Query Acc = 90.67, Avg Acc = 96.58% +- 0.44%
CropDiseases iteration 342/400 : Query Acc = 97.33, Avg Acc = 96.58% +- 0.44%
CropDiseases iteration 343/400 : Query Acc = 96.00, Avg Acc = 96.58% +- 0.44%
CropDiseases iteration 344/400 : Query Acc = 100.00, Avg Acc = 96.59% +- 0.44%
CropDiseases iteration 345/400 : Query Acc = 100.00, Avg Acc = 96.60% +- 0.44%
CropDiseases iteration 346/400 : Query Acc = 90.67, Avg Acc = 96.58% +- 0.44%
CropDiseases iteration 347/400 : Query Acc = 97.33, Avg Acc = 96.59% +- 0.44%
CropDiseases iteration 348/400 : Query Acc = 100.00, Avg Acc = 96.60% +- 0.44%
CropDiseases iteration 349/400 : Query Acc = 98.67, Avg Acc = 96.60% +- 0.43%
CropDiseases iteration 350/400 : Query Acc = 92.00, Avg Acc = 96.59% +- 0.43%
CropDiseases iteration 351/400 : Query Acc = 89.33, Avg Acc = 96.57% +- 0.43%
CropDiseases iteration 352/400 : Query Acc = 100.00, Avg Acc = 96.58% +- 0.43%
CropDiseases iteration 353/400 : Query Acc = 100.00, Avg Acc = 96.59% +- 0.43%
CropDiseases iteration 354/400 : Query Acc = 96.00, Avg Acc = 96.59% +- 0.43%
CropDiseases iteration 355/400 : Query Acc = 98.67, Avg Acc = 96.59% +- 0.43%
CropDiseases iteration 356/400 : Query Acc = 82.67, Avg Acc = 96.55% +- 0.44%
CropDiseases iteration 357/400 : Query Acc = 97.33, Avg Acc = 96.55% +- 0.44%
CropDiseases iteration 358/400 : Query Acc = 98.67, Avg Acc = 96.56% +- 0.43%
CropDiseases iteration 359/400 : Query Acc = 100.00, Avg Acc = 96.57% +- 0.43%
CropDiseases iteration 360/400 : Query Acc = 86.67, Avg Acc = 96.54% +- 0.44%
CropDiseases iteration 361/400 : Query Acc = 96.00, Avg Acc = 96.54% +- 0.43%
CropDiseases iteration 362/400 : Query Acc = 100.00, Avg Acc = 96.55% +- 0.43%
CropDiseases iteration 363/400 : Query Acc = 94.67, Avg Acc = 96.55% +- 0.43%
CropDiseases iteration 364/400 : Query Acc = 96.00, Avg Acc = 96.54% +- 0.43%
CropDiseases iteration 365/400 : Query Acc = 100.00, Avg Acc = 96.55% +- 0.43%
CropDiseases iteration 366/400 : Query Acc = 96.00, Avg Acc = 96.55% +- 0.43%
CropDiseases iteration 367/400 : Query Acc = 98.67, Avg Acc = 96.56% +- 0.43%
CropDiseases iteration 368/400 : Query Acc = 100.00, Avg Acc = 96.57% +- 0.43%
CropDiseases iteration 369/400 : Query Acc = 94.67, Avg Acc = 96.56% +- 0.43%
CropDiseases iteration 370/400 : Query Acc = 94.67, Avg Acc = 96.56% +- 0.43%
CropDiseases iteration 371/400 : Query Acc = 100.00, Avg Acc = 96.57% +- 0.42%
CropDiseases iteration 372/400 : Query Acc = 94.67, Avg Acc = 96.56% +- 0.42%
CropDiseases iteration 373/400 : Query Acc = 97.33, Avg Acc = 96.56% +- 0.42%
CropDiseases iteration 374/400 : Query Acc = 97.33, Avg Acc = 96.57% +- 0.42%
CropDiseases iteration 375/400 : Query Acc = 98.67, Avg Acc = 96.57% +- 0.42%
CropDiseases iteration 376/400 : Query Acc = 100.00, Avg Acc = 96.58% +- 0.42%
CropDiseases iteration 377/400 : Query Acc = 85.33, Avg Acc = 96.55% +- 0.42%
CropDiseases iteration 378/400 : Query Acc = 97.33, Avg Acc = 96.55% +- 0.42%
CropDiseases iteration 379/400 : Query Acc = 86.67, Avg Acc = 96.53% +- 0.42%
CropDiseases iteration 380/400 : Query Acc = 97.33, Avg Acc = 96.53% +- 0.42%
CropDiseases iteration 381/400 : Query Acc = 98.67, Avg Acc = 96.53% +- 0.42%
CropDiseases iteration 382/400 : Query Acc = 93.33, Avg Acc = 96.53% +- 0.42%
CropDiseases iteration 383/400 : Query Acc = 98.67, Avg Acc = 96.53% +- 0.42%
CropDiseases iteration 384/400 : Query Acc = 94.67, Avg Acc = 96.53% +- 0.42%
CropDiseases iteration 385/400 : Query Acc = 98.67, Avg Acc = 96.53% +- 0.42%
CropDiseases iteration 386/400 : Query Acc = 97.33, Avg Acc = 96.53% +- 0.42%
CropDiseases iteration 387/400 : Query Acc = 100.00, Avg Acc = 96.54% +- 0.42%
CropDiseases iteration 388/400 : Query Acc = 89.33, Avg Acc = 96.52% +- 0.42%
CropDiseases iteration 389/400 : Query Acc = 96.00, Avg Acc = 96.52% +- 0.42%
CropDiseases iteration 390/400 : Query Acc = 85.33, Avg Acc = 96.49% +- 0.42%
CropDiseases iteration 391/400 : Query Acc = 77.33, Avg Acc = 96.45% +- 0.43%
CropDiseases iteration 392/400 : Query Acc = 100.00, Avg Acc = 96.45% +- 0.43%
CropDiseases iteration 393/400 : Query Acc = 93.33, Avg Acc = 96.45% +- 0.43%
CropDiseases iteration 394/400 : Query Acc = 100.00, Avg Acc = 96.46% +- 0.43%
CropDiseases iteration 395/400 : Query Acc = 98.67, Avg Acc = 96.46% +- 0.42%
CropDiseases iteration 396/400 : Query Acc = 98.67, Avg Acc = 96.47% +- 0.42%
CropDiseases iteration 397/400 : Query Acc = 100.00, Avg Acc = 96.48% +- 0.42%
CropDiseases iteration 398/400 : Query Acc = 100.00, Avg Acc = 96.48% +- 0.42%
CropDiseases iteration 399/400 : Query Acc = 98.67, Avg Acc = 96.49% +- 0.42%
Crop 400 Test Acc = 96.49% +- 0.42%
全部完成 2026-10-05 12:21:57
400 個 episode  /home/ccoliu/atha_dumps/CropDiseases_5shot_seed1
baseline（inductive，模型輸出）：96.49

設定（初始化:gamma）              準確率         − baseline（配對）
model4:0.002             96.76     +0.27 ± 0.11 *

* = 配對 CI 不含 0
TRANSCLIP_5SHOT_DONE CropDiseases
>>> [ATHA dump] ChestX 5-shot aug=1 seed=1 n=400  2026-10-05 12:22:57
set seed = 1
FineTune! 5 shots on ChestX dataset
ChestX iteration 0/400 : Query Acc = 20.00, Avg Acc = 20.00% +- 0.00%
ChestX | 0 / 400 Acc = 20.00% +- 0.00%
ChestX iteration 1/400 : Query Acc = 25.33, Avg Acc = 22.67% +- 3.70%
ChestX iteration 2/400 : Query Acc = 24.00, Avg Acc = 23.11% +- 2.56%
ChestX iteration 3/400 : Query Acc = 16.00, Avg Acc = 21.33% +- 3.58%
ChestX iteration 4/400 : Query Acc = 13.33, Avg Acc = 19.73% +- 4.01%
ChestX iteration 5/400 : Query Acc = 16.00, Avg Acc = 19.11% +- 3.52%
ChestX iteration 6/400 : Query Acc = 25.33, Avg Acc = 20.00% +- 3.42%
ChestX iteration 7/400 : Query Acc = 20.00, Avg Acc = 20.00% +- 2.99%
ChestX iteration 8/400 : Query Acc = 32.00, Avg Acc = 21.33% +- 3.63%
ChestX iteration 9/400 : Query Acc = 17.33, Avg Acc = 20.93% +- 3.35%
ChestX iteration 10/400 : Query Acc = 32.00, Avg Acc = 21.94% +- 3.58%
ChestX iteration 11/400 : Query Acc = 25.33, Avg Acc = 22.22% +- 3.32%
ChestX iteration 12/400 : Query Acc = 18.67, Avg Acc = 21.95% +- 3.11%
ChestX iteration 13/400 : Query Acc = 24.00, Avg Acc = 22.10% +- 2.90%
ChestX iteration 14/400 : Query Acc = 24.00, Avg Acc = 22.22% +- 2.72%
ChestX iteration 15/400 : Query Acc = 24.00, Avg Acc = 22.33% +- 2.56%
ChestX iteration 16/400 : Query Acc = 25.33, Avg Acc = 22.51% +- 2.43%
ChestX iteration 17/400 : Query Acc = 18.67, Avg Acc = 22.30% +- 2.33%
ChestX iteration 18/400 : Query Acc = 26.67, Avg Acc = 22.53% +- 2.25%
ChestX iteration 19/400 : Query Acc = 28.00, Avg Acc = 22.80% +- 2.20%
ChestX iteration 20/400 : Query Acc = 22.67, Avg Acc = 22.79% +- 2.10%
ChestX iteration 21/400 : Query Acc = 29.33, Avg Acc = 23.09% +- 2.08%
ChestX iteration 22/400 : Query Acc = 18.67, Avg Acc = 22.90% +- 2.02%
ChestX iteration 23/400 : Query Acc = 33.33, Avg Acc = 23.33% +- 2.11%
ChestX iteration 24/400 : Query Acc = 18.67, Avg Acc = 23.15% +- 2.06%
ChestX iteration 25/400 : Query Acc = 22.67, Avg Acc = 23.13% +- 1.98%
ChestX iteration 26/400 : Query Acc = 22.67, Avg Acc = 23.11% +- 1.91%
ChestX iteration 27/400 : Query Acc = 25.33, Avg Acc = 23.19% +- 1.84%
ChestX iteration 28/400 : Query Acc = 26.67, Avg Acc = 23.31% +- 1.80%
ChestX iteration 29/400 : Query Acc = 25.33, Avg Acc = 23.38% +- 1.74%
ChestX iteration 30/400 : Query Acc = 18.67, Avg Acc = 23.23% +- 1.71%
ChestX iteration 31/400 : Query Acc = 25.33, Avg Acc = 23.29% +- 1.66%
ChestX iteration 32/400 : Query Acc = 20.00, Avg Acc = 23.19% +- 1.62%
ChestX iteration 33/400 : Query Acc = 34.67, Avg Acc = 23.53% +- 1.70%
ChestX iteration 34/400 : Query Acc = 30.67, Avg Acc = 23.73% +- 1.70%
ChestX iteration 35/400 : Query Acc = 26.67, Avg Acc = 23.81% +- 1.66%
ChestX iteration 36/400 : Query Acc = 24.00, Avg Acc = 23.82% +- 1.62%
ChestX iteration 37/400 : Query Acc = 12.00, Avg Acc = 23.51% +- 1.69%
ChestX iteration 38/400 : Query Acc = 21.33, Avg Acc = 23.45% +- 1.65%
ChestX iteration 39/400 : Query Acc = 38.67, Avg Acc = 23.83% +- 1.77%
ChestX iteration 40/400 : Query Acc = 25.33, Avg Acc = 23.87% +- 1.72%
ChestX iteration 41/400 : Query Acc = 28.00, Avg Acc = 23.97% +- 1.69%
ChestX iteration 42/400 : Query Acc = 30.67, Avg Acc = 24.12% +- 1.68%
ChestX iteration 43/400 : Query Acc = 21.33, Avg Acc = 24.06% +- 1.65%
ChestX iteration 44/400 : Query Acc = 20.00, Avg Acc = 23.97% +- 1.62%
ChestX iteration 45/400 : Query Acc = 22.67, Avg Acc = 23.94% +- 1.59%
ChestX iteration 46/400 : Query Acc = 33.33, Avg Acc = 24.14% +- 1.60%
ChestX iteration 47/400 : Query Acc = 17.33, Avg Acc = 24.00% +- 1.59%
ChestX iteration 48/400 : Query Acc = 22.67, Avg Acc = 23.97% +- 1.56%
ChestX iteration 49/400 : Query Acc = 21.33, Avg Acc = 23.92% +- 1.53%
ChestX iteration 50/400 : Query Acc = 21.33, Avg Acc = 23.87% +- 1.50%
ChestX iteration 51/400 : Query Acc = 21.33, Avg Acc = 23.82% +- 1.48%
ChestX iteration 52/400 : Query Acc = 20.00, Avg Acc = 23.75% +- 1.46%
ChestX iteration 53/400 : Query Acc = 17.33, Avg Acc = 23.63% +- 1.45%
ChestX iteration 54/400 : Query Acc = 28.00, Avg Acc = 23.71% +- 1.43%
ChestX iteration 55/400 : Query Acc = 28.00, Avg Acc = 23.79% +- 1.41%
ChestX iteration 56/400 : Query Acc = 30.67, Avg Acc = 23.91% +- 1.41%
ChestX iteration 57/400 : Query Acc = 26.67, Avg Acc = 23.95% +- 1.39%
ChestX iteration 58/400 : Query Acc = 21.33, Avg Acc = 23.91% +- 1.37%
ChestX iteration 59/400 : Query Acc = 30.67, Avg Acc = 24.02% +- 1.36%
ChestX iteration 60/400 : Query Acc = 26.67, Avg Acc = 24.07% +- 1.34%
ChestX iteration 61/400 : Query Acc = 26.67, Avg Acc = 24.11% +- 1.32%
ChestX iteration 62/400 : Query Acc = 26.67, Avg Acc = 24.15% +- 1.30%
ChestX iteration 63/400 : Query Acc = 24.00, Avg Acc = 24.15% +- 1.28%
ChestX iteration 64/400 : Query Acc = 17.33, Avg Acc = 24.04% +- 1.28%
ChestX iteration 65/400 : Query Acc = 26.67, Avg Acc = 24.08% +- 1.26%
ChestX iteration 66/400 : Query Acc = 36.00, Avg Acc = 24.26% +- 1.29%
ChestX iteration 67/400 : Query Acc = 21.33, Avg Acc = 24.22% +- 1.28%
ChestX iteration 68/400 : Query Acc = 21.33, Avg Acc = 24.17% +- 1.26%
ChestX iteration 69/400 : Query Acc = 14.67, Avg Acc = 24.04% +- 1.27%
ChestX iteration 70/400 : Query Acc = 29.33, Avg Acc = 24.11% +- 1.26%
ChestX iteration 71/400 : Query Acc = 28.00, Avg Acc = 24.17% +- 1.25%
ChestX iteration 72/400 : Query Acc = 29.33, Avg Acc = 24.24% +- 1.24%
ChestX iteration 73/400 : Query Acc = 37.33, Avg Acc = 24.41% +- 1.27%
ChestX iteration 74/400 : Query Acc = 25.33, Avg Acc = 24.43% +- 1.25%
ChestX iteration 75/400 : Query Acc = 30.67, Avg Acc = 24.51% +- 1.25%
ChestX iteration 76/400 : Query Acc = 36.00, Avg Acc = 24.66% +- 1.26%
ChestX iteration 77/400 : Query Acc = 25.33, Avg Acc = 24.67% +- 1.25%
ChestX iteration 78/400 : Query Acc = 13.33, Avg Acc = 24.52% +- 1.26%
ChestX iteration 79/400 : Query Acc = 25.33, Avg Acc = 24.53% +- 1.25%
ChestX iteration 80/400 : Query Acc = 18.67, Avg Acc = 24.46% +- 1.24%
ChestX iteration 81/400 : Query Acc = 18.67, Avg Acc = 24.39% +- 1.23%
ChestX iteration 82/400 : Query Acc = 24.00, Avg Acc = 24.39% +- 1.22%
ChestX iteration 83/400 : Query Acc = 24.00, Avg Acc = 24.38% +- 1.20%
ChestX iteration 84/400 : Query Acc = 33.33, Avg Acc = 24.49% +- 1.21%
ChestX iteration 85/400 : Query Acc = 24.00, Avg Acc = 24.48% +- 1.19%
ChestX iteration 86/400 : Query Acc = 24.00, Avg Acc = 24.48% +- 1.18%
ChestX iteration 87/400 : Query Acc = 14.67, Avg Acc = 24.36% +- 1.19%
ChestX iteration 88/400 : Query Acc = 22.67, Avg Acc = 24.34% +- 1.17%
ChestX iteration 89/400 : Query Acc = 24.00, Avg Acc = 24.34% +- 1.16%
ChestX iteration 90/400 : Query Acc = 21.33, Avg Acc = 24.31% +- 1.15%
ChestX iteration 91/400 : Query Acc = 30.67, Avg Acc = 24.38% +- 1.14%
ChestX iteration 92/400 : Query Acc = 33.33, Avg Acc = 24.47% +- 1.15%
ChestX iteration 93/400 : Query Acc = 34.67, Avg Acc = 24.58% +- 1.15%
ChestX iteration 94/400 : Query Acc = 28.00, Avg Acc = 24.62% +- 1.14%
ChestX iteration 95/400 : Query Acc = 36.00, Avg Acc = 24.74% +- 1.16%
ChestX iteration 96/400 : Query Acc = 24.00, Avg Acc = 24.73% +- 1.14%
ChestX iteration 97/400 : Query Acc = 25.33, Avg Acc = 24.73% +- 1.13%
ChestX iteration 98/400 : Query Acc = 20.00, Avg Acc = 24.69% +- 1.13%
ChestX iteration 99/400 : Query Acc = 25.33, Avg Acc = 24.69% +- 1.11%
ChestX iteration 100/400 : Query Acc = 22.67, Avg Acc = 24.67% +- 1.10%
ChestX | 100 / 400 Acc = 24.67% +- 1.10%
ChestX iteration 101/400 : Query Acc = 26.67, Avg Acc = 24.69% +- 1.09%
ChestX iteration 102/400 : Query Acc = 22.67, Avg Acc = 24.67% +- 1.08%
ChestX iteration 103/400 : Query Acc = 20.00, Avg Acc = 24.63% +- 1.08%
ChestX iteration 104/400 : Query Acc = 24.00, Avg Acc = 24.62% +- 1.07%
ChestX iteration 105/400 : Query Acc = 24.00, Avg Acc = 24.62% +- 1.06%
ChestX iteration 106/400 : Query Acc = 22.67, Avg Acc = 24.60% +- 1.05%
ChestX iteration 107/400 : Query Acc = 22.67, Avg Acc = 24.58% +- 1.04%
ChestX iteration 108/400 : Query Acc = 28.00, Avg Acc = 24.61% +- 1.03%
ChestX iteration 109/400 : Query Acc = 33.33, Avg Acc = 24.69% +- 1.03%
ChestX iteration 110/400 : Query Acc = 20.00, Avg Acc = 24.65% +- 1.03%
ChestX iteration 111/400 : Query Acc = 28.00, Avg Acc = 24.68% +- 1.02%
ChestX iteration 112/400 : Query Acc = 14.67, Avg Acc = 24.59% +- 1.02%
ChestX iteration 113/400 : Query Acc = 25.33, Avg Acc = 24.60% +- 1.02%
ChestX iteration 114/400 : Query Acc = 25.33, Avg Acc = 24.60% +- 1.01%
ChestX iteration 115/400 : Query Acc = 20.00, Avg Acc = 24.56% +- 1.00%
ChestX iteration 116/400 : Query Acc = 32.00, Avg Acc = 24.63% +- 1.00%
ChestX iteration 117/400 : Query Acc = 26.67, Avg Acc = 24.64% +- 0.99%
ChestX iteration 118/400 : Query Acc = 24.00, Avg Acc = 24.64% +- 0.98%
ChestX iteration 119/400 : Query Acc = 28.00, Avg Acc = 24.67% +- 0.98%
ChestX iteration 120/400 : Query Acc = 36.00, Avg Acc = 24.76% +- 0.99%
ChestX iteration 121/400 : Query Acc = 24.00, Avg Acc = 24.75% +- 0.98%
ChestX iteration 122/400 : Query Acc = 28.00, Avg Acc = 24.78% +- 0.97%
ChestX iteration 123/400 : Query Acc = 20.00, Avg Acc = 24.74% +- 0.97%
ChestX iteration 124/400 : Query Acc = 24.00, Avg Acc = 24.74% +- 0.96%
ChestX iteration 125/400 : Query Acc = 34.67, Avg Acc = 24.81% +- 0.96%
ChestX iteration 126/400 : Query Acc = 25.33, Avg Acc = 24.82% +- 0.96%
ChestX iteration 127/400 : Query Acc = 13.33, Avg Acc = 24.73% +- 0.97%
ChestX iteration 128/400 : Query Acc = 21.33, Avg Acc = 24.70% +- 0.96%
ChestX iteration 129/400 : Query Acc = 24.00, Avg Acc = 24.70% +- 0.95%
ChestX iteration 130/400 : Query Acc = 22.67, Avg Acc = 24.68% +- 0.95%
ChestX iteration 131/400 : Query Acc = 26.67, Avg Acc = 24.70% +- 0.94%
ChestX iteration 132/400 : Query Acc = 28.00, Avg Acc = 24.72% +- 0.93%
ChestX iteration 133/400 : Query Acc = 18.67, Avg Acc = 24.68% +- 0.93%
ChestX iteration 134/400 : Query Acc = 34.67, Avg Acc = 24.75% +- 0.93%
ChestX iteration 135/400 : Query Acc = 22.67, Avg Acc = 24.74% +- 0.93%
ChestX iteration 136/400 : Query Acc = 25.33, Avg Acc = 24.74% +- 0.92%
ChestX iteration 137/400 : Query Acc = 24.00, Avg Acc = 24.73% +- 0.91%
ChestX iteration 138/400 : Query Acc = 18.67, Avg Acc = 24.69% +- 0.91%
ChestX iteration 139/400 : Query Acc = 40.00, Avg Acc = 24.80% +- 0.93%
ChestX iteration 140/400 : Query Acc = 21.33, Avg Acc = 24.78% +- 0.92%
ChestX iteration 141/400 : Query Acc = 28.00, Avg Acc = 24.80% +- 0.92%
ChestX iteration 142/400 : Query Acc = 24.00, Avg Acc = 24.79% +- 0.91%
ChestX iteration 143/400 : Query Acc = 24.00, Avg Acc = 24.79% +- 0.91%
ChestX iteration 144/400 : Query Acc = 24.00, Avg Acc = 24.78% +- 0.90%
ChestX iteration 145/400 : Query Acc = 24.00, Avg Acc = 24.78% +- 0.89%
ChestX iteration 146/400 : Query Acc = 29.33, Avg Acc = 24.81% +- 0.89%
ChestX iteration 147/400 : Query Acc = 24.00, Avg Acc = 24.80% +- 0.88%
ChestX iteration 148/400 : Query Acc = 20.00, Avg Acc = 24.77% +- 0.88%
ChestX iteration 149/400 : Query Acc = 20.00, Avg Acc = 24.74% +- 0.88%
ChestX iteration 150/400 : Query Acc = 20.00, Avg Acc = 24.71% +- 0.87%
ChestX iteration 151/400 : Query Acc = 18.67, Avg Acc = 24.67% +- 0.87%
ChestX iteration 152/400 : Query Acc = 34.67, Avg Acc = 24.73% +- 0.87%
ChestX iteration 153/400 : Query Acc = 17.33, Avg Acc = 24.68% +- 0.87%
ChestX iteration 154/400 : Query Acc = 22.67, Avg Acc = 24.67% +- 0.87%
ChestX iteration 155/400 : Query Acc = 22.67, Avg Acc = 24.66% +- 0.86%
ChestX iteration 156/400 : Query Acc = 18.67, Avg Acc = 24.62% +- 0.86%
ChestX iteration 157/400 : Query Acc = 29.33, Avg Acc = 24.65% +- 0.86%
ChestX iteration 158/400 : Query Acc = 29.33, Avg Acc = 24.68% +- 0.85%
ChestX iteration 159/400 : Query Acc = 32.00, Avg Acc = 24.73% +- 0.85%
ChestX iteration 160/400 : Query Acc = 20.00, Avg Acc = 24.70% +- 0.85%
ChestX iteration 161/400 : Query Acc = 25.33, Avg Acc = 24.70% +- 0.85%
ChestX iteration 162/400 : Query Acc = 21.33, Avg Acc = 24.68% +- 0.84%
ChestX iteration 163/400 : Query Acc = 20.00, Avg Acc = 24.65% +- 0.84%
ChestX iteration 164/400 : Query Acc = 12.00, Avg Acc = 24.57% +- 0.85%
ChestX iteration 165/400 : Query Acc = 21.33, Avg Acc = 24.55% +- 0.84%
ChestX iteration 166/400 : Query Acc = 22.67, Avg Acc = 24.54% +- 0.84%
ChestX iteration 167/400 : Query Acc = 26.67, Avg Acc = 24.56% +- 0.83%
ChestX iteration 168/400 : Query Acc = 32.00, Avg Acc = 24.60% +- 0.83%
ChestX iteration 169/400 : Query Acc = 29.33, Avg Acc = 24.63% +- 0.83%
ChestX iteration 170/400 : Query Acc = 29.33, Avg Acc = 24.65% +- 0.83%
ChestX iteration 171/400 : Query Acc = 26.67, Avg Acc = 24.67% +- 0.82%
ChestX iteration 172/400 : Query Acc = 32.00, Avg Acc = 24.71% +- 0.82%
ChestX iteration 173/400 : Query Acc = 20.00, Avg Acc = 24.68% +- 0.82%
ChestX iteration 174/400 : Query Acc = 28.00, Avg Acc = 24.70% +- 0.81%
ChestX iteration 175/400 : Query Acc = 30.67, Avg Acc = 24.73% +- 0.81%
ChestX iteration 176/400 : Query Acc = 21.33, Avg Acc = 24.72% +- 0.81%
ChestX iteration 177/400 : Query Acc = 21.33, Avg Acc = 24.70% +- 0.80%
ChestX iteration 178/400 : Query Acc = 30.67, Avg Acc = 24.73% +- 0.80%
ChestX iteration 179/400 : Query Acc = 18.67, Avg Acc = 24.70% +- 0.80%
ChestX iteration 180/400 : Query Acc = 25.33, Avg Acc = 24.70% +- 0.80%
ChestX iteration 181/400 : Query Acc = 21.33, Avg Acc = 24.68% +- 0.79%
ChestX iteration 182/400 : Query Acc = 26.67, Avg Acc = 24.69% +- 0.79%
ChestX iteration 183/400 : Query Acc = 26.67, Avg Acc = 24.70% +- 0.79%
ChestX iteration 184/400 : Query Acc = 25.33, Avg Acc = 24.71% +- 0.78%
ChestX iteration 185/400 : Query Acc = 18.67, Avg Acc = 24.67% +- 0.78%
ChestX iteration 186/400 : Query Acc = 28.00, Avg Acc = 24.69% +- 0.78%
ChestX iteration 187/400 : Query Acc = 32.00, Avg Acc = 24.73% +- 0.78%
ChestX iteration 188/400 : Query Acc = 21.33, Avg Acc = 24.71% +- 0.77%
ChestX iteration 189/400 : Query Acc = 28.00, Avg Acc = 24.73% +- 0.77%
ChestX iteration 190/400 : Query Acc = 29.33, Avg Acc = 24.75% +- 0.77%
ChestX iteration 191/400 : Query Acc = 29.33, Avg Acc = 24.78% +- 0.76%
ChestX iteration 192/400 : Query Acc = 21.33, Avg Acc = 24.76% +- 0.76%
ChestX iteration 193/400 : Query Acc = 30.67, Avg Acc = 24.79% +- 0.76%
ChestX iteration 194/400 : Query Acc = 32.00, Avg Acc = 24.83% +- 0.76%
ChestX iteration 195/400 : Query Acc = 28.00, Avg Acc = 24.84% +- 0.76%
ChestX iteration 196/400 : Query Acc = 32.00, Avg Acc = 24.88% +- 0.75%
ChestX iteration 197/400 : Query Acc = 25.33, Avg Acc = 24.88% +- 0.75%
ChestX iteration 198/400 : Query Acc = 22.67, Avg Acc = 24.87% +- 0.75%
ChestX iteration 199/400 : Query Acc = 24.00, Avg Acc = 24.87% +- 0.74%
ChestX iteration 200/400 : Query Acc = 22.67, Avg Acc = 24.86% +- 0.74%
ChestX | 200 / 400 Acc = 24.86% +- 0.74%
ChestX iteration 201/400 : Query Acc = 29.33, Avg Acc = 24.88% +- 0.74%
ChestX iteration 202/400 : Query Acc = 22.67, Avg Acc = 24.87% +- 0.73%
ChestX iteration 203/400 : Query Acc = 26.67, Avg Acc = 24.88% +- 0.73%
ChestX iteration 204/400 : Query Acc = 21.33, Avg Acc = 24.86% +- 0.73%
ChestX iteration 205/400 : Query Acc = 36.00, Avg Acc = 24.91% +- 0.73%
ChestX iteration 206/400 : Query Acc = 28.00, Avg Acc = 24.93% +- 0.73%
ChestX iteration 207/400 : Query Acc = 18.67, Avg Acc = 24.90% +- 0.73%
ChestX iteration 208/400 : Query Acc = 21.33, Avg Acc = 24.88% +- 0.73%
ChestX iteration 209/400 : Query Acc = 29.33, Avg Acc = 24.90% +- 0.72%
ChestX iteration 210/400 : Query Acc = 24.00, Avg Acc = 24.90% +- 0.72%
ChestX iteration 211/400 : Query Acc = 28.00, Avg Acc = 24.91% +- 0.72%
ChestX iteration 212/400 : Query Acc = 29.33, Avg Acc = 24.93% +- 0.72%
ChestX iteration 213/400 : Query Acc = 16.00, Avg Acc = 24.89% +- 0.72%
ChestX iteration 214/400 : Query Acc = 22.67, Avg Acc = 24.88% +- 0.71%
ChestX iteration 215/400 : Query Acc = 29.33, Avg Acc = 24.90% +- 0.71%
ChestX iteration 216/400 : Query Acc = 29.33, Avg Acc = 24.92% +- 0.71%
ChestX iteration 217/400 : Query Acc = 26.67, Avg Acc = 24.93% +- 0.71%
ChestX iteration 218/400 : Query Acc = 21.33, Avg Acc = 24.91% +- 0.70%
ChestX iteration 219/400 : Query Acc = 29.33, Avg Acc = 24.93% +- 0.70%
ChestX iteration 220/400 : Query Acc = 28.00, Avg Acc = 24.95% +- 0.70%
ChestX iteration 221/400 : Query Acc = 20.00, Avg Acc = 24.92% +- 0.70%
ChestX iteration 222/400 : Query Acc = 30.67, Avg Acc = 24.95% +- 0.70%
ChestX iteration 223/400 : Query Acc = 25.33, Avg Acc = 24.95% +- 0.69%
ChestX iteration 224/400 : Query Acc = 20.00, Avg Acc = 24.93% +- 0.69%
ChestX iteration 225/400 : Query Acc = 32.00, Avg Acc = 24.96% +- 0.69%
ChestX iteration 226/400 : Query Acc = 18.67, Avg Acc = 24.93% +- 0.69%
ChestX iteration 227/400 : Query Acc = 17.33, Avg Acc = 24.90% +- 0.69%
ChestX iteration 228/400 : Query Acc = 25.33, Avg Acc = 24.90% +- 0.69%
ChestX iteration 229/400 : Query Acc = 21.33, Avg Acc = 24.89% +- 0.68%
ChestX iteration 230/400 : Query Acc = 22.67, Avg Acc = 24.88% +- 0.68%
ChestX iteration 231/400 : Query Acc = 22.67, Avg Acc = 24.87% +- 0.68%
ChestX iteration 232/400 : Query Acc = 32.00, Avg Acc = 24.90% +- 0.68%
ChestX iteration 233/400 : Query Acc = 32.00, Avg Acc = 24.93% +- 0.68%
ChestX iteration 234/400 : Query Acc = 20.00, Avg Acc = 24.91% +- 0.68%
ChestX iteration 235/400 : Query Acc = 20.00, Avg Acc = 24.89% +- 0.68%
ChestX iteration 236/400 : Query Acc = 14.67, Avg Acc = 24.84% +- 0.68%
ChestX iteration 237/400 : Query Acc = 25.33, Avg Acc = 24.85% +- 0.67%
ChestX iteration 238/400 : Query Acc = 22.67, Avg Acc = 24.84% +- 0.67%
ChestX iteration 239/400 : Query Acc = 20.00, Avg Acc = 24.82% +- 0.67%
ChestX iteration 240/400 : Query Acc = 29.33, Avg Acc = 24.84% +- 0.67%
ChestX iteration 241/400 : Query Acc = 14.67, Avg Acc = 24.79% +- 0.67%
ChestX iteration 242/400 : Query Acc = 25.33, Avg Acc = 24.80% +- 0.67%
ChestX iteration 243/400 : Query Acc = 29.33, Avg Acc = 24.81% +- 0.67%
ChestX iteration 244/400 : Query Acc = 16.00, Avg Acc = 24.78% +- 0.67%
ChestX iteration 245/400 : Query Acc = 29.33, Avg Acc = 24.80% +- 0.67%
ChestX iteration 246/400 : Query Acc = 25.33, Avg Acc = 24.80% +- 0.66%
ChestX iteration 247/400 : Query Acc = 18.67, Avg Acc = 24.77% +- 0.66%
ChestX iteration 248/400 : Query Acc = 28.00, Avg Acc = 24.79% +- 0.66%
ChestX iteration 249/400 : Query Acc = 20.00, Avg Acc = 24.77% +- 0.66%
ChestX iteration 250/400 : Query Acc = 28.00, Avg Acc = 24.78% +- 0.66%
ChestX iteration 251/400 : Query Acc = 21.33, Avg Acc = 24.77% +- 0.65%
ChestX iteration 252/400 : Query Acc = 25.33, Avg Acc = 24.77% +- 0.65%
ChestX iteration 253/400 : Query Acc = 21.33, Avg Acc = 24.76% +- 0.65%
ChestX iteration 254/400 : Query Acc = 14.67, Avg Acc = 24.72% +- 0.65%
ChestX iteration 255/400 : Query Acc = 16.00, Avg Acc = 24.68% +- 0.65%
ChestX iteration 256/400 : Query Acc = 22.67, Avg Acc = 24.67% +- 0.65%
ChestX iteration 257/400 : Query Acc = 9.33, Avg Acc = 24.61% +- 0.66%
ChestX iteration 258/400 : Query Acc = 20.00, Avg Acc = 24.60% +- 0.66%
ChestX iteration 259/400 : Query Acc = 28.00, Avg Acc = 24.61% +- 0.65%
ChestX iteration 260/400 : Query Acc = 24.00, Avg Acc = 24.61% +- 0.65%
ChestX iteration 261/400 : Query Acc = 21.33, Avg Acc = 24.60% +- 0.65%
ChestX iteration 262/400 : Query Acc = 25.33, Avg Acc = 24.60% +- 0.65%
ChestX iteration 263/400 : Query Acc = 30.67, Avg Acc = 24.62% +- 0.65%
ChestX iteration 264/400 : Query Acc = 26.67, Avg Acc = 24.63% +- 0.64%
ChestX iteration 265/400 : Query Acc = 25.33, Avg Acc = 24.63% +- 0.64%
ChestX iteration 266/400 : Query Acc = 26.67, Avg Acc = 24.64% +- 0.64%
ChestX iteration 267/400 : Query Acc = 20.00, Avg Acc = 24.62% +- 0.64%
ChestX iteration 268/400 : Query Acc = 20.00, Avg Acc = 24.60% +- 0.64%
ChestX iteration 269/400 : Query Acc = 28.00, Avg Acc = 24.62% +- 0.63%
ChestX iteration 270/400 : Query Acc = 24.00, Avg Acc = 24.62% +- 0.63%
ChestX iteration 271/400 : Query Acc = 22.67, Avg Acc = 24.61% +- 0.63%
ChestX iteration 272/400 : Query Acc = 24.00, Avg Acc = 24.61% +- 0.63%
ChestX iteration 273/400 : Query Acc = 26.67, Avg Acc = 24.61% +- 0.63%
ChestX iteration 274/400 : Query Acc = 21.33, Avg Acc = 24.60% +- 0.62%
ChestX iteration 275/400 : Query Acc = 24.00, Avg Acc = 24.60% +- 0.62%
ChestX iteration 276/400 : Query Acc = 22.67, Avg Acc = 24.59% +- 0.62%
ChestX iteration 277/400 : Query Acc = 28.00, Avg Acc = 24.60% +- 0.62%
ChestX iteration 278/400 : Query Acc = 32.00, Avg Acc = 24.63% +- 0.62%
ChestX iteration 279/400 : Query Acc = 28.00, Avg Acc = 24.64% +- 0.62%
ChestX iteration 280/400 : Query Acc = 26.67, Avg Acc = 24.65% +- 0.61%
ChestX iteration 281/400 : Query Acc = 12.00, Avg Acc = 24.61% +- 0.62%
ChestX iteration 282/400 : Query Acc = 33.33, Avg Acc = 24.64% +- 0.62%
ChestX iteration 283/400 : Query Acc = 16.00, Avg Acc = 24.61% +- 0.62%
ChestX iteration 284/400 : Query Acc = 28.00, Avg Acc = 24.62% +- 0.62%
ChestX iteration 285/400 : Query Acc = 16.00, Avg Acc = 24.59% +- 0.62%
ChestX iteration 286/400 : Query Acc = 17.33, Avg Acc = 24.56% +- 0.62%
ChestX iteration 287/400 : Query Acc = 18.67, Avg Acc = 24.54% +- 0.62%
ChestX iteration 288/400 : Query Acc = 21.33, Avg Acc = 24.53% +- 0.62%
ChestX iteration 289/400 : Query Acc = 26.67, Avg Acc = 24.54% +- 0.61%
ChestX iteration 290/400 : Query Acc = 24.00, Avg Acc = 24.54% +- 0.61%
ChestX iteration 291/400 : Query Acc = 17.33, Avg Acc = 24.51% +- 0.61%
ChestX iteration 292/400 : Query Acc = 37.33, Avg Acc = 24.56% +- 0.62%
ChestX iteration 293/400 : Query Acc = 30.67, Avg Acc = 24.58% +- 0.61%
ChestX iteration 294/400 : Query Acc = 20.00, Avg Acc = 24.56% +- 0.61%
ChestX iteration 295/400 : Query Acc = 20.00, Avg Acc = 24.55% +- 0.61%
ChestX iteration 296/400 : Query Acc = 28.00, Avg Acc = 24.56% +- 0.61%
ChestX iteration 297/400 : Query Acc = 33.33, Avg Acc = 24.59% +- 0.61%
ChestX iteration 298/400 : Query Acc = 21.33, Avg Acc = 24.58% +- 0.61%
ChestX iteration 299/400 : Query Acc = 24.00, Avg Acc = 24.57% +- 0.61%
ChestX iteration 300/400 : Query Acc = 26.67, Avg Acc = 24.58% +- 0.61%
ChestX | 300 / 400 Acc = 24.58% +- 0.61%
ChestX iteration 301/400 : Query Acc = 26.67, Avg Acc = 24.59% +- 0.60%
ChestX iteration 302/400 : Query Acc = 24.00, Avg Acc = 24.59% +- 0.60%
ChestX iteration 303/400 : Query Acc = 20.00, Avg Acc = 24.57% +- 0.60%
ChestX iteration 304/400 : Query Acc = 21.33, Avg Acc = 24.56% +- 0.60%
ChestX iteration 305/400 : Query Acc = 22.67, Avg Acc = 24.55% +- 0.60%
ChestX iteration 306/400 : Query Acc = 30.67, Avg Acc = 24.57% +- 0.60%
ChestX iteration 307/400 : Query Acc = 36.00, Avg Acc = 24.61% +- 0.60%
ChestX iteration 308/400 : Query Acc = 21.33, Avg Acc = 24.60% +- 0.60%
ChestX iteration 309/400 : Query Acc = 26.67, Avg Acc = 24.61% +- 0.60%
ChestX iteration 310/400 : Query Acc = 28.00, Avg Acc = 24.62% +- 0.59%
ChestX iteration 311/400 : Query Acc = 21.33, Avg Acc = 24.61% +- 0.59%
ChestX iteration 312/400 : Query Acc = 20.00, Avg Acc = 24.59% +- 0.59%
ChestX iteration 313/400 : Query Acc = 24.00, Avg Acc = 24.59% +- 0.59%
ChestX iteration 314/400 : Query Acc = 22.67, Avg Acc = 24.58% +- 0.59%
ChestX iteration 315/400 : Query Acc = 22.67, Avg Acc = 24.58% +- 0.59%
ChestX iteration 316/400 : Query Acc = 17.33, Avg Acc = 24.56% +- 0.59%
ChestX iteration 317/400 : Query Acc = 21.33, Avg Acc = 24.55% +- 0.58%
ChestX iteration 318/400 : Query Acc = 14.67, Avg Acc = 24.51% +- 0.59%
ChestX iteration 319/400 : Query Acc = 28.00, Avg Acc = 24.52% +- 0.58%
ChestX iteration 320/400 : Query Acc = 21.33, Avg Acc = 24.52% +- 0.58%
ChestX iteration 321/400 : Query Acc = 24.00, Avg Acc = 24.51% +- 0.58%
ChestX iteration 322/400 : Query Acc = 22.67, Avg Acc = 24.51% +- 0.58%
ChestX iteration 323/400 : Query Acc = 25.33, Avg Acc = 24.51% +- 0.58%
ChestX iteration 324/400 : Query Acc = 26.67, Avg Acc = 24.52% +- 0.58%
ChestX iteration 325/400 : Query Acc = 22.67, Avg Acc = 24.51% +- 0.57%
ChestX iteration 326/400 : Query Acc = 22.67, Avg Acc = 24.51% +- 0.57%
ChestX iteration 327/400 : Query Acc = 25.33, Avg Acc = 24.51% +- 0.57%
ChestX iteration 328/400 : Query Acc = 20.00, Avg Acc = 24.49% +- 0.57%
ChestX iteration 329/400 : Query Acc = 20.00, Avg Acc = 24.48% +- 0.57%
ChestX iteration 330/400 : Query Acc = 36.00, Avg Acc = 24.52% +- 0.57%
ChestX iteration 331/400 : Query Acc = 36.00, Avg Acc = 24.55% +- 0.57%
ChestX iteration 332/400 : Query Acc = 14.67, Avg Acc = 24.52% +- 0.57%
ChestX iteration 333/400 : Query Acc = 21.33, Avg Acc = 24.51% +- 0.57%
ChestX iteration 334/400 : Query Acc = 21.33, Avg Acc = 24.50% +- 0.57%
ChestX iteration 335/400 : Query Acc = 24.00, Avg Acc = 24.50% +- 0.57%
ChestX iteration 336/400 : Query Acc = 13.33, Avg Acc = 24.47% +- 0.57%
ChestX iteration 337/400 : Query Acc = 20.00, Avg Acc = 24.45% +- 0.57%
ChestX iteration 338/400 : Query Acc = 26.67, Avg Acc = 24.46% +- 0.57%
ChestX iteration 339/400 : Query Acc = 26.67, Avg Acc = 24.47% +- 0.57%
ChestX iteration 340/400 : Query Acc = 22.67, Avg Acc = 24.46% +- 0.57%
ChestX iteration 341/400 : Query Acc = 28.00, Avg Acc = 24.47% +- 0.56%
ChestX iteration 342/400 : Query Acc = 24.00, Avg Acc = 24.47% +- 0.56%
ChestX iteration 343/400 : Query Acc = 42.67, Avg Acc = 24.52% +- 0.57%
ChestX iteration 344/400 : Query Acc = 26.67, Avg Acc = 24.53% +- 0.57%
ChestX iteration 345/400 : Query Acc = 20.00, Avg Acc = 24.52% +- 0.57%
ChestX iteration 346/400 : Query Acc = 33.33, Avg Acc = 24.54% +- 0.57%
ChestX iteration 347/400 : Query Acc = 21.33, Avg Acc = 24.53% +- 0.57%
ChestX iteration 348/400 : Query Acc = 14.67, Avg Acc = 24.50% +- 0.57%
ChestX iteration 349/400 : Query Acc = 24.00, Avg Acc = 24.50% +- 0.57%
ChestX iteration 350/400 : Query Acc = 22.67, Avg Acc = 24.50% +- 0.57%
ChestX iteration 351/400 : Query Acc = 22.67, Avg Acc = 24.49% +- 0.56%
ChestX iteration 352/400 : Query Acc = 28.00, Avg Acc = 24.50% +- 0.56%
ChestX iteration 353/400 : Query Acc = 29.33, Avg Acc = 24.52% +- 0.56%
ChestX iteration 354/400 : Query Acc = 29.33, Avg Acc = 24.53% +- 0.56%
ChestX iteration 355/400 : Query Acc = 20.00, Avg Acc = 24.52% +- 0.56%
ChestX iteration 356/400 : Query Acc = 28.00, Avg Acc = 24.53% +- 0.56%
ChestX iteration 357/400 : Query Acc = 29.33, Avg Acc = 24.54% +- 0.56%
ChestX iteration 358/400 : Query Acc = 22.67, Avg Acc = 24.53% +- 0.56%
ChestX iteration 359/400 : Query Acc = 28.00, Avg Acc = 24.54% +- 0.55%
ChestX iteration 360/400 : Query Acc = 37.33, Avg Acc = 24.58% +- 0.56%
ChestX iteration 361/400 : Query Acc = 29.33, Avg Acc = 24.59% +- 0.56%
ChestX iteration 362/400 : Query Acc = 24.00, Avg Acc = 24.59% +- 0.56%
ChestX iteration 363/400 : Query Acc = 20.00, Avg Acc = 24.58% +- 0.55%
ChestX iteration 364/400 : Query Acc = 24.00, Avg Acc = 24.58% +- 0.55%
ChestX iteration 365/400 : Query Acc = 20.00, Avg Acc = 24.56% +- 0.55%
ChestX iteration 366/400 : Query Acc = 21.33, Avg Acc = 24.56% +- 0.55%
ChestX iteration 367/400 : Query Acc = 17.33, Avg Acc = 24.54% +- 0.55%
ChestX iteration 368/400 : Query Acc = 21.33, Avg Acc = 24.53% +- 0.55%
ChestX iteration 369/400 : Query Acc = 29.33, Avg Acc = 24.54% +- 0.55%
ChestX iteration 370/400 : Query Acc = 24.00, Avg Acc = 24.54% +- 0.55%
ChestX iteration 371/400 : Query Acc = 30.67, Avg Acc = 24.56% +- 0.55%
ChestX iteration 372/400 : Query Acc = 21.33, Avg Acc = 24.55% +- 0.55%
ChestX iteration 373/400 : Query Acc = 29.33, Avg Acc = 24.56% +- 0.54%
ChestX iteration 374/400 : Query Acc = 22.67, Avg Acc = 24.55% +- 0.54%
ChestX iteration 375/400 : Query Acc = 26.67, Avg Acc = 24.56% +- 0.54%
ChestX iteration 376/400 : Query Acc = 22.67, Avg Acc = 24.56% +- 0.54%
ChestX iteration 377/400 : Query Acc = 30.67, Avg Acc = 24.57% +- 0.54%
ChestX iteration 378/400 : Query Acc = 24.00, Avg Acc = 24.57% +- 0.54%
ChestX iteration 379/400 : Query Acc = 22.67, Avg Acc = 24.56% +- 0.54%
ChestX iteration 380/400 : Query Acc = 17.33, Avg Acc = 24.55% +- 0.54%
ChestX iteration 381/400 : Query Acc = 21.33, Avg Acc = 24.54% +- 0.54%
ChestX iteration 382/400 : Query Acc = 21.33, Avg Acc = 24.53% +- 0.53%
ChestX iteration 383/400 : Query Acc = 28.00, Avg Acc = 24.54% +- 0.53%
ChestX iteration 384/400 : Query Acc = 26.67, Avg Acc = 24.54% +- 0.53%
ChestX iteration 385/400 : Query Acc = 24.00, Avg Acc = 24.54% +- 0.53%
ChestX iteration 386/400 : Query Acc = 18.67, Avg Acc = 24.53% +- 0.53%
ChestX iteration 387/400 : Query Acc = 22.67, Avg Acc = 24.52% +- 0.53%
ChestX iteration 388/400 : Query Acc = 29.33, Avg Acc = 24.53% +- 0.53%
ChestX iteration 389/400 : Query Acc = 17.33, Avg Acc = 24.52% +- 0.53%
ChestX iteration 390/400 : Query Acc = 30.67, Avg Acc = 24.53% +- 0.53%
ChestX iteration 391/400 : Query Acc = 22.67, Avg Acc = 24.53% +- 0.53%
ChestX iteration 392/400 : Query Acc = 34.67, Avg Acc = 24.55% +- 0.53%
ChestX iteration 393/400 : Query Acc = 29.33, Avg Acc = 24.57% +- 0.53%
ChestX iteration 394/400 : Query Acc = 25.33, Avg Acc = 24.57% +- 0.53%
ChestX iteration 395/400 : Query Acc = 21.33, Avg Acc = 24.56% +- 0.52%
ChestX iteration 396/400 : Query Acc = 29.33, Avg Acc = 24.57% +- 0.52%
ChestX iteration 397/400 : Query Acc = 26.67, Avg Acc = 24.58% +- 0.52%
ChestX iteration 398/400 : Query Acc = 21.33, Avg Acc = 24.57% +- 0.52%
ChestX iteration 399/400 : Query Acc = 28.00, Avg Acc = 24.58% +- 0.52%
Ches 400 Test Acc = 24.58% +- 0.52%
全部完成 2026-10-05 16:09:41
400 個 episode  /home/ccoliu/atha_dumps/ChestX_5shot_seed1
baseline（inductive，模型輸出）：24.58

設定（初始化:gamma）              準確率         − baseline（配對）
model4:0.002             24.51     -0.07 ± 0.22

* = 配對 CI 不含 0
TRANSCLIP_5SHOT_DONE ChestX
TRANSCLIP_5SHOT_ALL_DONE 2026-10-05 16:10:40
