等待 run_transclip_5shot_all.sh 跑完  2026-10-05 14:15:10
>>> [ATHA dump] CropDiseases（bscd）1-shot seed=1 n=800  2026-10-05 16:11:10
set seed = 1
FineTune! 1 shots on CropDiseases dataset
CropDiseases iteration 0/800 : Query Acc = 93.33, Avg Acc = 93.33% +- 0.00%
CropDiseases | 0 / 800 Acc = 93.33% +- 0.00%
CropDiseases iteration 1/800 : Query Acc = 84.00, Avg Acc = 88.67% +- 6.47%
CropDiseases iteration 2/800 : Query Acc = 82.67, Avg Acc = 86.67% +- 5.37%
CropDiseases iteration 3/800 : Query Acc = 90.67, Avg Acc = 87.67% +- 4.37%
CropDiseases iteration 4/800 : Query Acc = 65.33, Avg Acc = 83.20% +- 8.58%
CropDiseases iteration 5/800 : Query Acc = 84.00, Avg Acc = 83.33% +- 7.15%
CropDiseases iteration 6/800 : Query Acc = 84.00, Avg Acc = 83.43% +- 6.13%
CropDiseases iteration 7/800 : Query Acc = 85.33, Avg Acc = 83.67% +- 5.38%
CropDiseases iteration 8/800 : Query Acc = 98.67, Avg Acc = 85.33% +- 5.69%
CropDiseases iteration 9/800 : Query Acc = 88.00, Avg Acc = 85.60% +- 5.15%
CropDiseases iteration 10/800 : Query Acc = 90.67, Avg Acc = 86.06% +- 4.76%
CropDiseases iteration 11/800 : Query Acc = 88.00, Avg Acc = 86.22% +- 4.37%
CropDiseases iteration 12/800 : Query Acc = 90.67, Avg Acc = 86.56% +- 4.08%
CropDiseases iteration 13/800 : Query Acc = 76.00, Avg Acc = 85.81% +- 4.05%
CropDiseases iteration 14/800 : Query Acc = 72.00, Avg Acc = 84.89% +- 4.16%
CropDiseases iteration 15/800 : Query Acc = 85.33, Avg Acc = 84.92% +- 3.90%
CropDiseases iteration 16/800 : Query Acc = 85.33, Avg Acc = 84.94% +- 3.68%
CropDiseases iteration 17/800 : Query Acc = 90.67, Avg Acc = 85.26% +- 3.52%
CropDiseases iteration 18/800 : Query Acc = 50.67, Avg Acc = 83.44% +- 4.82%
CropDiseases iteration 19/800 : Query Acc = 100.00, Avg Acc = 84.27% +- 4.84%
CropDiseases iteration 20/800 : Query Acc = 68.00, Avg Acc = 83.49% +- 4.84%
CropDiseases iteration 21/800 : Query Acc = 81.33, Avg Acc = 83.39% +- 4.63%
CropDiseases iteration 22/800 : Query Acc = 88.00, Avg Acc = 83.59% +- 4.44%
CropDiseases iteration 23/800 : Query Acc = 52.00, Avg Acc = 82.28% +- 4.95%
CropDiseases iteration 24/800 : Query Acc = 92.00, Avg Acc = 82.67% +- 4.81%
CropDiseases iteration 25/800 : Query Acc = 97.33, Avg Acc = 83.23% +- 4.75%
CropDiseases iteration 26/800 : Query Acc = 89.33, Avg Acc = 83.46% +- 4.60%
CropDiseases iteration 27/800 : Query Acc = 84.00, Avg Acc = 83.48% +- 4.43%
CropDiseases iteration 28/800 : Query Acc = 86.67, Avg Acc = 83.59% +- 4.28%
CropDiseases iteration 29/800 : Query Acc = 89.33, Avg Acc = 83.78% +- 4.16%
CropDiseases iteration 30/800 : Query Acc = 96.00, Avg Acc = 84.17% +- 4.09%
CropDiseases iteration 31/800 : Query Acc = 94.67, Avg Acc = 84.50% +- 4.02%
CropDiseases iteration 32/800 : Query Acc = 89.33, Avg Acc = 84.65% +- 3.91%
CropDiseases iteration 33/800 : Query Acc = 73.33, Avg Acc = 84.31% +- 3.84%
CropDiseases iteration 34/800 : Query Acc = 70.67, Avg Acc = 83.92% +- 3.81%
CropDiseases iteration 35/800 : Query Acc = 90.67, Avg Acc = 84.11% +- 3.72%
CropDiseases iteration 36/800 : Query Acc = 84.00, Avg Acc = 84.11% +- 3.62%
CropDiseases iteration 37/800 : Query Acc = 84.00, Avg Acc = 84.11% +- 3.53%
CropDiseases iteration 38/800 : Query Acc = 97.33, Avg Acc = 84.44% +- 3.50%
CropDiseases iteration 39/800 : Query Acc = 90.67, Avg Acc = 84.60% +- 3.42%
CropDiseases iteration 40/800 : Query Acc = 97.33, Avg Acc = 84.91% +- 3.39%
CropDiseases iteration 41/800 : Query Acc = 78.67, Avg Acc = 84.76% +- 3.33%
CropDiseases iteration 42/800 : Query Acc = 97.33, Avg Acc = 85.05% +- 3.30%
CropDiseases iteration 43/800 : Query Acc = 90.67, Avg Acc = 85.18% +- 3.23%
CropDiseases iteration 44/800 : Query Acc = 92.00, Avg Acc = 85.33% +- 3.17%
CropDiseases iteration 45/800 : Query Acc = 82.67, Avg Acc = 85.28% +- 3.11%
CropDiseases iteration 46/800 : Query Acc = 94.67, Avg Acc = 85.48% +- 3.06%
CropDiseases iteration 47/800 : Query Acc = 90.67, Avg Acc = 85.58% +- 3.01%
CropDiseases iteration 48/800 : Query Acc = 90.67, Avg Acc = 85.69% +- 2.95%
CropDiseases iteration 49/800 : Query Acc = 97.33, Avg Acc = 85.92% +- 2.93%
CropDiseases iteration 50/800 : Query Acc = 84.00, Avg Acc = 85.88% +- 2.87%
CropDiseases iteration 51/800 : Query Acc = 81.33, Avg Acc = 85.79% +- 2.82%
CropDiseases iteration 52/800 : Query Acc = 96.00, Avg Acc = 85.99% +- 2.80%
CropDiseases iteration 53/800 : Query Acc = 100.00, Avg Acc = 86.25% +- 2.79%
CropDiseases iteration 54/800 : Query Acc = 97.33, Avg Acc = 86.45% +- 2.77%
CropDiseases iteration 55/800 : Query Acc = 90.67, Avg Acc = 86.52% +- 2.72%
CropDiseases iteration 56/800 : Query Acc = 85.33, Avg Acc = 86.50% +- 2.67%
CropDiseases iteration 57/800 : Query Acc = 93.33, Avg Acc = 86.62% +- 2.64%
CropDiseases iteration 58/800 : Query Acc = 80.00, Avg Acc = 86.51% +- 2.60%
CropDiseases iteration 59/800 : Query Acc = 88.00, Avg Acc = 86.53% +- 2.56%
CropDiseases iteration 60/800 : Query Acc = 94.67, Avg Acc = 86.67% +- 2.53%
CropDiseases iteration 61/800 : Query Acc = 90.67, Avg Acc = 86.73% +- 2.49%
CropDiseases iteration 62/800 : Query Acc = 88.00, Avg Acc = 86.75% +- 2.45%
CropDiseases iteration 63/800 : Query Acc = 69.33, Avg Acc = 86.48% +- 2.47%
CropDiseases iteration 64/800 : Query Acc = 94.67, Avg Acc = 86.61% +- 2.45%
CropDiseases iteration 65/800 : Query Acc = 86.67, Avg Acc = 86.61% +- 2.41%
CropDiseases iteration 66/800 : Query Acc = 90.67, Avg Acc = 86.67% +- 2.38%
CropDiseases iteration 67/800 : Query Acc = 93.33, Avg Acc = 86.76% +- 2.35%
CropDiseases iteration 68/800 : Query Acc = 86.67, Avg Acc = 86.76% +- 2.32%
CropDiseases iteration 69/800 : Query Acc = 78.67, Avg Acc = 86.65% +- 2.29%
CropDiseases iteration 70/800 : Query Acc = 64.00, Avg Acc = 86.33% +- 2.34%
CropDiseases iteration 71/800 : Query Acc = 94.67, Avg Acc = 86.44% +- 2.32%
CropDiseases iteration 72/800 : Query Acc = 72.00, Avg Acc = 86.25% +- 2.32%
CropDiseases iteration 73/800 : Query Acc = 85.33, Avg Acc = 86.23% +- 2.29%
CropDiseases iteration 74/800 : Query Acc = 92.00, Avg Acc = 86.31% +- 2.27%
CropDiseases iteration 75/800 : Query Acc = 82.67, Avg Acc = 86.26% +- 2.24%
CropDiseases iteration 76/800 : Query Acc = 94.67, Avg Acc = 86.37% +- 2.22%
CropDiseases iteration 77/800 : Query Acc = 90.67, Avg Acc = 86.43% +- 2.19%
CropDiseases iteration 78/800 : Query Acc = 93.33, Avg Acc = 86.51% +- 2.17%
CropDiseases iteration 79/800 : Query Acc = 89.33, Avg Acc = 86.55% +- 2.15%
CropDiseases iteration 80/800 : Query Acc = 61.33, Avg Acc = 86.24% +- 2.21%
CropDiseases iteration 81/800 : Query Acc = 84.00, Avg Acc = 86.21% +- 2.18%
CropDiseases iteration 82/800 : Query Acc = 97.33, Avg Acc = 86.35% +- 2.17%
CropDiseases iteration 83/800 : Query Acc = 94.67, Avg Acc = 86.44% +- 2.15%
CropDiseases iteration 84/800 : Query Acc = 98.67, Avg Acc = 86.59% +- 2.14%
CropDiseases iteration 85/800 : Query Acc = 97.33, Avg Acc = 86.71% +- 2.13%
CropDiseases iteration 86/800 : Query Acc = 60.00, Avg Acc = 86.41% +- 2.19%
CropDiseases iteration 87/800 : Query Acc = 93.33, Avg Acc = 86.48% +- 2.17%
CropDiseases iteration 88/800 : Query Acc = 90.67, Avg Acc = 86.53% +- 2.15%
CropDiseases iteration 89/800 : Query Acc = 80.00, Avg Acc = 86.46% +- 2.13%
CropDiseases iteration 90/800 : Query Acc = 92.00, Avg Acc = 86.52% +- 2.11%
CropDiseases iteration 91/800 : Query Acc = 93.33, Avg Acc = 86.59% +- 2.09%
CropDiseases iteration 92/800 : Query Acc = 85.33, Avg Acc = 86.58% +- 2.07%
CropDiseases iteration 93/800 : Query Acc = 80.00, Avg Acc = 86.51% +- 2.05%
CropDiseases iteration 94/800 : Query Acc = 89.33, Avg Acc = 86.54% +- 2.03%
CropDiseases iteration 95/800 : Query Acc = 78.67, Avg Acc = 86.46% +- 2.02%
CropDiseases iteration 96/800 : Query Acc = 93.33, Avg Acc = 86.53% +- 2.00%
CropDiseases iteration 97/800 : Query Acc = 86.67, Avg Acc = 86.53% +- 1.98%
CropDiseases iteration 98/800 : Query Acc = 98.67, Avg Acc = 86.65% +- 1.98%
CropDiseases iteration 99/800 : Query Acc = 62.67, Avg Acc = 86.41% +- 2.01%
CropDiseases iteration 100/800 : Query Acc = 97.33, Avg Acc = 86.52% +- 2.00%
CropDiseases | 100 / 800 Acc = 86.52% +- 2.00%
CropDiseases iteration 101/800 : Query Acc = 97.33, Avg Acc = 86.63% +- 1.99%
CropDiseases iteration 102/800 : Query Acc = 93.33, Avg Acc = 86.69% +- 1.98%
CropDiseases iteration 103/800 : Query Acc = 77.33, Avg Acc = 86.60% +- 1.97%
CropDiseases iteration 104/800 : Query Acc = 93.33, Avg Acc = 86.67% +- 1.95%
CropDiseases iteration 105/800 : Query Acc = 92.00, Avg Acc = 86.72% +- 1.94%
CropDiseases iteration 106/800 : Query Acc = 81.33, Avg Acc = 86.67% +- 1.92%
CropDiseases iteration 107/800 : Query Acc = 94.67, Avg Acc = 86.74% +- 1.91%
CropDiseases iteration 108/800 : Query Acc = 97.33, Avg Acc = 86.84% +- 1.90%
CropDiseases iteration 109/800 : Query Acc = 78.67, Avg Acc = 86.76% +- 1.89%
CropDiseases iteration 110/800 : Query Acc = 98.67, Avg Acc = 86.87% +- 1.88%
CropDiseases iteration 111/800 : Query Acc = 81.33, Avg Acc = 86.82% +- 1.87%
CropDiseases iteration 112/800 : Query Acc = 78.67, Avg Acc = 86.75% +- 1.86%
CropDiseases iteration 113/800 : Query Acc = 88.00, Avg Acc = 86.76% +- 1.84%
CropDiseases iteration 114/800 : Query Acc = 82.67, Avg Acc = 86.72% +- 1.83%
CropDiseases iteration 115/800 : Query Acc = 94.67, Avg Acc = 86.79% +- 1.82%
CropDiseases iteration 116/800 : Query Acc = 89.33, Avg Acc = 86.81% +- 1.80%
CropDiseases iteration 117/800 : Query Acc = 81.33, Avg Acc = 86.77% +- 1.79%
CropDiseases iteration 118/800 : Query Acc = 78.67, Avg Acc = 86.70% +- 1.78%
CropDiseases iteration 119/800 : Query Acc = 93.33, Avg Acc = 86.76% +- 1.77%
CropDiseases iteration 120/800 : Query Acc = 69.33, Avg Acc = 86.61% +- 1.77%
CropDiseases iteration 121/800 : Query Acc = 85.33, Avg Acc = 86.60% +- 1.76%
CropDiseases iteration 122/800 : Query Acc = 97.33, Avg Acc = 86.69% +- 1.75%
CropDiseases iteration 123/800 : Query Acc = 85.33, Avg Acc = 86.68% +- 1.74%
CropDiseases iteration 124/800 : Query Acc = 74.67, Avg Acc = 86.58% +- 1.74%
CropDiseases iteration 125/800 : Query Acc = 85.33, Avg Acc = 86.57% +- 1.72%
CropDiseases iteration 126/800 : Query Acc = 84.00, Avg Acc = 86.55% +- 1.71%
CropDiseases iteration 127/800 : Query Acc = 85.33, Avg Acc = 86.54% +- 1.70%
CropDiseases iteration 128/800 : Query Acc = 93.33, Avg Acc = 86.59% +- 1.69%
CropDiseases iteration 129/800 : Query Acc = 85.33, Avg Acc = 86.58% +- 1.67%
CropDiseases iteration 130/800 : Query Acc = 96.00, Avg Acc = 86.66% +- 1.67%
CropDiseases iteration 131/800 : Query Acc = 64.00, Avg Acc = 86.48% +- 1.69%
CropDiseases iteration 132/800 : Query Acc = 82.67, Avg Acc = 86.46% +- 1.68%
CropDiseases iteration 133/800 : Query Acc = 100.00, Avg Acc = 86.56% +- 1.67%
CropDiseases iteration 134/800 : Query Acc = 74.67, Avg Acc = 86.47% +- 1.67%
CropDiseases iteration 135/800 : Query Acc = 92.00, Avg Acc = 86.51% +- 1.66%
CropDiseases iteration 136/800 : Query Acc = 92.00, Avg Acc = 86.55% +- 1.65%
CropDiseases iteration 137/800 : Query Acc = 92.00, Avg Acc = 86.59% +- 1.64%
CropDiseases iteration 138/800 : Query Acc = 88.00, Avg Acc = 86.60% +- 1.63%
CropDiseases iteration 139/800 : Query Acc = 85.33, Avg Acc = 86.59% +- 1.62%
CropDiseases iteration 140/800 : Query Acc = 80.00, Avg Acc = 86.54% +- 1.61%
CropDiseases iteration 141/800 : Query Acc = 78.67, Avg Acc = 86.49% +- 1.60%
CropDiseases iteration 142/800 : Query Acc = 72.00, Avg Acc = 86.39% +- 1.60%
CropDiseases iteration 143/800 : Query Acc = 92.00, Avg Acc = 86.43% +- 1.59%
CropDiseases iteration 144/800 : Query Acc = 82.67, Avg Acc = 86.40% +- 1.58%
CropDiseases iteration 145/800 : Query Acc = 80.00, Avg Acc = 86.36% +- 1.57%
CropDiseases iteration 146/800 : Query Acc = 98.67, Avg Acc = 86.44% +- 1.57%
CropDiseases iteration 147/800 : Query Acc = 77.33, Avg Acc = 86.38% +- 1.57%
CropDiseases iteration 148/800 : Query Acc = 88.00, Avg Acc = 86.39% +- 1.56%
CropDiseases iteration 149/800 : Query Acc = 86.67, Avg Acc = 86.39% +- 1.54%
CropDiseases iteration 150/800 : Query Acc = 88.00, Avg Acc = 86.40% +- 1.53%
CropDiseases iteration 151/800 : Query Acc = 100.00, Avg Acc = 86.49% +- 1.53%
CropDiseases iteration 152/800 : Query Acc = 97.33, Avg Acc = 86.56% +- 1.53%
CropDiseases iteration 153/800 : Query Acc = 77.33, Avg Acc = 86.50% +- 1.53%
CropDiseases iteration 154/800 : Query Acc = 100.00, Avg Acc = 86.59% +- 1.53%
CropDiseases iteration 155/800 : Query Acc = 77.33, Avg Acc = 86.53% +- 1.52%
CropDiseases iteration 156/800 : Query Acc = 81.33, Avg Acc = 86.50% +- 1.51%
CropDiseases iteration 157/800 : Query Acc = 88.00, Avg Acc = 86.51% +- 1.50%
CropDiseases iteration 158/800 : Query Acc = 88.00, Avg Acc = 86.52% +- 1.49%
CropDiseases iteration 159/800 : Query Acc = 80.00, Avg Acc = 86.47% +- 1.49%
CropDiseases iteration 160/800 : Query Acc = 80.00, Avg Acc = 86.43% +- 1.48%
CropDiseases iteration 161/800 : Query Acc = 81.33, Avg Acc = 86.40% +- 1.47%
CropDiseases iteration 162/800 : Query Acc = 97.33, Avg Acc = 86.47% +- 1.47%
CropDiseases iteration 163/800 : Query Acc = 60.00, Avg Acc = 86.31% +- 1.49%
CropDiseases iteration 164/800 : Query Acc = 82.67, Avg Acc = 86.29% +- 1.48%
CropDiseases iteration 165/800 : Query Acc = 96.00, Avg Acc = 86.35% +- 1.48%
CropDiseases iteration 166/800 : Query Acc = 97.33, Avg Acc = 86.41% +- 1.48%
CropDiseases iteration 167/800 : Query Acc = 84.00, Avg Acc = 86.40% +- 1.47%
CropDiseases iteration 168/800 : Query Acc = 98.67, Avg Acc = 86.47% +- 1.47%
CropDiseases iteration 169/800 : Query Acc = 89.33, Avg Acc = 86.49% +- 1.46%
CropDiseases iteration 170/800 : Query Acc = 74.67, Avg Acc = 86.42% +- 1.46%
CropDiseases iteration 171/800 : Query Acc = 78.67, Avg Acc = 86.37% +- 1.45%
CropDiseases iteration 172/800 : Query Acc = 90.67, Avg Acc = 86.40% +- 1.44%
CropDiseases iteration 173/800 : Query Acc = 89.33, Avg Acc = 86.41% +- 1.43%
CropDiseases iteration 174/800 : Query Acc = 76.00, Avg Acc = 86.35% +- 1.43%
CropDiseases iteration 175/800 : Query Acc = 81.33, Avg Acc = 86.33% +- 1.42%
CropDiseases iteration 176/800 : Query Acc = 61.33, Avg Acc = 86.18% +- 1.44%
CropDiseases iteration 177/800 : Query Acc = 76.00, Avg Acc = 86.13% +- 1.44%
CropDiseases iteration 178/800 : Query Acc = 84.00, Avg Acc = 86.12% +- 1.43%
CropDiseases iteration 179/800 : Query Acc = 86.67, Avg Acc = 86.12% +- 1.42%
CropDiseases iteration 180/800 : Query Acc = 97.33, Avg Acc = 86.18% +- 1.42%
CropDiseases iteration 181/800 : Query Acc = 78.67, Avg Acc = 86.14% +- 1.41%
CropDiseases iteration 182/800 : Query Acc = 96.00, Avg Acc = 86.19% +- 1.41%
CropDiseases iteration 183/800 : Query Acc = 84.00, Avg Acc = 86.18% +- 1.40%
CropDiseases iteration 184/800 : Query Acc = 84.00, Avg Acc = 86.17% +- 1.40%
CropDiseases iteration 185/800 : Query Acc = 98.67, Avg Acc = 86.24% +- 1.39%
CropDiseases iteration 186/800 : Query Acc = 85.33, Avg Acc = 86.23% +- 1.39%
CropDiseases iteration 187/800 : Query Acc = 76.00, Avg Acc = 86.18% +- 1.38%
CropDiseases iteration 188/800 : Query Acc = 82.67, Avg Acc = 86.16% +- 1.38%
CropDiseases iteration 189/800 : Query Acc = 92.00, Avg Acc = 86.19% +- 1.37%
CropDiseases iteration 190/800 : Query Acc = 84.00, Avg Acc = 86.18% +- 1.36%
CropDiseases iteration 191/800 : Query Acc = 78.67, Avg Acc = 86.14% +- 1.36%
CropDiseases iteration 192/800 : Query Acc = 90.67, Avg Acc = 86.16% +- 1.35%
CropDiseases iteration 193/800 : Query Acc = 93.33, Avg Acc = 86.20% +- 1.35%
CropDiseases iteration 194/800 : Query Acc = 64.00, Avg Acc = 86.09% +- 1.36%
CropDiseases iteration 195/800 : Query Acc = 78.67, Avg Acc = 86.05% +- 1.35%
CropDiseases iteration 196/800 : Query Acc = 88.00, Avg Acc = 86.06% +- 1.35%
CropDiseases iteration 197/800 : Query Acc = 88.00, Avg Acc = 86.07% +- 1.34%
CropDiseases iteration 198/800 : Query Acc = 97.33, Avg Acc = 86.12% +- 1.34%
CropDiseases iteration 199/800 : Query Acc = 76.00, Avg Acc = 86.07% +- 1.34%
CropDiseases iteration 200/800 : Query Acc = 100.00, Avg Acc = 86.14% +- 1.34%
CropDiseases | 200 / 800 Acc = 86.14% +- 1.34%
CropDiseases iteration 201/800 : Query Acc = 77.33, Avg Acc = 86.10% +- 1.33%
CropDiseases iteration 202/800 : Query Acc = 90.67, Avg Acc = 86.12% +- 1.33%
CropDiseases iteration 203/800 : Query Acc = 77.33, Avg Acc = 86.08% +- 1.32%
CropDiseases iteration 204/800 : Query Acc = 92.00, Avg Acc = 86.11% +- 1.32%
CropDiseases iteration 205/800 : Query Acc = 94.67, Avg Acc = 86.15% +- 1.31%
CropDiseases iteration 206/800 : Query Acc = 85.33, Avg Acc = 86.14% +- 1.31%
CropDiseases iteration 207/800 : Query Acc = 82.67, Avg Acc = 86.13% +- 1.30%
CropDiseases iteration 208/800 : Query Acc = 84.00, Avg Acc = 86.12% +- 1.29%
CropDiseases iteration 209/800 : Query Acc = 93.33, Avg Acc = 86.15% +- 1.29%
CropDiseases iteration 210/800 : Query Acc = 92.00, Avg Acc = 86.18% +- 1.29%
CropDiseases iteration 211/800 : Query Acc = 96.00, Avg Acc = 86.23% +- 1.28%
CropDiseases iteration 212/800 : Query Acc = 98.67, Avg Acc = 86.28% +- 1.28%
CropDiseases iteration 213/800 : Query Acc = 88.00, Avg Acc = 86.29% +- 1.28%
CropDiseases iteration 214/800 : Query Acc = 96.00, Avg Acc = 86.34% +- 1.27%
CropDiseases iteration 215/800 : Query Acc = 72.00, Avg Acc = 86.27% +- 1.27%
CropDiseases iteration 216/800 : Query Acc = 82.67, Avg Acc = 86.25% +- 1.27%
CropDiseases iteration 217/800 : Query Acc = 66.67, Avg Acc = 86.17% +- 1.27%
CropDiseases iteration 218/800 : Query Acc = 96.00, Avg Acc = 86.21% +- 1.27%
CropDiseases iteration 219/800 : Query Acc = 90.67, Avg Acc = 86.23% +- 1.27%
CropDiseases iteration 220/800 : Query Acc = 92.00, Avg Acc = 86.26% +- 1.26%
CropDiseases iteration 221/800 : Query Acc = 97.33, Avg Acc = 86.31% +- 1.26%
CropDiseases iteration 222/800 : Query Acc = 97.33, Avg Acc = 86.36% +- 1.26%
CropDiseases iteration 223/800 : Query Acc = 94.67, Avg Acc = 86.39% +- 1.25%
CropDiseases iteration 224/800 : Query Acc = 90.67, Avg Acc = 86.41% +- 1.25%
CropDiseases iteration 225/800 : Query Acc = 80.00, Avg Acc = 86.38% +- 1.25%
CropDiseases iteration 226/800 : Query Acc = 90.67, Avg Acc = 86.40% +- 1.24%
CropDiseases iteration 227/800 : Query Acc = 73.33, Avg Acc = 86.35% +- 1.24%
CropDiseases iteration 228/800 : Query Acc = 97.33, Avg Acc = 86.39% +- 1.24%
CropDiseases iteration 229/800 : Query Acc = 68.00, Avg Acc = 86.31% +- 1.24%
CropDiseases iteration 230/800 : Query Acc = 92.00, Avg Acc = 86.34% +- 1.24%
CropDiseases iteration 231/800 : Query Acc = 88.00, Avg Acc = 86.34% +- 1.23%
CropDiseases iteration 232/800 : Query Acc = 96.00, Avg Acc = 86.39% +- 1.23%
CropDiseases iteration 233/800 : Query Acc = 81.33, Avg Acc = 86.36% +- 1.23%
CropDiseases iteration 234/800 : Query Acc = 66.67, Avg Acc = 86.28% +- 1.23%
CropDiseases iteration 235/800 : Query Acc = 82.67, Avg Acc = 86.27% +- 1.23%
CropDiseases iteration 236/800 : Query Acc = 84.00, Avg Acc = 86.26% +- 1.22%
CropDiseases iteration 237/800 : Query Acc = 88.00, Avg Acc = 86.26% +- 1.22%
CropDiseases iteration 238/800 : Query Acc = 80.00, Avg Acc = 86.24% +- 1.21%
CropDiseases iteration 239/800 : Query Acc = 96.00, Avg Acc = 86.28% +- 1.21%
CropDiseases iteration 240/800 : Query Acc = 82.67, Avg Acc = 86.26% +- 1.21%
CropDiseases iteration 241/800 : Query Acc = 97.33, Avg Acc = 86.31% +- 1.20%
CropDiseases iteration 242/800 : Query Acc = 93.33, Avg Acc = 86.34% +- 1.20%
CropDiseases iteration 243/800 : Query Acc = 94.67, Avg Acc = 86.37% +- 1.20%
CropDiseases iteration 244/800 : Query Acc = 72.00, Avg Acc = 86.31% +- 1.20%
CropDiseases iteration 245/800 : Query Acc = 74.67, Avg Acc = 86.27% +- 1.20%
CropDiseases iteration 246/800 : Query Acc = 84.00, Avg Acc = 86.26% +- 1.19%
CropDiseases iteration 247/800 : Query Acc = 88.00, Avg Acc = 86.26% +- 1.19%
CropDiseases iteration 248/800 : Query Acc = 100.00, Avg Acc = 86.32% +- 1.19%
CropDiseases iteration 249/800 : Query Acc = 72.00, Avg Acc = 86.26% +- 1.19%
CropDiseases iteration 250/800 : Query Acc = 84.00, Avg Acc = 86.25% +- 1.18%
CropDiseases iteration 251/800 : Query Acc = 90.67, Avg Acc = 86.27% +- 1.18%
CropDiseases iteration 252/800 : Query Acc = 97.33, Avg Acc = 86.31% +- 1.18%
CropDiseases iteration 253/800 : Query Acc = 92.00, Avg Acc = 86.34% +- 1.17%
CropDiseases iteration 254/800 : Query Acc = 76.00, Avg Acc = 86.30% +- 1.17%
CropDiseases iteration 255/800 : Query Acc = 74.67, Avg Acc = 86.25% +- 1.17%
CropDiseases iteration 256/800 : Query Acc = 94.67, Avg Acc = 86.28% +- 1.17%
CropDiseases iteration 257/800 : Query Acc = 93.33, Avg Acc = 86.31% +- 1.16%
CropDiseases iteration 258/800 : Query Acc = 97.33, Avg Acc = 86.35% +- 1.16%
CropDiseases iteration 259/800 : Query Acc = 74.67, Avg Acc = 86.31% +- 1.16%
CropDiseases iteration 260/800 : Query Acc = 98.67, Avg Acc = 86.36% +- 1.16%
CropDiseases iteration 261/800 : Query Acc = 84.00, Avg Acc = 86.35% +- 1.16%
CropDiseases iteration 262/800 : Query Acc = 73.33, Avg Acc = 86.30% +- 1.16%
CropDiseases iteration 263/800 : Query Acc = 70.67, Avg Acc = 86.24% +- 1.16%
CropDiseases iteration 264/800 : Query Acc = 81.33, Avg Acc = 86.22% +- 1.15%
CropDiseases iteration 265/800 : Query Acc = 94.67, Avg Acc = 86.25% +- 1.15%
CropDiseases iteration 266/800 : Query Acc = 90.67, Avg Acc = 86.27% +- 1.15%
CropDiseases iteration 267/800 : Query Acc = 93.33, Avg Acc = 86.29% +- 1.14%
CropDiseases iteration 268/800 : Query Acc = 100.00, Avg Acc = 86.34% +- 1.14%
CropDiseases iteration 269/800 : Query Acc = 94.67, Avg Acc = 86.38% +- 1.14%
CropDiseases iteration 270/800 : Query Acc = 76.00, Avg Acc = 86.34% +- 1.14%
CropDiseases iteration 271/800 : Query Acc = 94.67, Avg Acc = 86.37% +- 1.14%
CropDiseases iteration 272/800 : Query Acc = 92.00, Avg Acc = 86.39% +- 1.13%
CropDiseases iteration 273/800 : Query Acc = 98.67, Avg Acc = 86.43% +- 1.13%
CropDiseases iteration 274/800 : Query Acc = 89.33, Avg Acc = 86.44% +- 1.13%
CropDiseases iteration 275/800 : Query Acc = 97.33, Avg Acc = 86.48% +- 1.13%
CropDiseases iteration 276/800 : Query Acc = 89.33, Avg Acc = 86.49% +- 1.12%
CropDiseases iteration 277/800 : Query Acc = 80.00, Avg Acc = 86.47% +- 1.12%
CropDiseases iteration 278/800 : Query Acc = 90.67, Avg Acc = 86.49% +- 1.12%
CropDiseases iteration 279/800 : Query Acc = 90.67, Avg Acc = 86.50% +- 1.11%
CropDiseases iteration 280/800 : Query Acc = 86.67, Avg Acc = 86.50% +- 1.11%
CropDiseases iteration 281/800 : Query Acc = 61.33, Avg Acc = 86.41% +- 1.12%
CropDiseases iteration 282/800 : Query Acc = 96.00, Avg Acc = 86.45% +- 1.12%
CropDiseases iteration 283/800 : Query Acc = 78.67, Avg Acc = 86.42% +- 1.11%
CropDiseases iteration 284/800 : Query Acc = 97.33, Avg Acc = 86.46% +- 1.11%
CropDiseases iteration 285/800 : Query Acc = 89.33, Avg Acc = 86.47% +- 1.11%
CropDiseases iteration 286/800 : Query Acc = 86.67, Avg Acc = 86.47% +- 1.11%
CropDiseases iteration 287/800 : Query Acc = 82.67, Avg Acc = 86.45% +- 1.10%
CropDiseases iteration 288/800 : Query Acc = 100.00, Avg Acc = 86.50% +- 1.10%
CropDiseases iteration 289/800 : Query Acc = 97.33, Avg Acc = 86.54% +- 1.10%
CropDiseases iteration 290/800 : Query Acc = 68.00, Avg Acc = 86.47% +- 1.10%
CropDiseases iteration 291/800 : Query Acc = 93.33, Avg Acc = 86.50% +- 1.10%
CropDiseases iteration 292/800 : Query Acc = 84.00, Avg Acc = 86.49% +- 1.10%
CropDiseases iteration 293/800 : Query Acc = 92.00, Avg Acc = 86.51% +- 1.09%
CropDiseases iteration 294/800 : Query Acc = 97.33, Avg Acc = 86.54% +- 1.09%
CropDiseases iteration 295/800 : Query Acc = 94.67, Avg Acc = 86.57% +- 1.09%
CropDiseases iteration 296/800 : Query Acc = 82.67, Avg Acc = 86.56% +- 1.09%
CropDiseases iteration 297/800 : Query Acc = 90.67, Avg Acc = 86.57% +- 1.08%
CropDiseases iteration 298/800 : Query Acc = 98.67, Avg Acc = 86.61% +- 1.08%
CropDiseases iteration 299/800 : Query Acc = 84.00, Avg Acc = 86.60% +- 1.08%
CropDiseases iteration 300/800 : Query Acc = 76.00, Avg Acc = 86.57% +- 1.08%
CropDiseases | 300 / 800 Acc = 86.57% +- 1.08%
CropDiseases iteration 301/800 : Query Acc = 93.33, Avg Acc = 86.59% +- 1.08%
CropDiseases iteration 302/800 : Query Acc = 58.67, Avg Acc = 86.50% +- 1.09%
CropDiseases iteration 303/800 : Query Acc = 86.67, Avg Acc = 86.50% +- 1.08%
CropDiseases iteration 304/800 : Query Acc = 96.00, Avg Acc = 86.53% +- 1.08%
CropDiseases iteration 305/800 : Query Acc = 89.33, Avg Acc = 86.54% +- 1.08%
CropDiseases iteration 306/800 : Query Acc = 98.67, Avg Acc = 86.58% +- 1.08%
CropDiseases iteration 307/800 : Query Acc = 93.33, Avg Acc = 86.60% +- 1.08%
CropDiseases iteration 308/800 : Query Acc = 97.33, Avg Acc = 86.64% +- 1.07%
CropDiseases iteration 309/800 : Query Acc = 96.00, Avg Acc = 86.67% +- 1.07%
CropDiseases iteration 310/800 : Query Acc = 93.33, Avg Acc = 86.69% +- 1.07%
CropDiseases iteration 311/800 : Query Acc = 92.00, Avg Acc = 86.71% +- 1.07%
CropDiseases iteration 312/800 : Query Acc = 78.67, Avg Acc = 86.68% +- 1.06%
CropDiseases iteration 313/800 : Query Acc = 93.33, Avg Acc = 86.70% +- 1.06%
CropDiseases iteration 314/800 : Query Acc = 94.67, Avg Acc = 86.73% +- 1.06%
CropDiseases iteration 315/800 : Query Acc = 68.00, Avg Acc = 86.67% +- 1.06%
CropDiseases iteration 316/800 : Query Acc = 90.67, Avg Acc = 86.68% +- 1.06%
CropDiseases iteration 317/800 : Query Acc = 88.00, Avg Acc = 86.68% +- 1.06%
CropDiseases iteration 318/800 : Query Acc = 76.00, Avg Acc = 86.65% +- 1.05%
CropDiseases iteration 319/800 : Query Acc = 92.00, Avg Acc = 86.67% +- 1.05%
CropDiseases iteration 320/800 : Query Acc = 86.67, Avg Acc = 86.67% +- 1.05%
CropDiseases iteration 321/800 : Query Acc = 93.33, Avg Acc = 86.69% +- 1.05%
CropDiseases iteration 322/800 : Query Acc = 93.33, Avg Acc = 86.71% +- 1.04%
CropDiseases iteration 323/800 : Query Acc = 98.67, Avg Acc = 86.74% +- 1.04%
CropDiseases iteration 324/800 : Query Acc = 89.33, Avg Acc = 86.75% +- 1.04%
CropDiseases iteration 325/800 : Query Acc = 82.67, Avg Acc = 86.74% +- 1.04%
CropDiseases iteration 326/800 : Query Acc = 85.33, Avg Acc = 86.74% +- 1.03%
CropDiseases iteration 327/800 : Query Acc = 80.00, Avg Acc = 86.72% +- 1.03%
CropDiseases iteration 328/800 : Query Acc = 90.67, Avg Acc = 86.73% +- 1.03%
CropDiseases iteration 329/800 : Query Acc = 78.67, Avg Acc = 86.70% +- 1.03%
CropDiseases iteration 330/800 : Query Acc = 90.67, Avg Acc = 86.72% +- 1.02%
CropDiseases iteration 331/800 : Query Acc = 90.67, Avg Acc = 86.73% +- 1.02%
CropDiseases iteration 332/800 : Query Acc = 90.67, Avg Acc = 86.74% +- 1.02%
CropDiseases iteration 333/800 : Query Acc = 84.00, Avg Acc = 86.73% +- 1.02%
CropDiseases iteration 334/800 : Query Acc = 88.00, Avg Acc = 86.73% +- 1.01%
CropDiseases iteration 335/800 : Query Acc = 81.33, Avg Acc = 86.72% +- 1.01%
CropDiseases iteration 336/800 : Query Acc = 85.33, Avg Acc = 86.71% +- 1.01%
CropDiseases iteration 337/800 : Query Acc = 93.33, Avg Acc = 86.73% +- 1.00%
CropDiseases iteration 338/800 : Query Acc = 92.00, Avg Acc = 86.75% +- 1.00%
CropDiseases iteration 339/800 : Query Acc = 85.33, Avg Acc = 86.75% +- 1.00%
CropDiseases iteration 340/800 : Query Acc = 97.33, Avg Acc = 86.78% +- 1.00%
CropDiseases iteration 341/800 : Query Acc = 77.33, Avg Acc = 86.75% +- 1.00%
CropDiseases iteration 342/800 : Query Acc = 93.33, Avg Acc = 86.77% +- 0.99%
CropDiseases iteration 343/800 : Query Acc = 96.00, Avg Acc = 86.79% +- 0.99%
CropDiseases iteration 344/800 : Query Acc = 94.67, Avg Acc = 86.82% +- 0.99%
CropDiseases iteration 345/800 : Query Acc = 92.00, Avg Acc = 86.83% +- 0.99%
CropDiseases iteration 346/800 : Query Acc = 69.33, Avg Acc = 86.78% +- 0.99%
CropDiseases iteration 347/800 : Query Acc = 92.00, Avg Acc = 86.80% +- 0.99%
CropDiseases iteration 348/800 : Query Acc = 97.33, Avg Acc = 86.83% +- 0.99%
CropDiseases iteration 349/800 : Query Acc = 86.67, Avg Acc = 86.83% +- 0.98%
CropDiseases iteration 350/800 : Query Acc = 82.67, Avg Acc = 86.81% +- 0.98%
CropDiseases iteration 351/800 : Query Acc = 52.00, Avg Acc = 86.72% +- 1.00%
CropDiseases iteration 352/800 : Query Acc = 98.67, Avg Acc = 86.75% +- 1.00%
CropDiseases iteration 353/800 : Query Acc = 80.00, Avg Acc = 86.73% +- 1.00%
CropDiseases iteration 354/800 : Query Acc = 58.67, Avg Acc = 86.65% +- 1.00%
CropDiseases iteration 355/800 : Query Acc = 93.33, Avg Acc = 86.67% +- 1.00%
CropDiseases iteration 356/800 : Query Acc = 69.33, Avg Acc = 86.62% +- 1.00%
CropDiseases iteration 357/800 : Query Acc = 82.67, Avg Acc = 86.61% +- 1.00%
CropDiseases iteration 358/800 : Query Acc = 94.67, Avg Acc = 86.63% +- 1.00%
CropDiseases iteration 359/800 : Query Acc = 86.67, Avg Acc = 86.63% +- 1.00%
CropDiseases iteration 360/800 : Query Acc = 77.33, Avg Acc = 86.61% +- 1.00%
CropDiseases iteration 361/800 : Query Acc = 92.00, Avg Acc = 86.62% +- 0.99%
CropDiseases iteration 362/800 : Query Acc = 97.33, Avg Acc = 86.65% +- 0.99%
CropDiseases iteration 363/800 : Query Acc = 89.33, Avg Acc = 86.66% +- 0.99%
CropDiseases iteration 364/800 : Query Acc = 84.00, Avg Acc = 86.65% +- 0.99%
CropDiseases iteration 365/800 : Query Acc = 94.67, Avg Acc = 86.67% +- 0.99%
CropDiseases iteration 366/800 : Query Acc = 86.67, Avg Acc = 86.67% +- 0.98%
CropDiseases iteration 367/800 : Query Acc = 97.33, Avg Acc = 86.70% +- 0.98%
CropDiseases iteration 368/800 : Query Acc = 98.67, Avg Acc = 86.74% +- 0.98%
CropDiseases iteration 369/800 : Query Acc = 90.67, Avg Acc = 86.75% +- 0.98%
CropDiseases iteration 370/800 : Query Acc = 78.67, Avg Acc = 86.72% +- 0.98%
CropDiseases iteration 371/800 : Query Acc = 89.33, Avg Acc = 86.73% +- 0.97%
CropDiseases iteration 372/800 : Query Acc = 90.67, Avg Acc = 86.74% +- 0.97%
CropDiseases iteration 373/800 : Query Acc = 100.00, Avg Acc = 86.78% +- 0.97%
CropDiseases iteration 374/800 : Query Acc = 94.67, Avg Acc = 86.80% +- 0.97%
CropDiseases iteration 375/800 : Query Acc = 92.00, Avg Acc = 86.81% +- 0.97%
CropDiseases iteration 376/800 : Query Acc = 98.67, Avg Acc = 86.84% +- 0.97%
CropDiseases iteration 377/800 : Query Acc = 57.33, Avg Acc = 86.77% +- 0.98%
CropDiseases iteration 378/800 : Query Acc = 86.67, Avg Acc = 86.77% +- 0.97%
CropDiseases iteration 379/800 : Query Acc = 76.00, Avg Acc = 86.74% +- 0.97%
CropDiseases iteration 380/800 : Query Acc = 89.33, Avg Acc = 86.74% +- 0.97%
CropDiseases iteration 381/800 : Query Acc = 84.00, Avg Acc = 86.74% +- 0.97%
CropDiseases iteration 382/800 : Query Acc = 85.33, Avg Acc = 86.73% +- 0.97%
CropDiseases iteration 383/800 : Query Acc = 89.33, Avg Acc = 86.74% +- 0.96%
CropDiseases iteration 384/800 : Query Acc = 73.33, Avg Acc = 86.70% +- 0.96%
CropDiseases iteration 385/800 : Query Acc = 72.00, Avg Acc = 86.67% +- 0.96%
CropDiseases iteration 386/800 : Query Acc = 80.00, Avg Acc = 86.65% +- 0.96%
CropDiseases iteration 387/800 : Query Acc = 86.67, Avg Acc = 86.65% +- 0.96%
CropDiseases iteration 388/800 : Query Acc = 89.33, Avg Acc = 86.66% +- 0.96%
CropDiseases iteration 389/800 : Query Acc = 81.33, Avg Acc = 86.64% +- 0.95%
CropDiseases iteration 390/800 : Query Acc = 73.33, Avg Acc = 86.61% +- 0.95%
CropDiseases iteration 391/800 : Query Acc = 64.00, Avg Acc = 86.55% +- 0.96%
CropDiseases iteration 392/800 : Query Acc = 92.00, Avg Acc = 86.56% +- 0.96%
CropDiseases iteration 393/800 : Query Acc = 93.33, Avg Acc = 86.58% +- 0.95%
CropDiseases iteration 394/800 : Query Acc = 73.33, Avg Acc = 86.55% +- 0.95%
CropDiseases iteration 395/800 : Query Acc = 98.67, Avg Acc = 86.58% +- 0.95%
CropDiseases iteration 396/800 : Query Acc = 96.00, Avg Acc = 86.60% +- 0.95%
CropDiseases iteration 397/800 : Query Acc = 98.67, Avg Acc = 86.63% +- 0.95%
CropDiseases iteration 398/800 : Query Acc = 97.33, Avg Acc = 86.66% +- 0.95%
CropDiseases iteration 399/800 : Query Acc = 89.33, Avg Acc = 86.67% +- 0.95%
CropDiseases iteration 400/800 : Query Acc = 86.67, Avg Acc = 86.67% +- 0.95%
CropDiseases | 400 / 800 Acc = 86.67% +- 0.95%
CropDiseases iteration 401/800 : Query Acc = 88.00, Avg Acc = 86.67% +- 0.94%
CropDiseases iteration 402/800 : Query Acc = 100.00, Avg Acc = 86.70% +- 0.94%
CropDiseases iteration 403/800 : Query Acc = 93.33, Avg Acc = 86.72% +- 0.94%
CropDiseases iteration 404/800 : Query Acc = 78.67, Avg Acc = 86.70% +- 0.94%
CropDiseases iteration 405/800 : Query Acc = 78.67, Avg Acc = 86.68% +- 0.94%
CropDiseases iteration 406/800 : Query Acc = 82.67, Avg Acc = 86.67% +- 0.94%
CropDiseases iteration 407/800 : Query Acc = 94.67, Avg Acc = 86.69% +- 0.94%
CropDiseases iteration 408/800 : Query Acc = 78.67, Avg Acc = 86.67% +- 0.93%
CropDiseases iteration 409/800 : Query Acc = 89.33, Avg Acc = 86.68% +- 0.93%
CropDiseases iteration 410/800 : Query Acc = 98.67, Avg Acc = 86.71% +- 0.93%
CropDiseases iteration 411/800 : Query Acc = 84.00, Avg Acc = 86.70% +- 0.93%
CropDiseases iteration 412/800 : Query Acc = 82.67, Avg Acc = 86.69% +- 0.93%
CropDiseases iteration 413/800 : Query Acc = 98.67, Avg Acc = 86.72% +- 0.93%
CropDiseases iteration 414/800 : Query Acc = 100.00, Avg Acc = 86.75% +- 0.93%
CropDiseases iteration 415/800 : Query Acc = 86.67, Avg Acc = 86.75% +- 0.92%
CropDiseases iteration 416/800 : Query Acc = 92.00, Avg Acc = 86.76% +- 0.92%
CropDiseases iteration 417/800 : Query Acc = 96.00, Avg Acc = 86.78% +- 0.92%
CropDiseases iteration 418/800 : Query Acc = 97.33, Avg Acc = 86.81% +- 0.92%
CropDiseases iteration 419/800 : Query Acc = 76.00, Avg Acc = 86.78% +- 0.92%
CropDiseases iteration 420/800 : Query Acc = 72.00, Avg Acc = 86.75% +- 0.92%
CropDiseases iteration 421/800 : Query Acc = 77.33, Avg Acc = 86.73% +- 0.92%
CropDiseases iteration 422/800 : Query Acc = 88.00, Avg Acc = 86.73% +- 0.92%
CropDiseases iteration 423/800 : Query Acc = 86.67, Avg Acc = 86.73% +- 0.91%
CropDiseases iteration 424/800 : Query Acc = 80.00, Avg Acc = 86.71% +- 0.91%
CropDiseases iteration 425/800 : Query Acc = 90.67, Avg Acc = 86.72% +- 0.91%
CropDiseases iteration 426/800 : Query Acc = 84.00, Avg Acc = 86.72% +- 0.91%
CropDiseases iteration 427/800 : Query Acc = 93.33, Avg Acc = 86.73% +- 0.91%
CropDiseases iteration 428/800 : Query Acc = 78.67, Avg Acc = 86.71% +- 0.91%
CropDiseases iteration 429/800 : Query Acc = 97.33, Avg Acc = 86.74% +- 0.91%
CropDiseases iteration 430/800 : Query Acc = 73.33, Avg Acc = 86.71% +- 0.91%
CropDiseases iteration 431/800 : Query Acc = 76.00, Avg Acc = 86.68% +- 0.90%
CropDiseases iteration 432/800 : Query Acc = 84.00, Avg Acc = 86.68% +- 0.90%
CropDiseases iteration 433/800 : Query Acc = 98.67, Avg Acc = 86.70% +- 0.90%
CropDiseases iteration 434/800 : Query Acc = 90.67, Avg Acc = 86.71% +- 0.90%
CropDiseases iteration 435/800 : Query Acc = 90.67, Avg Acc = 86.72% +- 0.90%
CropDiseases iteration 436/800 : Query Acc = 89.33, Avg Acc = 86.73% +- 0.90%
CropDiseases iteration 437/800 : Query Acc = 73.33, Avg Acc = 86.70% +- 0.90%
CropDiseases iteration 438/800 : Query Acc = 88.00, Avg Acc = 86.70% +- 0.89%
CropDiseases iteration 439/800 : Query Acc = 89.33, Avg Acc = 86.71% +- 0.89%
CropDiseases iteration 440/800 : Query Acc = 96.00, Avg Acc = 86.73% +- 0.89%
CropDiseases iteration 441/800 : Query Acc = 73.33, Avg Acc = 86.70% +- 0.89%
CropDiseases iteration 442/800 : Query Acc = 92.00, Avg Acc = 86.71% +- 0.89%
CropDiseases iteration 443/800 : Query Acc = 97.33, Avg Acc = 86.73% +- 0.89%
CropDiseases iteration 444/800 : Query Acc = 93.33, Avg Acc = 86.75% +- 0.89%
CropDiseases iteration 445/800 : Query Acc = 81.33, Avg Acc = 86.74% +- 0.89%
CropDiseases iteration 446/800 : Query Acc = 92.00, Avg Acc = 86.75% +- 0.88%
CropDiseases iteration 447/800 : Query Acc = 88.00, Avg Acc = 86.75% +- 0.88%
CropDiseases iteration 448/800 : Query Acc = 78.67, Avg Acc = 86.73% +- 0.88%
CropDiseases iteration 449/800 : Query Acc = 86.67, Avg Acc = 86.73% +- 0.88%
CropDiseases iteration 450/800 : Query Acc = 66.67, Avg Acc = 86.69% +- 0.88%
CropDiseases iteration 451/800 : Query Acc = 98.67, Avg Acc = 86.71% +- 0.88%
CropDiseases iteration 452/800 : Query Acc = 97.33, Avg Acc = 86.74% +- 0.88%
CropDiseases iteration 453/800 : Query Acc = 88.00, Avg Acc = 86.74% +- 0.88%
CropDiseases iteration 454/800 : Query Acc = 94.67, Avg Acc = 86.76% +- 0.88%
CropDiseases iteration 455/800 : Query Acc = 96.00, Avg Acc = 86.78% +- 0.88%
CropDiseases iteration 456/800 : Query Acc = 66.67, Avg Acc = 86.73% +- 0.88%
CropDiseases iteration 457/800 : Query Acc = 93.33, Avg Acc = 86.75% +- 0.88%
CropDiseases iteration 458/800 : Query Acc = 81.33, Avg Acc = 86.74% +- 0.87%
CropDiseases iteration 459/800 : Query Acc = 81.33, Avg Acc = 86.72% +- 0.87%
CropDiseases iteration 460/800 : Query Acc = 89.33, Avg Acc = 86.73% +- 0.87%
CropDiseases iteration 461/800 : Query Acc = 76.00, Avg Acc = 86.71% +- 0.87%
CropDiseases iteration 462/800 : Query Acc = 88.00, Avg Acc = 86.71% +- 0.87%
CropDiseases iteration 463/800 : Query Acc = 100.00, Avg Acc = 86.74% +- 0.87%
CropDiseases iteration 464/800 : Query Acc = 70.67, Avg Acc = 86.70% +- 0.87%
CropDiseases iteration 465/800 : Query Acc = 88.00, Avg Acc = 86.71% +- 0.87%
CropDiseases iteration 466/800 : Query Acc = 53.33, Avg Acc = 86.64% +- 0.88%
CropDiseases iteration 467/800 : Query Acc = 84.00, Avg Acc = 86.63% +- 0.88%
CropDiseases iteration 468/800 : Query Acc = 96.00, Avg Acc = 86.65% +- 0.87%
CropDiseases iteration 469/800 : Query Acc = 88.00, Avg Acc = 86.65% +- 0.87%
CropDiseases iteration 470/800 : Query Acc = 61.33, Avg Acc = 86.60% +- 0.88%
CropDiseases iteration 471/800 : Query Acc = 96.00, Avg Acc = 86.62% +- 0.88%
CropDiseases iteration 472/800 : Query Acc = 98.67, Avg Acc = 86.64% +- 0.88%
CropDiseases iteration 473/800 : Query Acc = 82.67, Avg Acc = 86.64% +- 0.87%
CropDiseases iteration 474/800 : Query Acc = 97.33, Avg Acc = 86.66% +- 0.87%
CropDiseases iteration 475/800 : Query Acc = 93.33, Avg Acc = 86.67% +- 0.87%
CropDiseases iteration 476/800 : Query Acc = 90.67, Avg Acc = 86.68% +- 0.87%
CropDiseases iteration 477/800 : Query Acc = 77.33, Avg Acc = 86.66% +- 0.87%
CropDiseases iteration 478/800 : Query Acc = 93.33, Avg Acc = 86.68% +- 0.87%
CropDiseases iteration 479/800 : Query Acc = 93.33, Avg Acc = 86.69% +- 0.87%
CropDiseases iteration 480/800 : Query Acc = 97.33, Avg Acc = 86.71% +- 0.87%
CropDiseases iteration 481/800 : Query Acc = 89.33, Avg Acc = 86.72% +- 0.86%
CropDiseases iteration 482/800 : Query Acc = 92.00, Avg Acc = 86.73% +- 0.86%
CropDiseases iteration 483/800 : Query Acc = 90.67, Avg Acc = 86.74% +- 0.86%
CropDiseases iteration 484/800 : Query Acc = 100.00, Avg Acc = 86.76% +- 0.86%
CropDiseases iteration 485/800 : Query Acc = 92.00, Avg Acc = 86.77% +- 0.86%
CropDiseases iteration 486/800 : Query Acc = 77.33, Avg Acc = 86.75% +- 0.86%
CropDiseases iteration 487/800 : Query Acc = 88.00, Avg Acc = 86.76% +- 0.86%
CropDiseases iteration 488/800 : Query Acc = 85.33, Avg Acc = 86.75% +- 0.85%
CropDiseases iteration 489/800 : Query Acc = 48.00, Avg Acc = 86.67% +- 0.87%
CropDiseases iteration 490/800 : Query Acc = 90.67, Avg Acc = 86.68% +- 0.87%
CropDiseases iteration 491/800 : Query Acc = 93.33, Avg Acc = 86.70% +- 0.86%
CropDiseases iteration 492/800 : Query Acc = 84.00, Avg Acc = 86.69% +- 0.86%
CropDiseases iteration 493/800 : Query Acc = 90.67, Avg Acc = 86.70% +- 0.86%
CropDiseases iteration 494/800 : Query Acc = 86.67, Avg Acc = 86.70% +- 0.86%
CropDiseases iteration 495/800 : Query Acc = 77.33, Avg Acc = 86.68% +- 0.86%
CropDiseases iteration 496/800 : Query Acc = 77.33, Avg Acc = 86.66% +- 0.86%
CropDiseases iteration 497/800 : Query Acc = 64.00, Avg Acc = 86.62% +- 0.86%
CropDiseases iteration 498/800 : Query Acc = 93.33, Avg Acc = 86.63% +- 0.86%
CropDiseases iteration 499/800 : Query Acc = 68.00, Avg Acc = 86.59% +- 0.86%
CropDiseases iteration 500/800 : Query Acc = 70.67, Avg Acc = 86.56% +- 0.86%
CropDiseases | 500 / 800 Acc = 86.56% +- 0.86%
CropDiseases iteration 501/800 : Query Acc = 96.00, Avg Acc = 86.58% +- 0.86%
CropDiseases iteration 502/800 : Query Acc = 90.67, Avg Acc = 86.59% +- 0.86%
CropDiseases iteration 503/800 : Query Acc = 98.67, Avg Acc = 86.61% +- 0.86%
CropDiseases iteration 504/800 : Query Acc = 73.33, Avg Acc = 86.58% +- 0.86%
CropDiseases iteration 505/800 : Query Acc = 93.33, Avg Acc = 86.60% +- 0.86%
CropDiseases iteration 506/800 : Query Acc = 77.33, Avg Acc = 86.58% +- 0.86%
CropDiseases iteration 507/800 : Query Acc = 84.00, Avg Acc = 86.57% +- 0.85%
CropDiseases iteration 508/800 : Query Acc = 86.67, Avg Acc = 86.57% +- 0.85%
CropDiseases iteration 509/800 : Query Acc = 100.00, Avg Acc = 86.60% +- 0.85%
CropDiseases iteration 510/800 : Query Acc = 84.00, Avg Acc = 86.60% +- 0.85%
CropDiseases iteration 511/800 : Query Acc = 88.00, Avg Acc = 86.60% +- 0.85%
CropDiseases iteration 512/800 : Query Acc = 88.00, Avg Acc = 86.60% +- 0.85%
CropDiseases iteration 513/800 : Query Acc = 88.00, Avg Acc = 86.60% +- 0.85%
CropDiseases iteration 514/800 : Query Acc = 89.33, Avg Acc = 86.61% +- 0.84%
CropDiseases iteration 515/800 : Query Acc = 94.67, Avg Acc = 86.63% +- 0.84%
CropDiseases iteration 516/800 : Query Acc = 93.33, Avg Acc = 86.64% +- 0.84%
CropDiseases iteration 517/800 : Query Acc = 86.67, Avg Acc = 86.64% +- 0.84%
CropDiseases iteration 518/800 : Query Acc = 97.33, Avg Acc = 86.66% +- 0.84%
CropDiseases iteration 519/800 : Query Acc = 81.33, Avg Acc = 86.65% +- 0.84%
CropDiseases iteration 520/800 : Query Acc = 85.33, Avg Acc = 86.65% +- 0.84%
CropDiseases iteration 521/800 : Query Acc = 97.33, Avg Acc = 86.67% +- 0.84%
CropDiseases iteration 522/800 : Query Acc = 92.00, Avg Acc = 86.68% +- 0.83%
CropDiseases iteration 523/800 : Query Acc = 84.00, Avg Acc = 86.67% +- 0.83%
CropDiseases iteration 524/800 : Query Acc = 94.67, Avg Acc = 86.69% +- 0.83%
CropDiseases iteration 525/800 : Query Acc = 81.33, Avg Acc = 86.68% +- 0.83%
CropDiseases iteration 526/800 : Query Acc = 93.33, Avg Acc = 86.69% +- 0.83%
CropDiseases iteration 527/800 : Query Acc = 96.00, Avg Acc = 86.71% +- 0.83%
CropDiseases iteration 528/800 : Query Acc = 76.00, Avg Acc = 86.69% +- 0.83%
CropDiseases iteration 529/800 : Query Acc = 84.00, Avg Acc = 86.68% +- 0.83%
CropDiseases iteration 530/800 : Query Acc = 94.67, Avg Acc = 86.70% +- 0.83%
CropDiseases iteration 531/800 : Query Acc = 88.00, Avg Acc = 86.70% +- 0.82%
CropDiseases iteration 532/800 : Query Acc = 61.33, Avg Acc = 86.65% +- 0.83%
CropDiseases iteration 533/800 : Query Acc = 96.00, Avg Acc = 86.67% +- 0.83%
CropDiseases iteration 534/800 : Query Acc = 81.33, Avg Acc = 86.66% +- 0.83%
CropDiseases iteration 535/800 : Query Acc = 86.67, Avg Acc = 86.66% +- 0.82%
CropDiseases iteration 536/800 : Query Acc = 89.33, Avg Acc = 86.66% +- 0.82%
CropDiseases iteration 537/800 : Query Acc = 77.33, Avg Acc = 86.65% +- 0.82%
CropDiseases iteration 538/800 : Query Acc = 89.33, Avg Acc = 86.65% +- 0.82%
CropDiseases iteration 539/800 : Query Acc = 96.00, Avg Acc = 86.67% +- 0.82%
CropDiseases iteration 540/800 : Query Acc = 68.00, Avg Acc = 86.63% +- 0.82%
CropDiseases iteration 541/800 : Query Acc = 89.33, Avg Acc = 86.64% +- 0.82%
CropDiseases iteration 542/800 : Query Acc = 86.67, Avg Acc = 86.64% +- 0.82%
CropDiseases iteration 543/800 : Query Acc = 80.00, Avg Acc = 86.63% +- 0.82%
CropDiseases iteration 544/800 : Query Acc = 93.33, Avg Acc = 86.64% +- 0.81%
CropDiseases iteration 545/800 : Query Acc = 77.33, Avg Acc = 86.62% +- 0.81%
CropDiseases iteration 546/800 : Query Acc = 78.67, Avg Acc = 86.61% +- 0.81%
CropDiseases iteration 547/800 : Query Acc = 94.67, Avg Acc = 86.62% +- 0.81%
CropDiseases iteration 548/800 : Query Acc = 100.00, Avg Acc = 86.65% +- 0.81%
CropDiseases iteration 549/800 : Query Acc = 100.00, Avg Acc = 86.67% +- 0.81%
CropDiseases iteration 550/800 : Query Acc = 85.33, Avg Acc = 86.67% +- 0.81%
CropDiseases iteration 551/800 : Query Acc = 89.33, Avg Acc = 86.67% +- 0.81%
CropDiseases iteration 552/800 : Query Acc = 88.00, Avg Acc = 86.68% +- 0.81%
CropDiseases iteration 553/800 : Query Acc = 97.33, Avg Acc = 86.70% +- 0.81%
CropDiseases iteration 554/800 : Query Acc = 82.67, Avg Acc = 86.69% +- 0.81%
CropDiseases iteration 555/800 : Query Acc = 100.00, Avg Acc = 86.71% +- 0.81%
CropDiseases iteration 556/800 : Query Acc = 86.67, Avg Acc = 86.71% +- 0.80%
CropDiseases iteration 557/800 : Query Acc = 94.67, Avg Acc = 86.73% +- 0.80%
CropDiseases iteration 558/800 : Query Acc = 80.00, Avg Acc = 86.71% +- 0.80%
CropDiseases iteration 559/800 : Query Acc = 92.00, Avg Acc = 86.72% +- 0.80%
CropDiseases iteration 560/800 : Query Acc = 80.00, Avg Acc = 86.71% +- 0.80%
CropDiseases iteration 561/800 : Query Acc = 92.00, Avg Acc = 86.72% +- 0.80%
CropDiseases iteration 562/800 : Query Acc = 76.00, Avg Acc = 86.70% +- 0.80%
CropDiseases iteration 563/800 : Query Acc = 84.00, Avg Acc = 86.70% +- 0.80%
CropDiseases iteration 564/800 : Query Acc = 86.67, Avg Acc = 86.70% +- 0.80%
CropDiseases iteration 565/800 : Query Acc = 52.00, Avg Acc = 86.64% +- 0.80%
CropDiseases iteration 566/800 : Query Acc = 69.33, Avg Acc = 86.61% +- 0.80%
CropDiseases iteration 567/800 : Query Acc = 89.33, Avg Acc = 86.61% +- 0.80%
CropDiseases iteration 568/800 : Query Acc = 90.67, Avg Acc = 86.62% +- 0.80%
CropDiseases iteration 569/800 : Query Acc = 86.67, Avg Acc = 86.62% +- 0.80%
CropDiseases iteration 570/800 : Query Acc = 90.67, Avg Acc = 86.62% +- 0.80%
CropDiseases iteration 571/800 : Query Acc = 85.33, Avg Acc = 86.62% +- 0.80%
CropDiseases iteration 572/800 : Query Acc = 68.00, Avg Acc = 86.59% +- 0.80%
CropDiseases iteration 573/800 : Query Acc = 96.00, Avg Acc = 86.61% +- 0.80%
CropDiseases iteration 574/800 : Query Acc = 85.33, Avg Acc = 86.60% +- 0.80%
CropDiseases iteration 575/800 : Query Acc = 85.33, Avg Acc = 86.60% +- 0.79%
CropDiseases iteration 576/800 : Query Acc = 81.33, Avg Acc = 86.59% +- 0.79%
CropDiseases iteration 577/800 : Query Acc = 98.67, Avg Acc = 86.61% +- 0.79%
CropDiseases iteration 578/800 : Query Acc = 90.67, Avg Acc = 86.62% +- 0.79%
CropDiseases iteration 579/800 : Query Acc = 65.33, Avg Acc = 86.58% +- 0.79%
CropDiseases iteration 580/800 : Query Acc = 97.33, Avg Acc = 86.60% +- 0.79%
CropDiseases iteration 581/800 : Query Acc = 93.33, Avg Acc = 86.61% +- 0.79%
CropDiseases iteration 582/800 : Query Acc = 81.33, Avg Acc = 86.60% +- 0.79%
CropDiseases iteration 583/800 : Query Acc = 89.33, Avg Acc = 86.61% +- 0.79%
CropDiseases iteration 584/800 : Query Acc = 81.33, Avg Acc = 86.60% +- 0.79%
CropDiseases iteration 585/800 : Query Acc = 85.33, Avg Acc = 86.60% +- 0.79%
CropDiseases iteration 586/800 : Query Acc = 77.33, Avg Acc = 86.58% +- 0.79%
CropDiseases iteration 587/800 : Query Acc = 77.33, Avg Acc = 86.57% +- 0.79%
CropDiseases iteration 588/800 : Query Acc = 93.33, Avg Acc = 86.58% +- 0.78%
CropDiseases iteration 589/800 : Query Acc = 92.00, Avg Acc = 86.59% +- 0.78%
CropDiseases iteration 590/800 : Query Acc = 68.00, Avg Acc = 86.56% +- 0.78%
CropDiseases iteration 591/800 : Query Acc = 97.33, Avg Acc = 86.57% +- 0.78%
CropDiseases iteration 592/800 : Query Acc = 96.00, Avg Acc = 86.59% +- 0.78%
CropDiseases iteration 593/800 : Query Acc = 77.33, Avg Acc = 86.57% +- 0.78%
CropDiseases iteration 594/800 : Query Acc = 92.00, Avg Acc = 86.58% +- 0.78%
CropDiseases iteration 595/800 : Query Acc = 78.67, Avg Acc = 86.57% +- 0.78%
CropDiseases iteration 596/800 : Query Acc = 88.00, Avg Acc = 86.57% +- 0.78%
CropDiseases iteration 597/800 : Query Acc = 86.67, Avg Acc = 86.57% +- 0.78%
CropDiseases iteration 598/800 : Query Acc = 88.00, Avg Acc = 86.58% +- 0.78%
CropDiseases iteration 599/800 : Query Acc = 92.00, Avg Acc = 86.58% +- 0.78%
CropDiseases iteration 600/800 : Query Acc = 94.67, Avg Acc = 86.60% +- 0.78%
CropDiseases | 600 / 800 Acc = 86.60% +- 0.78%
CropDiseases iteration 601/800 : Query Acc = 76.00, Avg Acc = 86.58% +- 0.77%
CropDiseases iteration 602/800 : Query Acc = 93.33, Avg Acc = 86.59% +- 0.77%
CropDiseases iteration 603/800 : Query Acc = 92.00, Avg Acc = 86.60% +- 0.77%
CropDiseases iteration 604/800 : Query Acc = 86.67, Avg Acc = 86.60% +- 0.77%
CropDiseases iteration 605/800 : Query Acc = 86.67, Avg Acc = 86.60% +- 0.77%
CropDiseases iteration 606/800 : Query Acc = 84.00, Avg Acc = 86.60% +- 0.77%
CropDiseases iteration 607/800 : Query Acc = 90.67, Avg Acc = 86.60% +- 0.77%
CropDiseases iteration 608/800 : Query Acc = 69.33, Avg Acc = 86.57% +- 0.77%
CropDiseases iteration 609/800 : Query Acc = 100.00, Avg Acc = 86.60% +- 0.77%
CropDiseases iteration 610/800 : Query Acc = 88.00, Avg Acc = 86.60% +- 0.77%
CropDiseases iteration 611/800 : Query Acc = 85.33, Avg Acc = 86.60% +- 0.77%
CropDiseases iteration 612/800 : Query Acc = 88.00, Avg Acc = 86.60% +- 0.76%
CropDiseases iteration 613/800 : Query Acc = 86.67, Avg Acc = 86.60% +- 0.76%
CropDiseases iteration 614/800 : Query Acc = 84.00, Avg Acc = 86.60% +- 0.76%
CropDiseases iteration 615/800 : Query Acc = 100.00, Avg Acc = 86.62% +- 0.76%
CropDiseases iteration 616/800 : Query Acc = 77.33, Avg Acc = 86.60% +- 0.76%
CropDiseases iteration 617/800 : Query Acc = 90.67, Avg Acc = 86.61% +- 0.76%
CropDiseases iteration 618/800 : Query Acc = 90.67, Avg Acc = 86.61% +- 0.76%
CropDiseases iteration 619/800 : Query Acc = 94.67, Avg Acc = 86.63% +- 0.76%
CropDiseases iteration 620/800 : Query Acc = 98.67, Avg Acc = 86.65% +- 0.76%
CropDiseases iteration 621/800 : Query Acc = 88.00, Avg Acc = 86.65% +- 0.76%
CropDiseases iteration 622/800 : Query Acc = 73.33, Avg Acc = 86.63% +- 0.76%
CropDiseases iteration 623/800 : Query Acc = 94.67, Avg Acc = 86.64% +- 0.76%
CropDiseases iteration 624/800 : Query Acc = 78.67, Avg Acc = 86.63% +- 0.76%
CropDiseases iteration 625/800 : Query Acc = 82.67, Avg Acc = 86.62% +- 0.75%
CropDiseases iteration 626/800 : Query Acc = 84.00, Avg Acc = 86.62% +- 0.75%
CropDiseases iteration 627/800 : Query Acc = 82.67, Avg Acc = 86.61% +- 0.75%
CropDiseases iteration 628/800 : Query Acc = 98.67, Avg Acc = 86.63% +- 0.75%
CropDiseases iteration 629/800 : Query Acc = 62.67, Avg Acc = 86.59% +- 0.75%
CropDiseases iteration 630/800 : Query Acc = 86.67, Avg Acc = 86.59% +- 0.75%
CropDiseases iteration 631/800 : Query Acc = 93.33, Avg Acc = 86.60% +- 0.75%
CropDiseases iteration 632/800 : Query Acc = 82.67, Avg Acc = 86.60% +- 0.75%
CropDiseases iteration 633/800 : Query Acc = 89.33, Avg Acc = 86.60% +- 0.75%
CropDiseases iteration 634/800 : Query Acc = 88.00, Avg Acc = 86.60% +- 0.75%
CropDiseases iteration 635/800 : Query Acc = 80.00, Avg Acc = 86.59% +- 0.75%
CropDiseases iteration 636/800 : Query Acc = 96.00, Avg Acc = 86.61% +- 0.75%
CropDiseases iteration 637/800 : Query Acc = 88.00, Avg Acc = 86.61% +- 0.75%
CropDiseases iteration 638/800 : Query Acc = 98.67, Avg Acc = 86.63% +- 0.75%
CropDiseases iteration 639/800 : Query Acc = 81.33, Avg Acc = 86.62% +- 0.74%
CropDiseases iteration 640/800 : Query Acc = 98.67, Avg Acc = 86.64% +- 0.74%
CropDiseases iteration 641/800 : Query Acc = 86.67, Avg Acc = 86.64% +- 0.74%
CropDiseases iteration 642/800 : Query Acc = 97.33, Avg Acc = 86.66% +- 0.74%
CropDiseases iteration 643/800 : Query Acc = 70.67, Avg Acc = 86.63% +- 0.74%
CropDiseases iteration 644/800 : Query Acc = 84.00, Avg Acc = 86.63% +- 0.74%
CropDiseases iteration 645/800 : Query Acc = 89.33, Avg Acc = 86.63% +- 0.74%
CropDiseases iteration 646/800 : Query Acc = 96.00, Avg Acc = 86.65% +- 0.74%
CropDiseases iteration 647/800 : Query Acc = 70.67, Avg Acc = 86.62% +- 0.74%
CropDiseases iteration 648/800 : Query Acc = 98.67, Avg Acc = 86.64% +- 0.74%
CropDiseases iteration 649/800 : Query Acc = 92.00, Avg Acc = 86.65% +- 0.74%
CropDiseases iteration 650/800 : Query Acc = 88.00, Avg Acc = 86.65% +- 0.74%
CropDiseases iteration 651/800 : Query Acc = 98.67, Avg Acc = 86.67% +- 0.74%
CropDiseases iteration 652/800 : Query Acc = 85.33, Avg Acc = 86.67% +- 0.74%
CropDiseases iteration 653/800 : Query Acc = 98.67, Avg Acc = 86.69% +- 0.74%
CropDiseases iteration 654/800 : Query Acc = 82.67, Avg Acc = 86.68% +- 0.74%
CropDiseases iteration 655/800 : Query Acc = 88.00, Avg Acc = 86.68% +- 0.73%
CropDiseases iteration 656/800 : Query Acc = 90.67, Avg Acc = 86.69% +- 0.73%
CropDiseases iteration 657/800 : Query Acc = 77.33, Avg Acc = 86.67% +- 0.73%
CropDiseases iteration 658/800 : Query Acc = 93.33, Avg Acc = 86.68% +- 0.73%
CropDiseases iteration 659/800 : Query Acc = 93.33, Avg Acc = 86.69% +- 0.73%
CropDiseases iteration 660/800 : Query Acc = 100.00, Avg Acc = 86.71% +- 0.73%
CropDiseases iteration 661/800 : Query Acc = 90.67, Avg Acc = 86.72% +- 0.73%
CropDiseases iteration 662/800 : Query Acc = 82.67, Avg Acc = 86.71% +- 0.73%
CropDiseases iteration 663/800 : Query Acc = 100.00, Avg Acc = 86.73% +- 0.73%
CropDiseases iteration 664/800 : Query Acc = 85.33, Avg Acc = 86.73% +- 0.73%
CropDiseases iteration 665/800 : Query Acc = 72.00, Avg Acc = 86.71% +- 0.73%
CropDiseases iteration 666/800 : Query Acc = 89.33, Avg Acc = 86.71% +- 0.73%
CropDiseases iteration 667/800 : Query Acc = 93.33, Avg Acc = 86.72% +- 0.73%
CropDiseases iteration 668/800 : Query Acc = 94.67, Avg Acc = 86.73% +- 0.73%
CropDiseases iteration 669/800 : Query Acc = 77.33, Avg Acc = 86.72% +- 0.73%
CropDiseases iteration 670/800 : Query Acc = 80.00, Avg Acc = 86.71% +- 0.72%
CropDiseases iteration 671/800 : Query Acc = 92.00, Avg Acc = 86.72% +- 0.72%
CropDiseases iteration 672/800 : Query Acc = 94.67, Avg Acc = 86.73% +- 0.72%
CropDiseases iteration 673/800 : Query Acc = 94.67, Avg Acc = 86.74% +- 0.72%
CropDiseases iteration 674/800 : Query Acc = 77.33, Avg Acc = 86.73% +- 0.72%
CropDiseases iteration 675/800 : Query Acc = 93.33, Avg Acc = 86.74% +- 0.72%
CropDiseases iteration 676/800 : Query Acc = 93.33, Avg Acc = 86.75% +- 0.72%
CropDiseases iteration 677/800 : Query Acc = 70.67, Avg Acc = 86.72% +- 0.72%
CropDiseases iteration 678/800 : Query Acc = 85.33, Avg Acc = 86.72% +- 0.72%
CropDiseases iteration 679/800 : Query Acc = 88.00, Avg Acc = 86.72% +- 0.72%
CropDiseases iteration 680/800 : Query Acc = 74.67, Avg Acc = 86.71% +- 0.72%
CropDiseases iteration 681/800 : Query Acc = 74.67, Avg Acc = 86.69% +- 0.72%
CropDiseases iteration 682/800 : Query Acc = 65.33, Avg Acc = 86.66% +- 0.72%
CropDiseases iteration 683/800 : Query Acc = 96.00, Avg Acc = 86.67% +- 0.72%
CropDiseases iteration 684/800 : Query Acc = 73.33, Avg Acc = 86.65% +- 0.72%
CropDiseases iteration 685/800 : Query Acc = 64.00, Avg Acc = 86.62% +- 0.72%
CropDiseases iteration 686/800 : Query Acc = 89.33, Avg Acc = 86.62% +- 0.72%
CropDiseases iteration 687/800 : Query Acc = 94.67, Avg Acc = 86.63% +- 0.72%
CropDiseases iteration 688/800 : Query Acc = 100.00, Avg Acc = 86.65% +- 0.72%
CropDiseases iteration 689/800 : Query Acc = 92.00, Avg Acc = 86.66% +- 0.72%
CropDiseases iteration 690/800 : Query Acc = 94.67, Avg Acc = 86.67% +- 0.72%
CropDiseases iteration 691/800 : Query Acc = 90.67, Avg Acc = 86.68% +- 0.72%
CropDiseases iteration 692/800 : Query Acc = 81.33, Avg Acc = 86.67% +- 0.72%
CropDiseases iteration 693/800 : Query Acc = 62.67, Avg Acc = 86.64% +- 0.72%
CropDiseases iteration 694/800 : Query Acc = 78.67, Avg Acc = 86.62% +- 0.72%
CropDiseases iteration 695/800 : Query Acc = 82.67, Avg Acc = 86.62% +- 0.72%
CropDiseases iteration 696/800 : Query Acc = 100.00, Avg Acc = 86.64% +- 0.72%
CropDiseases iteration 697/800 : Query Acc = 76.00, Avg Acc = 86.62% +- 0.72%
CropDiseases iteration 698/800 : Query Acc = 100.00, Avg Acc = 86.64% +- 0.72%
CropDiseases iteration 699/800 : Query Acc = 76.00, Avg Acc = 86.63% +- 0.72%
CropDiseases iteration 700/800 : Query Acc = 89.33, Avg Acc = 86.63% +- 0.71%
CropDiseases | 700 / 800 Acc = 86.63% +- 0.71%
CropDiseases iteration 701/800 : Query Acc = 68.00, Avg Acc = 86.60% +- 0.72%
CropDiseases iteration 702/800 : Query Acc = 80.00, Avg Acc = 86.59% +- 0.71%
CropDiseases iteration 703/800 : Query Acc = 90.67, Avg Acc = 86.60% +- 0.71%
CropDiseases iteration 704/800 : Query Acc = 78.67, Avg Acc = 86.59% +- 0.71%
CropDiseases iteration 705/800 : Query Acc = 86.67, Avg Acc = 86.59% +- 0.71%
CropDiseases iteration 706/800 : Query Acc = 96.00, Avg Acc = 86.60% +- 0.71%
CropDiseases iteration 707/800 : Query Acc = 82.67, Avg Acc = 86.60% +- 0.71%
CropDiseases iteration 708/800 : Query Acc = 65.33, Avg Acc = 86.57% +- 0.71%
CropDiseases iteration 709/800 : Query Acc = 68.00, Avg Acc = 86.54% +- 0.71%
CropDiseases iteration 710/800 : Query Acc = 77.33, Avg Acc = 86.53% +- 0.71%
CropDiseases iteration 711/800 : Query Acc = 78.67, Avg Acc = 86.52% +- 0.71%
CropDiseases iteration 712/800 : Query Acc = 85.33, Avg Acc = 86.52% +- 0.71%
CropDiseases iteration 713/800 : Query Acc = 93.33, Avg Acc = 86.52% +- 0.71%
CropDiseases iteration 714/800 : Query Acc = 76.00, Avg Acc = 86.51% +- 0.71%
CropDiseases iteration 715/800 : Query Acc = 82.67, Avg Acc = 86.50% +- 0.71%
CropDiseases iteration 716/800 : Query Acc = 90.67, Avg Acc = 86.51% +- 0.71%
CropDiseases iteration 717/800 : Query Acc = 85.33, Avg Acc = 86.51% +- 0.71%
CropDiseases iteration 718/800 : Query Acc = 94.67, Avg Acc = 86.52% +- 0.71%
CropDiseases iteration 719/800 : Query Acc = 98.67, Avg Acc = 86.54% +- 0.71%
CropDiseases iteration 720/800 : Query Acc = 89.33, Avg Acc = 86.54% +- 0.70%
CropDiseases iteration 721/800 : Query Acc = 89.33, Avg Acc = 86.54% +- 0.70%
CropDiseases iteration 722/800 : Query Acc = 84.00, Avg Acc = 86.54% +- 0.70%
CropDiseases iteration 723/800 : Query Acc = 80.00, Avg Acc = 86.53% +- 0.70%
CropDiseases iteration 724/800 : Query Acc = 96.00, Avg Acc = 86.55% +- 0.70%
CropDiseases iteration 725/800 : Query Acc = 100.00, Avg Acc = 86.56% +- 0.70%
CropDiseases iteration 726/800 : Query Acc = 97.33, Avg Acc = 86.58% +- 0.70%
CropDiseases iteration 727/800 : Query Acc = 89.33, Avg Acc = 86.58% +- 0.70%
CropDiseases iteration 728/800 : Query Acc = 69.33, Avg Acc = 86.56% +- 0.70%
CropDiseases iteration 729/800 : Query Acc = 94.67, Avg Acc = 86.57% +- 0.70%
CropDiseases iteration 730/800 : Query Acc = 60.00, Avg Acc = 86.53% +- 0.70%
CropDiseases iteration 731/800 : Query Acc = 85.33, Avg Acc = 86.53% +- 0.70%
CropDiseases iteration 732/800 : Query Acc = 78.67, Avg Acc = 86.52% +- 0.70%
CropDiseases iteration 733/800 : Query Acc = 92.00, Avg Acc = 86.53% +- 0.70%
CropDiseases iteration 734/800 : Query Acc = 96.00, Avg Acc = 86.54% +- 0.70%
CropDiseases iteration 735/800 : Query Acc = 84.00, Avg Acc = 86.54% +- 0.70%
CropDiseases iteration 736/800 : Query Acc = 96.00, Avg Acc = 86.55% +- 0.70%
CropDiseases iteration 737/800 : Query Acc = 88.00, Avg Acc = 86.55% +- 0.70%
CropDiseases iteration 738/800 : Query Acc = 78.67, Avg Acc = 86.54% +- 0.70%
CropDiseases iteration 739/800 : Query Acc = 89.33, Avg Acc = 86.55% +- 0.70%
CropDiseases iteration 740/800 : Query Acc = 68.00, Avg Acc = 86.52% +- 0.70%
CropDiseases iteration 741/800 : Query Acc = 85.33, Avg Acc = 86.52% +- 0.70%
CropDiseases iteration 742/800 : Query Acc = 97.33, Avg Acc = 86.53% +- 0.70%
CropDiseases iteration 743/800 : Query Acc = 93.33, Avg Acc = 86.54% +- 0.69%
CropDiseases iteration 744/800 : Query Acc = 88.00, Avg Acc = 86.54% +- 0.69%
CropDiseases iteration 745/800 : Query Acc = 98.67, Avg Acc = 86.56% +- 0.69%
CropDiseases iteration 746/800 : Query Acc = 86.67, Avg Acc = 86.56% +- 0.69%
CropDiseases iteration 747/800 : Query Acc = 90.67, Avg Acc = 86.57% +- 0.69%
CropDiseases iteration 748/800 : Query Acc = 85.33, Avg Acc = 86.57% +- 0.69%
CropDiseases iteration 749/800 : Query Acc = 93.33, Avg Acc = 86.57% +- 0.69%
CropDiseases iteration 750/800 : Query Acc = 80.00, Avg Acc = 86.57% +- 0.69%
CropDiseases iteration 751/800 : Query Acc = 85.33, Avg Acc = 86.56% +- 0.69%
CropDiseases iteration 752/800 : Query Acc = 90.67, Avg Acc = 86.57% +- 0.69%
CropDiseases iteration 753/800 : Query Acc = 88.00, Avg Acc = 86.57% +- 0.69%
CropDiseases iteration 754/800 : Query Acc = 78.67, Avg Acc = 86.56% +- 0.69%
CropDiseases iteration 755/800 : Query Acc = 72.00, Avg Acc = 86.54% +- 0.69%
CropDiseases iteration 756/800 : Query Acc = 82.67, Avg Acc = 86.54% +- 0.69%
CropDiseases iteration 757/800 : Query Acc = 86.67, Avg Acc = 86.54% +- 0.68%
CropDiseases iteration 758/800 : Query Acc = 69.33, Avg Acc = 86.51% +- 0.69%
CropDiseases iteration 759/800 : Query Acc = 85.33, Avg Acc = 86.51% +- 0.68%
CropDiseases iteration 760/800 : Query Acc = 89.33, Avg Acc = 86.52% +- 0.68%
CropDiseases iteration 761/800 : Query Acc = 90.67, Avg Acc = 86.52% +- 0.68%
CropDiseases iteration 762/800 : Query Acc = 100.00, Avg Acc = 86.54% +- 0.68%
CropDiseases iteration 763/800 : Query Acc = 89.33, Avg Acc = 86.54% +- 0.68%
CropDiseases iteration 764/800 : Query Acc = 92.00, Avg Acc = 86.55% +- 0.68%
CropDiseases iteration 765/800 : Query Acc = 77.33, Avg Acc = 86.54% +- 0.68%
CropDiseases iteration 766/800 : Query Acc = 82.67, Avg Acc = 86.53% +- 0.68%
CropDiseases iteration 767/800 : Query Acc = 97.33, Avg Acc = 86.55% +- 0.68%
CropDiseases iteration 768/800 : Query Acc = 81.33, Avg Acc = 86.54% +- 0.68%
CropDiseases iteration 769/800 : Query Acc = 92.00, Avg Acc = 86.55% +- 0.68%
CropDiseases iteration 770/800 : Query Acc = 69.33, Avg Acc = 86.52% +- 0.68%
CropDiseases iteration 771/800 : Query Acc = 84.00, Avg Acc = 86.52% +- 0.68%
CropDiseases iteration 772/800 : Query Acc = 69.33, Avg Acc = 86.50% +- 0.68%
CropDiseases iteration 773/800 : Query Acc = 94.67, Avg Acc = 86.51% +- 0.68%
CropDiseases iteration 774/800 : Query Acc = 88.00, Avg Acc = 86.51% +- 0.68%
CropDiseases iteration 775/800 : Query Acc = 97.33, Avg Acc = 86.53% +- 0.68%
CropDiseases iteration 776/800 : Query Acc = 90.67, Avg Acc = 86.53% +- 0.68%
CropDiseases iteration 777/800 : Query Acc = 93.33, Avg Acc = 86.54% +- 0.68%
CropDiseases iteration 778/800 : Query Acc = 88.00, Avg Acc = 86.54% +- 0.67%
CropDiseases iteration 779/800 : Query Acc = 77.33, Avg Acc = 86.53% +- 0.67%
CropDiseases iteration 780/800 : Query Acc = 88.00, Avg Acc = 86.53% +- 0.67%
CropDiseases iteration 781/800 : Query Acc = 92.00, Avg Acc = 86.54% +- 0.67%
CropDiseases iteration 782/800 : Query Acc = 96.00, Avg Acc = 86.55% +- 0.67%
CropDiseases iteration 783/800 : Query Acc = 68.00, Avg Acc = 86.53% +- 0.67%
CropDiseases iteration 784/800 : Query Acc = 90.67, Avg Acc = 86.53% +- 0.67%
CropDiseases iteration 785/800 : Query Acc = 100.00, Avg Acc = 86.55% +- 0.67%
CropDiseases iteration 786/800 : Query Acc = 94.67, Avg Acc = 86.56% +- 0.67%
CropDiseases iteration 787/800 : Query Acc = 65.33, Avg Acc = 86.53% +- 0.67%
CropDiseases iteration 788/800 : Query Acc = 88.00, Avg Acc = 86.53% +- 0.67%
CropDiseases iteration 789/800 : Query Acc = 92.00, Avg Acc = 86.54% +- 0.67%
CropDiseases iteration 790/800 : Query Acc = 78.67, Avg Acc = 86.53% +- 0.67%
CropDiseases iteration 791/800 : Query Acc = 81.33, Avg Acc = 86.53% +- 0.67%
CropDiseases iteration 792/800 : Query Acc = 90.67, Avg Acc = 86.53% +- 0.67%
CropDiseases iteration 793/800 : Query Acc = 96.00, Avg Acc = 86.54% +- 0.67%
CropDiseases iteration 794/800 : Query Acc = 88.00, Avg Acc = 86.54% +- 0.67%
CropDiseases iteration 795/800 : Query Acc = 93.33, Avg Acc = 86.55% +- 0.67%
CropDiseases iteration 796/800 : Query Acc = 77.33, Avg Acc = 86.54% +- 0.67%
CropDiseases iteration 797/800 : Query Acc = 89.33, Avg Acc = 86.54% +- 0.67%
CropDiseases iteration 798/800 : Query Acc = 89.33, Avg Acc = 86.55% +- 0.66%
CropDiseases iteration 799/800 : Query Acc = 82.67, Avg Acc = 86.54% +- 0.66%
Crop 800 Test Acc = 86.54% +- 0.66%
800 個 episode  /home/ccoliu/atha_dumps/CropDiseases_bscd_1shot_seed1
baseline（inductive，模型輸出）：86.54

設定（初始化:gamma）              準確率         − baseline（配對）
model2:0.002             91.02     +4.48 ± 0.31 *

* = 配對 CI 不含 0
CROP_VARIANT_DONE bscd
>>> [ATHA dump] CropDiseases（dedup）1-shot seed=1 n=800  2026-10-05 18:29:13
set seed = 1
FineTune! 1 shots on CropDiseases dataset
CropDiseases iteration 0/800 : Query Acc = 92.00, Avg Acc = 92.00% +- 0.00%
CropDiseases | 0 / 800 Acc = 92.00% +- 0.00%
CropDiseases iteration 1/800 : Query Acc = 94.67, Avg Acc = 93.33% +- 1.85%
CropDiseases iteration 2/800 : Query Acc = 70.67, Avg Acc = 85.78% +- 12.15%
CropDiseases iteration 3/800 : Query Acc = 90.67, Avg Acc = 87.00% +- 9.35%
CropDiseases iteration 4/800 : Query Acc = 84.00, Avg Acc = 86.40% +- 7.55%
CropDiseases iteration 5/800 : Query Acc = 81.33, Avg Acc = 85.56% +- 6.47%
CropDiseases iteration 6/800 : Query Acc = 84.00, Avg Acc = 85.33% +- 5.56%
CropDiseases iteration 7/800 : Query Acc = 86.67, Avg Acc = 85.50% +- 4.88%
CropDiseases iteration 8/800 : Query Acc = 88.00, Avg Acc = 85.78% +- 4.37%
CropDiseases iteration 9/800 : Query Acc = 89.33, Avg Acc = 86.13% +- 3.98%
CropDiseases iteration 10/800 : Query Acc = 61.33, Avg Acc = 83.88% +- 5.56%
CropDiseases iteration 11/800 : Query Acc = 69.33, Avg Acc = 82.67% +- 5.58%
CropDiseases iteration 12/800 : Query Acc = 96.00, Avg Acc = 83.69% +- 5.50%
CropDiseases iteration 13/800 : Query Acc = 97.33, Avg Acc = 84.67% +- 5.43%
CropDiseases iteration 14/800 : Query Acc = 72.00, Avg Acc = 83.82% +- 5.31%
CropDiseases iteration 15/800 : Query Acc = 96.00, Avg Acc = 84.58% +- 5.19%
CropDiseases iteration 16/800 : Query Acc = 82.67, Avg Acc = 84.47% +- 4.89%
CropDiseases iteration 17/800 : Query Acc = 88.00, Avg Acc = 84.67% +- 4.63%
CropDiseases iteration 18/800 : Query Acc = 69.33, Avg Acc = 83.86% +- 4.65%
CropDiseases iteration 19/800 : Query Acc = 98.67, Avg Acc = 84.60% +- 4.64%
CropDiseases iteration 20/800 : Query Acc = 70.67, Avg Acc = 83.94% +- 4.59%
CropDiseases iteration 21/800 : Query Acc = 97.33, Avg Acc = 84.55% +- 4.54%
CropDiseases iteration 22/800 : Query Acc = 78.67, Avg Acc = 84.29% +- 4.37%
CropDiseases iteration 23/800 : Query Acc = 70.67, Avg Acc = 83.72% +- 4.33%
CropDiseases iteration 24/800 : Query Acc = 94.67, Avg Acc = 84.16% +- 4.24%
CropDiseases iteration 25/800 : Query Acc = 93.33, Avg Acc = 84.51% +- 4.13%
CropDiseases iteration 26/800 : Query Acc = 81.33, Avg Acc = 84.40% +- 3.98%
CropDiseases iteration 27/800 : Query Acc = 93.33, Avg Acc = 84.71% +- 3.89%
CropDiseases iteration 28/800 : Query Acc = 93.33, Avg Acc = 85.01% +- 3.80%
CropDiseases iteration 29/800 : Query Acc = 78.67, Avg Acc = 84.80% +- 3.69%
CropDiseases iteration 30/800 : Query Acc = 92.00, Avg Acc = 85.03% +- 3.60%
CropDiseases iteration 31/800 : Query Acc = 97.33, Avg Acc = 85.42% +- 3.57%
CropDiseases iteration 32/800 : Query Acc = 88.00, Avg Acc = 85.49% +- 3.46%
CropDiseases iteration 33/800 : Query Acc = 69.33, Avg Acc = 85.02% +- 3.49%
CropDiseases iteration 34/800 : Query Acc = 81.33, Avg Acc = 84.91% +- 3.39%
CropDiseases iteration 35/800 : Query Acc = 65.33, Avg Acc = 84.37% +- 3.46%
CropDiseases iteration 36/800 : Query Acc = 84.00, Avg Acc = 84.36% +- 3.37%
CropDiseases iteration 37/800 : Query Acc = 76.00, Avg Acc = 84.14% +- 3.31%
CropDiseases iteration 38/800 : Query Acc = 69.33, Avg Acc = 83.76% +- 3.30%
CropDiseases iteration 39/800 : Query Acc = 81.33, Avg Acc = 83.70% +- 3.22%
CropDiseases iteration 40/800 : Query Acc = 90.67, Avg Acc = 83.87% +- 3.16%
CropDiseases iteration 41/800 : Query Acc = 69.33, Avg Acc = 83.52% +- 3.16%
CropDiseases iteration 42/800 : Query Acc = 98.67, Avg Acc = 83.88% +- 3.16%
CropDiseases iteration 43/800 : Query Acc = 93.33, Avg Acc = 84.09% +- 3.12%
CropDiseases iteration 44/800 : Query Acc = 80.00, Avg Acc = 84.00% +- 3.05%
CropDiseases iteration 45/800 : Query Acc = 88.00, Avg Acc = 84.09% +- 2.99%
CropDiseases iteration 46/800 : Query Acc = 76.00, Avg Acc = 83.91% +- 2.95%
CropDiseases iteration 47/800 : Query Acc = 93.33, Avg Acc = 84.11% +- 2.91%
CropDiseases iteration 48/800 : Query Acc = 88.00, Avg Acc = 84.19% +- 2.85%
CropDiseases iteration 49/800 : Query Acc = 92.00, Avg Acc = 84.35% +- 2.81%
CropDiseases iteration 50/800 : Query Acc = 89.33, Avg Acc = 84.44% +- 2.76%
CropDiseases iteration 51/800 : Query Acc = 82.67, Avg Acc = 84.41% +- 2.71%
CropDiseases iteration 52/800 : Query Acc = 93.33, Avg Acc = 84.58% +- 2.68%
CropDiseases iteration 53/800 : Query Acc = 89.33, Avg Acc = 84.67% +- 2.64%
CropDiseases iteration 54/800 : Query Acc = 84.00, Avg Acc = 84.65% +- 2.59%
CropDiseases iteration 55/800 : Query Acc = 69.33, Avg Acc = 84.38% +- 2.60%
CropDiseases iteration 56/800 : Query Acc = 97.33, Avg Acc = 84.61% +- 2.59%
CropDiseases iteration 57/800 : Query Acc = 90.67, Avg Acc = 84.71% +- 2.55%
CropDiseases iteration 58/800 : Query Acc = 84.00, Avg Acc = 84.70% +- 2.51%
CropDiseases iteration 59/800 : Query Acc = 85.33, Avg Acc = 84.71% +- 2.47%
CropDiseases iteration 60/800 : Query Acc = 92.00, Avg Acc = 84.83% +- 2.44%
CropDiseases iteration 61/800 : Query Acc = 78.67, Avg Acc = 84.73% +- 2.41%
CropDiseases iteration 62/800 : Query Acc = 86.67, Avg Acc = 84.76% +- 2.37%
CropDiseases iteration 63/800 : Query Acc = 96.00, Avg Acc = 84.94% +- 2.36%
CropDiseases iteration 64/800 : Query Acc = 89.33, Avg Acc = 85.01% +- 2.33%
CropDiseases iteration 65/800 : Query Acc = 84.00, Avg Acc = 84.99% +- 2.29%
CropDiseases iteration 66/800 : Query Acc = 96.00, Avg Acc = 85.15% +- 2.28%
CropDiseases iteration 67/800 : Query Acc = 84.00, Avg Acc = 85.14% +- 2.25%
CropDiseases iteration 68/800 : Query Acc = 74.67, Avg Acc = 84.99% +- 2.23%
CropDiseases iteration 69/800 : Query Acc = 97.33, Avg Acc = 85.16% +- 2.23%
CropDiseases iteration 70/800 : Query Acc = 78.67, Avg Acc = 85.07% +- 2.20%
CropDiseases iteration 71/800 : Query Acc = 90.67, Avg Acc = 85.15% +- 2.18%
CropDiseases iteration 72/800 : Query Acc = 68.00, Avg Acc = 84.91% +- 2.20%
CropDiseases iteration 73/800 : Query Acc = 97.33, Avg Acc = 85.08% +- 2.19%
CropDiseases iteration 74/800 : Query Acc = 94.67, Avg Acc = 85.21% +- 2.18%
CropDiseases iteration 75/800 : Query Acc = 66.67, Avg Acc = 84.96% +- 2.20%
CropDiseases iteration 76/800 : Query Acc = 86.67, Avg Acc = 84.99% +- 2.17%
CropDiseases iteration 77/800 : Query Acc = 89.33, Avg Acc = 85.04% +- 2.15%
CropDiseases iteration 78/800 : Query Acc = 92.00, Avg Acc = 85.13% +- 2.13%
CropDiseases iteration 79/800 : Query Acc = 84.00, Avg Acc = 85.12% +- 2.10%
CropDiseases iteration 80/800 : Query Acc = 74.67, Avg Acc = 84.99% +- 2.09%
CropDiseases iteration 81/800 : Query Acc = 60.00, Avg Acc = 84.68% +- 2.15%
CropDiseases iteration 82/800 : Query Acc = 94.67, Avg Acc = 84.80% +- 2.13%
CropDiseases iteration 83/800 : Query Acc = 96.00, Avg Acc = 84.94% +- 2.12%
CropDiseases iteration 84/800 : Query Acc = 97.33, Avg Acc = 85.08% +- 2.12%
CropDiseases iteration 85/800 : Query Acc = 89.33, Avg Acc = 85.13% +- 2.10%
CropDiseases iteration 86/800 : Query Acc = 73.33, Avg Acc = 85.00% +- 2.09%
CropDiseases iteration 87/800 : Query Acc = 85.33, Avg Acc = 85.00% +- 2.07%
CropDiseases iteration 88/800 : Query Acc = 90.67, Avg Acc = 85.06% +- 2.05%
CropDiseases iteration 89/800 : Query Acc = 89.33, Avg Acc = 85.11% +- 2.03%
CropDiseases iteration 90/800 : Query Acc = 90.67, Avg Acc = 85.17% +- 2.01%
CropDiseases iteration 91/800 : Query Acc = 82.67, Avg Acc = 85.14% +- 1.99%
CropDiseases iteration 92/800 : Query Acc = 76.00, Avg Acc = 85.05% +- 1.97%
CropDiseases iteration 93/800 : Query Acc = 66.67, Avg Acc = 84.85% +- 1.99%
CropDiseases iteration 94/800 : Query Acc = 81.33, Avg Acc = 84.81% +- 1.97%
CropDiseases iteration 95/800 : Query Acc = 72.00, Avg Acc = 84.68% +- 1.97%
CropDiseases iteration 96/800 : Query Acc = 82.67, Avg Acc = 84.66% +- 1.95%
CropDiseases iteration 97/800 : Query Acc = 66.67, Avg Acc = 84.48% +- 1.96%
CropDiseases iteration 98/800 : Query Acc = 85.33, Avg Acc = 84.48% +- 1.94%
CropDiseases iteration 99/800 : Query Acc = 88.00, Avg Acc = 84.52% +- 1.92%
CropDiseases iteration 100/800 : Query Acc = 90.67, Avg Acc = 84.58% +- 1.91%
CropDiseases | 100 / 800 Acc = 84.58% +- 1.91%
CropDiseases iteration 101/800 : Query Acc = 96.00, Avg Acc = 84.69% +- 1.90%
CropDiseases iteration 102/800 : Query Acc = 89.33, Avg Acc = 84.74% +- 1.88%
CropDiseases iteration 103/800 : Query Acc = 94.67, Avg Acc = 84.83% +- 1.88%
CropDiseases iteration 104/800 : Query Acc = 81.33, Avg Acc = 84.80% +- 1.86%
CropDiseases iteration 105/800 : Query Acc = 82.67, Avg Acc = 84.78% +- 1.84%
CropDiseases iteration 106/800 : Query Acc = 80.00, Avg Acc = 84.74% +- 1.83%
CropDiseases iteration 107/800 : Query Acc = 78.67, Avg Acc = 84.68% +- 1.81%
CropDiseases iteration 108/800 : Query Acc = 96.00, Avg Acc = 84.78% +- 1.81%
CropDiseases iteration 109/800 : Query Acc = 89.33, Avg Acc = 84.82% +- 1.79%
CropDiseases iteration 110/800 : Query Acc = 88.00, Avg Acc = 84.85% +- 1.78%
CropDiseases iteration 111/800 : Query Acc = 89.33, Avg Acc = 84.89% +- 1.76%
CropDiseases iteration 112/800 : Query Acc = 78.67, Avg Acc = 84.84% +- 1.75%
CropDiseases iteration 113/800 : Query Acc = 74.67, Avg Acc = 84.75% +- 1.74%
CropDiseases iteration 114/800 : Query Acc = 65.33, Avg Acc = 84.58% +- 1.76%
CropDiseases iteration 115/800 : Query Acc = 84.00, Avg Acc = 84.57% +- 1.75%
CropDiseases iteration 116/800 : Query Acc = 86.67, Avg Acc = 84.59% +- 1.73%
CropDiseases iteration 117/800 : Query Acc = 80.00, Avg Acc = 84.55% +- 1.72%
CropDiseases iteration 118/800 : Query Acc = 77.33, Avg Acc = 84.49% +- 1.71%
CropDiseases iteration 119/800 : Query Acc = 90.67, Avg Acc = 84.54% +- 1.70%
CropDiseases iteration 120/800 : Query Acc = 81.33, Avg Acc = 84.52% +- 1.68%
CropDiseases iteration 121/800 : Query Acc = 85.33, Avg Acc = 84.52% +- 1.67%
CropDiseases iteration 122/800 : Query Acc = 98.67, Avg Acc = 84.64% +- 1.67%
CropDiseases iteration 123/800 : Query Acc = 97.33, Avg Acc = 84.74% +- 1.67%
CropDiseases iteration 124/800 : Query Acc = 76.00, Avg Acc = 84.67% +- 1.66%
CropDiseases iteration 125/800 : Query Acc = 86.67, Avg Acc = 84.69% +- 1.65%
CropDiseases iteration 126/800 : Query Acc = 82.67, Avg Acc = 84.67% +- 1.64%
CropDiseases iteration 127/800 : Query Acc = 86.67, Avg Acc = 84.69% +- 1.62%
CropDiseases iteration 128/800 : Query Acc = 98.67, Avg Acc = 84.80% +- 1.62%
CropDiseases iteration 129/800 : Query Acc = 86.67, Avg Acc = 84.81% +- 1.61%
CropDiseases iteration 130/800 : Query Acc = 73.33, Avg Acc = 84.72% +- 1.61%
CropDiseases iteration 131/800 : Query Acc = 81.33, Avg Acc = 84.70% +- 1.60%
CropDiseases iteration 132/800 : Query Acc = 89.33, Avg Acc = 84.73% +- 1.59%
CropDiseases iteration 133/800 : Query Acc = 98.67, Avg Acc = 84.84% +- 1.59%
CropDiseases iteration 134/800 : Query Acc = 78.67, Avg Acc = 84.79% +- 1.58%
CropDiseases iteration 135/800 : Query Acc = 96.00, Avg Acc = 84.87% +- 1.58%
CropDiseases iteration 136/800 : Query Acc = 98.67, Avg Acc = 84.97% +- 1.58%
CropDiseases iteration 137/800 : Query Acc = 88.00, Avg Acc = 85.00% +- 1.57%
CropDiseases iteration 138/800 : Query Acc = 81.33, Avg Acc = 84.97% +- 1.56%
CropDiseases iteration 139/800 : Query Acc = 77.33, Avg Acc = 84.91% +- 1.55%
CropDiseases iteration 140/800 : Query Acc = 73.33, Avg Acc = 84.83% +- 1.55%
CropDiseases iteration 141/800 : Query Acc = 70.67, Avg Acc = 84.73% +- 1.55%
CropDiseases iteration 142/800 : Query Acc = 89.33, Avg Acc = 84.76% +- 1.54%
CropDiseases iteration 143/800 : Query Acc = 88.00, Avg Acc = 84.79% +- 1.53%
CropDiseases iteration 144/800 : Query Acc = 74.67, Avg Acc = 84.72% +- 1.52%
CropDiseases iteration 145/800 : Query Acc = 85.33, Avg Acc = 84.72% +- 1.51%
CropDiseases iteration 146/800 : Query Acc = 93.33, Avg Acc = 84.78% +- 1.51%
CropDiseases iteration 147/800 : Query Acc = 92.00, Avg Acc = 84.83% +- 1.50%
CropDiseases iteration 148/800 : Query Acc = 76.00, Avg Acc = 84.77% +- 1.49%
CropDiseases iteration 149/800 : Query Acc = 93.33, Avg Acc = 84.83% +- 1.49%
CropDiseases iteration 150/800 : Query Acc = 80.00, Avg Acc = 84.79% +- 1.48%
CropDiseases iteration 151/800 : Query Acc = 82.67, Avg Acc = 84.78% +- 1.47%
CropDiseases iteration 152/800 : Query Acc = 96.00, Avg Acc = 84.85% +- 1.47%
CropDiseases iteration 153/800 : Query Acc = 80.00, Avg Acc = 84.82% +- 1.46%
CropDiseases iteration 154/800 : Query Acc = 90.67, Avg Acc = 84.86% +- 1.45%
CropDiseases iteration 155/800 : Query Acc = 86.67, Avg Acc = 84.87% +- 1.44%
CropDiseases iteration 156/800 : Query Acc = 78.67, Avg Acc = 84.83% +- 1.44%
CropDiseases iteration 157/800 : Query Acc = 84.00, Avg Acc = 84.83% +- 1.43%
CropDiseases iteration 158/800 : Query Acc = 89.33, Avg Acc = 84.86% +- 1.42%
CropDiseases iteration 159/800 : Query Acc = 88.00, Avg Acc = 84.88% +- 1.41%
CropDiseases iteration 160/800 : Query Acc = 74.67, Avg Acc = 84.81% +- 1.41%
CropDiseases iteration 161/800 : Query Acc = 80.00, Avg Acc = 84.78% +- 1.40%
CropDiseases iteration 162/800 : Query Acc = 98.67, Avg Acc = 84.87% +- 1.40%
CropDiseases iteration 163/800 : Query Acc = 53.33, Avg Acc = 84.67% +- 1.44%
CropDiseases iteration 164/800 : Query Acc = 76.00, Avg Acc = 84.62% +- 1.44%
CropDiseases iteration 165/800 : Query Acc = 88.00, Avg Acc = 84.64% +- 1.43%
CropDiseases iteration 166/800 : Query Acc = 86.67, Avg Acc = 84.65% +- 1.42%
CropDiseases iteration 167/800 : Query Acc = 88.00, Avg Acc = 84.67% +- 1.41%
CropDiseases iteration 168/800 : Query Acc = 82.67, Avg Acc = 84.66% +- 1.40%
CropDiseases iteration 169/800 : Query Acc = 86.67, Avg Acc = 84.67% +- 1.40%
CropDiseases iteration 170/800 : Query Acc = 78.67, Avg Acc = 84.64% +- 1.39%
CropDiseases iteration 171/800 : Query Acc = 77.33, Avg Acc = 84.60% +- 1.38%
CropDiseases iteration 172/800 : Query Acc = 93.33, Avg Acc = 84.65% +- 1.38%
CropDiseases iteration 173/800 : Query Acc = 93.33, Avg Acc = 84.70% +- 1.38%
CropDiseases iteration 174/800 : Query Acc = 70.67, Avg Acc = 84.62% +- 1.38%
CropDiseases iteration 175/800 : Query Acc = 92.00, Avg Acc = 84.66% +- 1.37%
CropDiseases iteration 176/800 : Query Acc = 56.00, Avg Acc = 84.50% +- 1.40%
CropDiseases iteration 177/800 : Query Acc = 77.33, Avg Acc = 84.46% +- 1.39%
CropDiseases iteration 178/800 : Query Acc = 78.67, Avg Acc = 84.42% +- 1.39%
CropDiseases iteration 179/800 : Query Acc = 86.67, Avg Acc = 84.44% +- 1.38%
CropDiseases iteration 180/800 : Query Acc = 94.67, Avg Acc = 84.49% +- 1.38%
CropDiseases iteration 181/800 : Query Acc = 86.67, Avg Acc = 84.51% +- 1.37%
CropDiseases iteration 182/800 : Query Acc = 78.67, Avg Acc = 84.47% +- 1.36%
CropDiseases iteration 183/800 : Query Acc = 80.00, Avg Acc = 84.45% +- 1.36%
CropDiseases iteration 184/800 : Query Acc = 77.33, Avg Acc = 84.41% +- 1.35%
CropDiseases iteration 185/800 : Query Acc = 94.67, Avg Acc = 84.47% +- 1.35%
CropDiseases iteration 186/800 : Query Acc = 84.00, Avg Acc = 84.46% +- 1.34%
CropDiseases iteration 187/800 : Query Acc = 82.67, Avg Acc = 84.45% +- 1.33%
CropDiseases iteration 188/800 : Query Acc = 86.67, Avg Acc = 84.47% +- 1.33%
CropDiseases iteration 189/800 : Query Acc = 97.33, Avg Acc = 84.53% +- 1.33%
CropDiseases iteration 190/800 : Query Acc = 82.67, Avg Acc = 84.52% +- 1.32%
CropDiseases iteration 191/800 : Query Acc = 77.33, Avg Acc = 84.49% +- 1.32%
CropDiseases iteration 192/800 : Query Acc = 89.33, Avg Acc = 84.51% +- 1.31%
CropDiseases iteration 193/800 : Query Acc = 84.00, Avg Acc = 84.51% +- 1.30%
CropDiseases iteration 194/800 : Query Acc = 88.00, Avg Acc = 84.53% +- 1.30%
CropDiseases iteration 195/800 : Query Acc = 66.67, Avg Acc = 84.44% +- 1.30%
CropDiseases iteration 196/800 : Query Acc = 86.67, Avg Acc = 84.45% +- 1.30%
CropDiseases iteration 197/800 : Query Acc = 89.33, Avg Acc = 84.47% +- 1.29%
CropDiseases iteration 198/800 : Query Acc = 74.67, Avg Acc = 84.42% +- 1.29%
CropDiseases iteration 199/800 : Query Acc = 56.00, Avg Acc = 84.28% +- 1.31%
CropDiseases iteration 200/800 : Query Acc = 98.67, Avg Acc = 84.35% +- 1.31%
CropDiseases | 200 / 800 Acc = 84.35% +- 1.31%
CropDiseases iteration 201/800 : Query Acc = 64.00, Avg Acc = 84.25% +- 1.32%
CropDiseases iteration 202/800 : Query Acc = 94.67, Avg Acc = 84.30% +- 1.32%
CropDiseases iteration 203/800 : Query Acc = 85.33, Avg Acc = 84.31% +- 1.31%
CropDiseases iteration 204/800 : Query Acc = 90.67, Avg Acc = 84.34% +- 1.31%
CropDiseases iteration 205/800 : Query Acc = 100.00, Avg Acc = 84.41% +- 1.31%
CropDiseases iteration 206/800 : Query Acc = 78.67, Avg Acc = 84.39% +- 1.30%
CropDiseases iteration 207/800 : Query Acc = 78.67, Avg Acc = 84.36% +- 1.30%
CropDiseases iteration 208/800 : Query Acc = 88.00, Avg Acc = 84.38% +- 1.29%
CropDiseases iteration 209/800 : Query Acc = 82.67, Avg Acc = 84.37% +- 1.29%
CropDiseases iteration 210/800 : Query Acc = 96.00, Avg Acc = 84.42% +- 1.28%
CropDiseases iteration 211/800 : Query Acc = 94.67, Avg Acc = 84.47% +- 1.28%
CropDiseases iteration 212/800 : Query Acc = 85.33, Avg Acc = 84.48% +- 1.28%
CropDiseases iteration 213/800 : Query Acc = 93.33, Avg Acc = 84.52% +- 1.27%
CropDiseases iteration 214/800 : Query Acc = 88.00, Avg Acc = 84.53% +- 1.27%
CropDiseases iteration 215/800 : Query Acc = 56.00, Avg Acc = 84.40% +- 1.29%
CropDiseases iteration 216/800 : Query Acc = 81.33, Avg Acc = 84.39% +- 1.28%
CropDiseases iteration 217/800 : Query Acc = 84.00, Avg Acc = 84.39% +- 1.28%
CropDiseases iteration 218/800 : Query Acc = 94.67, Avg Acc = 84.43% +- 1.27%
CropDiseases iteration 219/800 : Query Acc = 97.33, Avg Acc = 84.49% +- 1.27%
CropDiseases iteration 220/800 : Query Acc = 85.33, Avg Acc = 84.49% +- 1.27%
CropDiseases iteration 221/800 : Query Acc = 89.33, Avg Acc = 84.52% +- 1.26%
CropDiseases iteration 222/800 : Query Acc = 85.33, Avg Acc = 84.52% +- 1.26%
CropDiseases iteration 223/800 : Query Acc = 82.67, Avg Acc = 84.51% +- 1.25%
CropDiseases iteration 224/800 : Query Acc = 86.67, Avg Acc = 84.52% +- 1.25%
CropDiseases iteration 225/800 : Query Acc = 78.67, Avg Acc = 84.50% +- 1.24%
CropDiseases iteration 226/800 : Query Acc = 93.33, Avg Acc = 84.53% +- 1.24%
CropDiseases iteration 227/800 : Query Acc = 86.67, Avg Acc = 84.54% +- 1.23%
CropDiseases iteration 228/800 : Query Acc = 94.67, Avg Acc = 84.59% +- 1.23%
CropDiseases iteration 229/800 : Query Acc = 86.67, Avg Acc = 84.60% +- 1.22%
CropDiseases iteration 230/800 : Query Acc = 56.00, Avg Acc = 84.47% +- 1.24%
CropDiseases iteration 231/800 : Query Acc = 81.33, Avg Acc = 84.46% +- 1.24%
CropDiseases iteration 232/800 : Query Acc = 92.00, Avg Acc = 84.49% +- 1.23%
CropDiseases iteration 233/800 : Query Acc = 88.00, Avg Acc = 84.51% +- 1.23%
CropDiseases iteration 234/800 : Query Acc = 80.00, Avg Acc = 84.49% +- 1.22%
CropDiseases iteration 235/800 : Query Acc = 74.67, Avg Acc = 84.45% +- 1.22%
CropDiseases iteration 236/800 : Query Acc = 74.67, Avg Acc = 84.41% +- 1.22%
CropDiseases iteration 237/800 : Query Acc = 77.33, Avg Acc = 84.38% +- 1.22%
CropDiseases iteration 238/800 : Query Acc = 85.33, Avg Acc = 84.38% +- 1.21%
CropDiseases iteration 239/800 : Query Acc = 96.00, Avg Acc = 84.43% +- 1.21%
CropDiseases iteration 240/800 : Query Acc = 88.00, Avg Acc = 84.44% +- 1.21%
CropDiseases iteration 241/800 : Query Acc = 97.33, Avg Acc = 84.50% +- 1.20%
CropDiseases iteration 242/800 : Query Acc = 81.33, Avg Acc = 84.48% +- 1.20%
CropDiseases iteration 243/800 : Query Acc = 94.67, Avg Acc = 84.52% +- 1.20%
CropDiseases iteration 244/800 : Query Acc = 94.67, Avg Acc = 84.57% +- 1.20%
CropDiseases iteration 245/800 : Query Acc = 74.67, Avg Acc = 84.53% +- 1.19%
CropDiseases iteration 246/800 : Query Acc = 94.67, Avg Acc = 84.57% +- 1.19%
CropDiseases iteration 247/800 : Query Acc = 86.67, Avg Acc = 84.58% +- 1.19%
CropDiseases iteration 248/800 : Query Acc = 90.67, Avg Acc = 84.60% +- 1.18%
CropDiseases iteration 249/800 : Query Acc = 72.00, Avg Acc = 84.55% +- 1.18%
CropDiseases iteration 250/800 : Query Acc = 97.33, Avg Acc = 84.60% +- 1.18%
CropDiseases iteration 251/800 : Query Acc = 74.67, Avg Acc = 84.56% +- 1.18%
CropDiseases iteration 252/800 : Query Acc = 88.00, Avg Acc = 84.57% +- 1.18%
CropDiseases iteration 253/800 : Query Acc = 84.00, Avg Acc = 84.57% +- 1.17%
CropDiseases iteration 254/800 : Query Acc = 78.67, Avg Acc = 84.55% +- 1.17%
CropDiseases iteration 255/800 : Query Acc = 78.67, Avg Acc = 84.53% +- 1.16%
CropDiseases iteration 256/800 : Query Acc = 97.33, Avg Acc = 84.58% +- 1.16%
CropDiseases iteration 257/800 : Query Acc = 97.33, Avg Acc = 84.63% +- 1.16%
CropDiseases iteration 258/800 : Query Acc = 98.67, Avg Acc = 84.68% +- 1.16%
CropDiseases iteration 259/800 : Query Acc = 81.33, Avg Acc = 84.67% +- 1.16%
CropDiseases iteration 260/800 : Query Acc = 100.00, Avg Acc = 84.73% +- 1.16%
CropDiseases iteration 261/800 : Query Acc = 92.00, Avg Acc = 84.75% +- 1.16%
CropDiseases iteration 262/800 : Query Acc = 74.67, Avg Acc = 84.71% +- 1.15%
CropDiseases iteration 263/800 : Query Acc = 81.33, Avg Acc = 84.70% +- 1.15%
CropDiseases iteration 264/800 : Query Acc = 93.33, Avg Acc = 84.73% +- 1.15%
CropDiseases iteration 265/800 : Query Acc = 92.00, Avg Acc = 84.76% +- 1.14%
CropDiseases iteration 266/800 : Query Acc = 100.00, Avg Acc = 84.82% +- 1.15%
CropDiseases iteration 267/800 : Query Acc = 98.67, Avg Acc = 84.87% +- 1.15%
CropDiseases iteration 268/800 : Query Acc = 98.67, Avg Acc = 84.92% +- 1.15%
CropDiseases iteration 269/800 : Query Acc = 86.67, Avg Acc = 84.93% +- 1.14%
CropDiseases iteration 270/800 : Query Acc = 74.67, Avg Acc = 84.89% +- 1.14%
CropDiseases iteration 271/800 : Query Acc = 81.33, Avg Acc = 84.88% +- 1.14%
CropDiseases iteration 272/800 : Query Acc = 86.67, Avg Acc = 84.88% +- 1.13%
CropDiseases iteration 273/800 : Query Acc = 97.33, Avg Acc = 84.93% +- 1.13%
CropDiseases iteration 274/800 : Query Acc = 92.00, Avg Acc = 84.96% +- 1.13%
CropDiseases iteration 275/800 : Query Acc = 97.33, Avg Acc = 85.00% +- 1.13%
CropDiseases iteration 276/800 : Query Acc = 97.33, Avg Acc = 85.04% +- 1.13%
CropDiseases iteration 277/800 : Query Acc = 72.00, Avg Acc = 85.00% +- 1.13%
CropDiseases iteration 278/800 : Query Acc = 86.67, Avg Acc = 85.00% +- 1.12%
CropDiseases iteration 279/800 : Query Acc = 97.33, Avg Acc = 85.05% +- 1.12%
CropDiseases iteration 280/800 : Query Acc = 89.33, Avg Acc = 85.06% +- 1.12%
CropDiseases iteration 281/800 : Query Acc = 81.33, Avg Acc = 85.05% +- 1.12%
CropDiseases iteration 282/800 : Query Acc = 89.33, Avg Acc = 85.06% +- 1.11%
CropDiseases iteration 283/800 : Query Acc = 100.00, Avg Acc = 85.12% +- 1.11%
CropDiseases iteration 284/800 : Query Acc = 85.33, Avg Acc = 85.12% +- 1.11%
CropDiseases iteration 285/800 : Query Acc = 86.67, Avg Acc = 85.12% +- 1.10%
CropDiseases iteration 286/800 : Query Acc = 85.33, Avg Acc = 85.12% +- 1.10%
CropDiseases iteration 287/800 : Query Acc = 82.67, Avg Acc = 85.12% +- 1.10%
CropDiseases iteration 288/800 : Query Acc = 96.00, Avg Acc = 85.15% +- 1.10%
CropDiseases iteration 289/800 : Query Acc = 74.67, Avg Acc = 85.12% +- 1.09%
CropDiseases iteration 290/800 : Query Acc = 81.33, Avg Acc = 85.10% +- 1.09%
CropDiseases iteration 291/800 : Query Acc = 98.67, Avg Acc = 85.15% +- 1.09%
CropDiseases iteration 292/800 : Query Acc = 84.00, Avg Acc = 85.15% +- 1.09%
CropDiseases iteration 293/800 : Query Acc = 85.33, Avg Acc = 85.15% +- 1.08%
CropDiseases iteration 294/800 : Query Acc = 93.33, Avg Acc = 85.18% +- 1.08%
CropDiseases iteration 295/800 : Query Acc = 78.67, Avg Acc = 85.15% +- 1.08%
CropDiseases iteration 296/800 : Query Acc = 85.33, Avg Acc = 85.15% +- 1.07%
CropDiseases iteration 297/800 : Query Acc = 96.00, Avg Acc = 85.19% +- 1.07%
CropDiseases iteration 298/800 : Query Acc = 89.33, Avg Acc = 85.20% +- 1.07%
CropDiseases iteration 299/800 : Query Acc = 80.00, Avg Acc = 85.19% +- 1.07%
CropDiseases iteration 300/800 : Query Acc = 86.67, Avg Acc = 85.19% +- 1.06%
CropDiseases | 300 / 800 Acc = 85.19% +- 1.06%
CropDiseases iteration 301/800 : Query Acc = 84.00, Avg Acc = 85.19% +- 1.06%
CropDiseases iteration 302/800 : Query Acc = 76.00, Avg Acc = 85.16% +- 1.06%
CropDiseases iteration 303/800 : Query Acc = 100.00, Avg Acc = 85.21% +- 1.06%
CropDiseases iteration 304/800 : Query Acc = 97.33, Avg Acc = 85.25% +- 1.06%
CropDiseases iteration 305/800 : Query Acc = 90.67, Avg Acc = 85.26% +- 1.06%
CropDiseases iteration 306/800 : Query Acc = 90.67, Avg Acc = 85.28% +- 1.05%
CropDiseases iteration 307/800 : Query Acc = 90.67, Avg Acc = 85.30% +- 1.05%
CropDiseases iteration 308/800 : Query Acc = 88.00, Avg Acc = 85.31% +- 1.05%
CropDiseases iteration 309/800 : Query Acc = 92.00, Avg Acc = 85.33% +- 1.04%
CropDiseases iteration 310/800 : Query Acc = 76.00, Avg Acc = 85.30% +- 1.04%
CropDiseases iteration 311/800 : Query Acc = 80.00, Avg Acc = 85.28% +- 1.04%
CropDiseases iteration 312/800 : Query Acc = 93.33, Avg Acc = 85.31% +- 1.04%
CropDiseases iteration 313/800 : Query Acc = 93.33, Avg Acc = 85.33% +- 1.04%
CropDiseases iteration 314/800 : Query Acc = 88.00, Avg Acc = 85.34% +- 1.03%
CropDiseases iteration 315/800 : Query Acc = 68.00, Avg Acc = 85.29% +- 1.03%
CropDiseases iteration 316/800 : Query Acc = 82.67, Avg Acc = 85.28% +- 1.03%
CropDiseases iteration 317/800 : Query Acc = 94.67, Avg Acc = 85.31% +- 1.03%
CropDiseases iteration 318/800 : Query Acc = 93.33, Avg Acc = 85.33% +- 1.03%
CropDiseases iteration 319/800 : Query Acc = 89.33, Avg Acc = 85.35% +- 1.03%
CropDiseases iteration 320/800 : Query Acc = 94.67, Avg Acc = 85.37% +- 1.02%
CropDiseases iteration 321/800 : Query Acc = 92.00, Avg Acc = 85.40% +- 1.02%
CropDiseases iteration 322/800 : Query Acc = 93.33, Avg Acc = 85.42% +- 1.02%
CropDiseases iteration 323/800 : Query Acc = 97.33, Avg Acc = 85.46% +- 1.02%
CropDiseases iteration 324/800 : Query Acc = 72.00, Avg Acc = 85.42% +- 1.02%
CropDiseases iteration 325/800 : Query Acc = 76.00, Avg Acc = 85.39% +- 1.02%
CropDiseases iteration 326/800 : Query Acc = 90.67, Avg Acc = 85.40% +- 1.01%
CropDiseases iteration 327/800 : Query Acc = 82.67, Avg Acc = 85.39% +- 1.01%
CropDiseases iteration 328/800 : Query Acc = 92.00, Avg Acc = 85.41% +- 1.01%
CropDiseases iteration 329/800 : Query Acc = 84.00, Avg Acc = 85.41% +- 1.01%
CropDiseases iteration 330/800 : Query Acc = 74.67, Avg Acc = 85.38% +- 1.00%
CropDiseases iteration 331/800 : Query Acc = 92.00, Avg Acc = 85.40% +- 1.00%
CropDiseases iteration 332/800 : Query Acc = 81.33, Avg Acc = 85.39% +- 1.00%
CropDiseases iteration 333/800 : Query Acc = 77.33, Avg Acc = 85.36% +- 1.00%
CropDiseases iteration 334/800 : Query Acc = 78.67, Avg Acc = 85.34% +- 1.00%
CropDiseases iteration 335/800 : Query Acc = 78.67, Avg Acc = 85.32% +- 0.99%
CropDiseases iteration 336/800 : Query Acc = 90.67, Avg Acc = 85.34% +- 0.99%
CropDiseases iteration 337/800 : Query Acc = 78.67, Avg Acc = 85.32% +- 0.99%
CropDiseases iteration 338/800 : Query Acc = 94.67, Avg Acc = 85.35% +- 0.99%
CropDiseases iteration 339/800 : Query Acc = 65.33, Avg Acc = 85.29% +- 0.99%
CropDiseases iteration 340/800 : Query Acc = 68.00, Avg Acc = 85.24% +- 0.99%
CropDiseases iteration 341/800 : Query Acc = 54.67, Avg Acc = 85.15% +- 1.01%
CropDiseases iteration 342/800 : Query Acc = 94.67, Avg Acc = 85.17% +- 1.00%
CropDiseases iteration 343/800 : Query Acc = 93.33, Avg Acc = 85.20% +- 1.00%
CropDiseases iteration 344/800 : Query Acc = 77.33, Avg Acc = 85.17% +- 1.00%
CropDiseases iteration 345/800 : Query Acc = 92.00, Avg Acc = 85.19% +- 1.00%
CropDiseases iteration 346/800 : Query Acc = 70.67, Avg Acc = 85.15% +- 1.00%
CropDiseases iteration 347/800 : Query Acc = 89.33, Avg Acc = 85.16% +- 1.00%
CropDiseases iteration 348/800 : Query Acc = 92.00, Avg Acc = 85.18% +- 0.99%
CropDiseases iteration 349/800 : Query Acc = 84.00, Avg Acc = 85.18% +- 0.99%
CropDiseases iteration 350/800 : Query Acc = 80.00, Avg Acc = 85.17% +- 0.99%
CropDiseases iteration 351/800 : Query Acc = 69.33, Avg Acc = 85.12% +- 0.99%
CropDiseases iteration 352/800 : Query Acc = 96.00, Avg Acc = 85.15% +- 0.99%
CropDiseases iteration 353/800 : Query Acc = 94.67, Avg Acc = 85.18% +- 0.99%
CropDiseases iteration 354/800 : Query Acc = 58.67, Avg Acc = 85.10% +- 1.00%
CropDiseases iteration 355/800 : Query Acc = 74.67, Avg Acc = 85.07% +- 0.99%
CropDiseases iteration 356/800 : Query Acc = 65.33, Avg Acc = 85.02% +- 1.00%
CropDiseases iteration 357/800 : Query Acc = 88.00, Avg Acc = 85.03% +- 1.00%
CropDiseases iteration 358/800 : Query Acc = 77.33, Avg Acc = 85.01% +- 0.99%
CropDiseases iteration 359/800 : Query Acc = 93.33, Avg Acc = 85.03% +- 0.99%
CropDiseases iteration 360/800 : Query Acc = 84.00, Avg Acc = 85.03% +- 0.99%
CropDiseases iteration 361/800 : Query Acc = 94.67, Avg Acc = 85.05% +- 0.99%
CropDiseases iteration 362/800 : Query Acc = 88.00, Avg Acc = 85.06% +- 0.98%
CropDiseases iteration 363/800 : Query Acc = 86.67, Avg Acc = 85.07% +- 0.98%
CropDiseases iteration 364/800 : Query Acc = 89.33, Avg Acc = 85.08% +- 0.98%
CropDiseases iteration 365/800 : Query Acc = 86.67, Avg Acc = 85.08% +- 0.98%
CropDiseases iteration 366/800 : Query Acc = 90.67, Avg Acc = 85.10% +- 0.97%
CropDiseases iteration 367/800 : Query Acc = 97.33, Avg Acc = 85.13% +- 0.97%
CropDiseases iteration 368/800 : Query Acc = 81.33, Avg Acc = 85.12% +- 0.97%
CropDiseases iteration 369/800 : Query Acc = 50.67, Avg Acc = 85.03% +- 0.99%
CropDiseases iteration 370/800 : Query Acc = 78.67, Avg Acc = 85.01% +- 0.98%
CropDiseases iteration 371/800 : Query Acc = 93.33, Avg Acc = 85.03% +- 0.98%
CropDiseases iteration 372/800 : Query Acc = 97.33, Avg Acc = 85.07% +- 0.98%
CropDiseases iteration 373/800 : Query Acc = 96.00, Avg Acc = 85.09% +- 0.98%
CropDiseases iteration 374/800 : Query Acc = 89.33, Avg Acc = 85.11% +- 0.98%
CropDiseases iteration 375/800 : Query Acc = 96.00, Avg Acc = 85.13% +- 0.98%
CropDiseases iteration 376/800 : Query Acc = 98.67, Avg Acc = 85.17% +- 0.98%
CropDiseases iteration 377/800 : Query Acc = 62.67, Avg Acc = 85.11% +- 0.98%
CropDiseases iteration 378/800 : Query Acc = 86.67, Avg Acc = 85.12% +- 0.98%
CropDiseases iteration 379/800 : Query Acc = 73.33, Avg Acc = 85.08% +- 0.98%
CropDiseases iteration 380/800 : Query Acc = 93.33, Avg Acc = 85.11% +- 0.98%
CropDiseases iteration 381/800 : Query Acc = 84.00, Avg Acc = 85.10% +- 0.97%
CropDiseases iteration 382/800 : Query Acc = 89.33, Avg Acc = 85.11% +- 0.97%
CropDiseases iteration 383/800 : Query Acc = 88.00, Avg Acc = 85.12% +- 0.97%
CropDiseases iteration 384/800 : Query Acc = 89.33, Avg Acc = 85.13% +- 0.97%
CropDiseases iteration 385/800 : Query Acc = 66.67, Avg Acc = 85.08% +- 0.97%
CropDiseases iteration 386/800 : Query Acc = 84.00, Avg Acc = 85.08% +- 0.97%
CropDiseases iteration 387/800 : Query Acc = 85.33, Avg Acc = 85.08% +- 0.96%
CropDiseases iteration 388/800 : Query Acc = 81.33, Avg Acc = 85.07% +- 0.96%
CropDiseases iteration 389/800 : Query Acc = 78.67, Avg Acc = 85.06% +- 0.96%
CropDiseases iteration 390/800 : Query Acc = 78.67, Avg Acc = 85.04% +- 0.96%
CropDiseases iteration 391/800 : Query Acc = 64.00, Avg Acc = 84.99% +- 0.96%
CropDiseases iteration 392/800 : Query Acc = 89.33, Avg Acc = 85.00% +- 0.96%
CropDiseases iteration 393/800 : Query Acc = 94.67, Avg Acc = 85.02% +- 0.96%
CropDiseases iteration 394/800 : Query Acc = 80.00, Avg Acc = 85.01% +- 0.96%
CropDiseases iteration 395/800 : Query Acc = 100.00, Avg Acc = 85.05% +- 0.96%
CropDiseases iteration 396/800 : Query Acc = 100.00, Avg Acc = 85.08% +- 0.96%
CropDiseases iteration 397/800 : Query Acc = 98.67, Avg Acc = 85.12% +- 0.96%
CropDiseases iteration 398/800 : Query Acc = 94.67, Avg Acc = 85.14% +- 0.96%
CropDiseases iteration 399/800 : Query Acc = 88.00, Avg Acc = 85.15% +- 0.95%
CropDiseases iteration 400/800 : Query Acc = 81.33, Avg Acc = 85.14% +- 0.95%
CropDiseases | 400 / 800 Acc = 85.14% +- 0.95%
CropDiseases iteration 401/800 : Query Acc = 82.67, Avg Acc = 85.13% +- 0.95%
CropDiseases iteration 402/800 : Query Acc = 88.00, Avg Acc = 85.14% +- 0.95%
CropDiseases iteration 403/800 : Query Acc = 85.33, Avg Acc = 85.14% +- 0.94%
CropDiseases iteration 404/800 : Query Acc = 92.00, Avg Acc = 85.16% +- 0.94%
CropDiseases iteration 405/800 : Query Acc = 84.00, Avg Acc = 85.16% +- 0.94%
CropDiseases iteration 406/800 : Query Acc = 85.33, Avg Acc = 85.16% +- 0.94%
CropDiseases iteration 407/800 : Query Acc = 93.33, Avg Acc = 85.18% +- 0.94%
CropDiseases iteration 408/800 : Query Acc = 65.33, Avg Acc = 85.13% +- 0.94%
CropDiseases iteration 409/800 : Query Acc = 89.33, Avg Acc = 85.14% +- 0.94%
CropDiseases iteration 410/800 : Query Acc = 97.33, Avg Acc = 85.17% +- 0.94%
CropDiseases iteration 411/800 : Query Acc = 92.00, Avg Acc = 85.18% +- 0.93%
CropDiseases iteration 412/800 : Query Acc = 86.67, Avg Acc = 85.19% +- 0.93%
CropDiseases iteration 413/800 : Query Acc = 89.33, Avg Acc = 85.20% +- 0.93%
CropDiseases iteration 414/800 : Query Acc = 93.33, Avg Acc = 85.22% +- 0.93%
CropDiseases iteration 415/800 : Query Acc = 86.67, Avg Acc = 85.22% +- 0.93%
CropDiseases iteration 416/800 : Query Acc = 78.67, Avg Acc = 85.21% +- 0.93%
CropDiseases iteration 417/800 : Query Acc = 90.67, Avg Acc = 85.22% +- 0.92%
CropDiseases iteration 418/800 : Query Acc = 85.33, Avg Acc = 85.22% +- 0.92%
CropDiseases iteration 419/800 : Query Acc = 74.67, Avg Acc = 85.19% +- 0.92%
CropDiseases iteration 420/800 : Query Acc = 76.00, Avg Acc = 85.17% +- 0.92%
CropDiseases iteration 421/800 : Query Acc = 60.00, Avg Acc = 85.11% +- 0.92%
CropDiseases iteration 422/800 : Query Acc = 62.67, Avg Acc = 85.06% +- 0.93%
CropDiseases iteration 423/800 : Query Acc = 69.33, Avg Acc = 85.02% +- 0.93%
CropDiseases iteration 424/800 : Query Acc = 86.67, Avg Acc = 85.03% +- 0.93%
CropDiseases iteration 425/800 : Query Acc = 90.67, Avg Acc = 85.04% +- 0.92%
CropDiseases iteration 426/800 : Query Acc = 80.00, Avg Acc = 85.03% +- 0.92%
CropDiseases iteration 427/800 : Query Acc = 86.67, Avg Acc = 85.03% +- 0.92%
CropDiseases iteration 428/800 : Query Acc = 88.00, Avg Acc = 85.04% +- 0.92%
CropDiseases iteration 429/800 : Query Acc = 94.67, Avg Acc = 85.06% +- 0.92%
CropDiseases iteration 430/800 : Query Acc = 53.33, Avg Acc = 84.99% +- 0.93%
CropDiseases iteration 431/800 : Query Acc = 81.33, Avg Acc = 84.98% +- 0.92%
CropDiseases iteration 432/800 : Query Acc = 82.67, Avg Acc = 84.97% +- 0.92%
CropDiseases iteration 433/800 : Query Acc = 78.67, Avg Acc = 84.96% +- 0.92%
CropDiseases iteration 434/800 : Query Acc = 88.00, Avg Acc = 84.97% +- 0.92%
CropDiseases iteration 435/800 : Query Acc = 89.33, Avg Acc = 84.98% +- 0.92%
CropDiseases iteration 436/800 : Query Acc = 78.67, Avg Acc = 84.96% +- 0.92%
CropDiseases iteration 437/800 : Query Acc = 88.00, Avg Acc = 84.97% +- 0.91%
CropDiseases iteration 438/800 : Query Acc = 97.33, Avg Acc = 85.00% +- 0.91%
CropDiseases iteration 439/800 : Query Acc = 82.67, Avg Acc = 84.99% +- 0.91%
CropDiseases iteration 440/800 : Query Acc = 92.00, Avg Acc = 85.01% +- 0.91%
CropDiseases iteration 441/800 : Query Acc = 69.33, Avg Acc = 84.97% +- 0.91%
CropDiseases iteration 442/800 : Query Acc = 88.00, Avg Acc = 84.98% +- 0.91%
CropDiseases iteration 443/800 : Query Acc = 100.00, Avg Acc = 85.01% +- 0.91%
CropDiseases iteration 444/800 : Query Acc = 96.00, Avg Acc = 85.04% +- 0.91%
CropDiseases iteration 445/800 : Query Acc = 53.33, Avg Acc = 84.97% +- 0.92%
CropDiseases iteration 446/800 : Query Acc = 90.67, Avg Acc = 84.98% +- 0.91%
CropDiseases iteration 447/800 : Query Acc = 93.33, Avg Acc = 85.00% +- 0.91%
CropDiseases iteration 448/800 : Query Acc = 74.67, Avg Acc = 84.97% +- 0.91%
CropDiseases iteration 449/800 : Query Acc = 97.33, Avg Acc = 85.00% +- 0.91%
CropDiseases iteration 450/800 : Query Acc = 64.00, Avg Acc = 84.95% +- 0.91%
CropDiseases iteration 451/800 : Query Acc = 77.33, Avg Acc = 84.94% +- 0.91%
CropDiseases iteration 452/800 : Query Acc = 93.33, Avg Acc = 84.96% +- 0.91%
CropDiseases iteration 453/800 : Query Acc = 94.67, Avg Acc = 84.98% +- 0.91%
CropDiseases iteration 454/800 : Query Acc = 92.00, Avg Acc = 84.99% +- 0.91%
CropDiseases iteration 455/800 : Query Acc = 89.33, Avg Acc = 85.00% +- 0.91%
CropDiseases iteration 456/800 : Query Acc = 84.00, Avg Acc = 85.00% +- 0.91%
CropDiseases iteration 457/800 : Query Acc = 97.33, Avg Acc = 85.03% +- 0.90%
CropDiseases iteration 458/800 : Query Acc = 81.33, Avg Acc = 85.02% +- 0.90%
CropDiseases iteration 459/800 : Query Acc = 90.67, Avg Acc = 85.03% +- 0.90%
CropDiseases iteration 460/800 : Query Acc = 80.00, Avg Acc = 85.02% +- 0.90%
CropDiseases iteration 461/800 : Query Acc = 88.00, Avg Acc = 85.03% +- 0.90%
CropDiseases iteration 462/800 : Query Acc = 84.00, Avg Acc = 85.03% +- 0.90%
CropDiseases iteration 463/800 : Query Acc = 94.67, Avg Acc = 85.05% +- 0.90%
CropDiseases iteration 464/800 : Query Acc = 80.00, Avg Acc = 85.04% +- 0.89%
CropDiseases iteration 465/800 : Query Acc = 92.00, Avg Acc = 85.05% +- 0.89%
CropDiseases iteration 466/800 : Query Acc = 72.00, Avg Acc = 85.02% +- 0.89%
CropDiseases iteration 467/800 : Query Acc = 80.00, Avg Acc = 85.01% +- 0.89%
CropDiseases iteration 468/800 : Query Acc = 96.00, Avg Acc = 85.03% +- 0.89%
CropDiseases iteration 469/800 : Query Acc = 100.00, Avg Acc = 85.07% +- 0.89%
CropDiseases iteration 470/800 : Query Acc = 70.67, Avg Acc = 85.04% +- 0.89%
CropDiseases iteration 471/800 : Query Acc = 88.00, Avg Acc = 85.04% +- 0.89%
CropDiseases iteration 472/800 : Query Acc = 81.33, Avg Acc = 85.03% +- 0.89%
CropDiseases iteration 473/800 : Query Acc = 85.33, Avg Acc = 85.04% +- 0.88%
CropDiseases iteration 474/800 : Query Acc = 93.33, Avg Acc = 85.05% +- 0.88%
CropDiseases iteration 475/800 : Query Acc = 65.33, Avg Acc = 85.01% +- 0.88%
CropDiseases iteration 476/800 : Query Acc = 86.67, Avg Acc = 85.01% +- 0.88%
CropDiseases iteration 477/800 : Query Acc = 74.67, Avg Acc = 84.99% +- 0.88%
CropDiseases iteration 478/800 : Query Acc = 97.33, Avg Acc = 85.02% +- 0.88%
CropDiseases iteration 479/800 : Query Acc = 88.00, Avg Acc = 85.03% +- 0.88%
CropDiseases iteration 480/800 : Query Acc = 88.00, Avg Acc = 85.03% +- 0.88%
CropDiseases iteration 481/800 : Query Acc = 93.33, Avg Acc = 85.05% +- 0.88%
CropDiseases iteration 482/800 : Query Acc = 78.67, Avg Acc = 85.04% +- 0.88%
CropDiseases iteration 483/800 : Query Acc = 85.33, Avg Acc = 85.04% +- 0.87%
CropDiseases iteration 484/800 : Query Acc = 96.00, Avg Acc = 85.06% +- 0.87%
CropDiseases iteration 485/800 : Query Acc = 96.00, Avg Acc = 85.08% +- 0.87%
CropDiseases iteration 486/800 : Query Acc = 68.00, Avg Acc = 85.05% +- 0.87%
CropDiseases iteration 487/800 : Query Acc = 85.33, Avg Acc = 85.05% +- 0.87%
CropDiseases iteration 488/800 : Query Acc = 84.00, Avg Acc = 85.04% +- 0.87%
CropDiseases iteration 489/800 : Query Acc = 65.33, Avg Acc = 85.00% +- 0.87%
CropDiseases iteration 490/800 : Query Acc = 98.67, Avg Acc = 85.03% +- 0.87%
CropDiseases iteration 491/800 : Query Acc = 92.00, Avg Acc = 85.05% +- 0.87%
CropDiseases iteration 492/800 : Query Acc = 85.33, Avg Acc = 85.05% +- 0.87%
CropDiseases iteration 493/800 : Query Acc = 90.67, Avg Acc = 85.06% +- 0.87%
CropDiseases iteration 494/800 : Query Acc = 65.33, Avg Acc = 85.02% +- 0.87%
CropDiseases iteration 495/800 : Query Acc = 66.67, Avg Acc = 84.98% +- 0.87%
CropDiseases iteration 496/800 : Query Acc = 69.33, Avg Acc = 84.95% +- 0.87%
CropDiseases iteration 497/800 : Query Acc = 72.00, Avg Acc = 84.92% +- 0.87%
CropDiseases iteration 498/800 : Query Acc = 94.67, Avg Acc = 84.94% +- 0.87%
CropDiseases iteration 499/800 : Query Acc = 69.33, Avg Acc = 84.91% +- 0.87%
CropDiseases iteration 500/800 : Query Acc = 61.33, Avg Acc = 84.86% +- 0.87%
CropDiseases | 500 / 800 Acc = 84.86% +- 0.87%
CropDiseases iteration 501/800 : Query Acc = 72.00, Avg Acc = 84.84% +- 0.87%
CropDiseases iteration 502/800 : Query Acc = 93.33, Avg Acc = 84.86% +- 0.87%
CropDiseases iteration 503/800 : Query Acc = 97.33, Avg Acc = 84.88% +- 0.87%
CropDiseases iteration 504/800 : Query Acc = 84.00, Avg Acc = 84.88% +- 0.87%
CropDiseases iteration 505/800 : Query Acc = 90.67, Avg Acc = 84.89% +- 0.87%
CropDiseases iteration 506/800 : Query Acc = 96.00, Avg Acc = 84.91% +- 0.87%
CropDiseases iteration 507/800 : Query Acc = 80.00, Avg Acc = 84.90% +- 0.87%
CropDiseases iteration 508/800 : Query Acc = 100.00, Avg Acc = 84.93% +- 0.87%
CropDiseases iteration 509/800 : Query Acc = 94.67, Avg Acc = 84.95% +- 0.87%
CropDiseases iteration 510/800 : Query Acc = 80.00, Avg Acc = 84.94% +- 0.86%
CropDiseases iteration 511/800 : Query Acc = 69.33, Avg Acc = 84.91% +- 0.86%
CropDiseases iteration 512/800 : Query Acc = 80.00, Avg Acc = 84.90% +- 0.86%
CropDiseases iteration 513/800 : Query Acc = 77.33, Avg Acc = 84.89% +- 0.86%
CropDiseases iteration 514/800 : Query Acc = 80.00, Avg Acc = 84.88% +- 0.86%
CropDiseases iteration 515/800 : Query Acc = 89.33, Avg Acc = 84.89% +- 0.86%
CropDiseases iteration 516/800 : Query Acc = 100.00, Avg Acc = 84.92% +- 0.86%
CropDiseases iteration 517/800 : Query Acc = 96.00, Avg Acc = 84.94% +- 0.86%
CropDiseases iteration 518/800 : Query Acc = 86.67, Avg Acc = 84.94% +- 0.86%
CropDiseases iteration 519/800 : Query Acc = 78.67, Avg Acc = 84.93% +- 0.86%
CropDiseases iteration 520/800 : Query Acc = 73.33, Avg Acc = 84.91% +- 0.85%
CropDiseases iteration 521/800 : Query Acc = 100.00, Avg Acc = 84.93% +- 0.85%
CropDiseases iteration 522/800 : Query Acc = 98.67, Avg Acc = 84.96% +- 0.85%
CropDiseases iteration 523/800 : Query Acc = 84.00, Avg Acc = 84.96% +- 0.85%
CropDiseases iteration 524/800 : Query Acc = 70.67, Avg Acc = 84.93% +- 0.85%
CropDiseases iteration 525/800 : Query Acc = 92.00, Avg Acc = 84.95% +- 0.85%
CropDiseases iteration 526/800 : Query Acc = 86.67, Avg Acc = 84.95% +- 0.85%
CropDiseases iteration 527/800 : Query Acc = 93.33, Avg Acc = 84.96% +- 0.85%
CropDiseases iteration 528/800 : Query Acc = 77.33, Avg Acc = 84.95% +- 0.85%
CropDiseases iteration 529/800 : Query Acc = 90.67, Avg Acc = 84.96% +- 0.85%
CropDiseases iteration 530/800 : Query Acc = 84.00, Avg Acc = 84.96% +- 0.85%
CropDiseases iteration 531/800 : Query Acc = 82.67, Avg Acc = 84.95% +- 0.84%
CropDiseases iteration 532/800 : Query Acc = 64.00, Avg Acc = 84.92% +- 0.85%
CropDiseases iteration 533/800 : Query Acc = 89.33, Avg Acc = 84.92% +- 0.84%
CropDiseases iteration 534/800 : Query Acc = 70.67, Avg Acc = 84.90% +- 0.84%
CropDiseases iteration 535/800 : Query Acc = 92.00, Avg Acc = 84.91% +- 0.84%
CropDiseases iteration 536/800 : Query Acc = 64.00, Avg Acc = 84.87% +- 0.85%
CropDiseases iteration 537/800 : Query Acc = 80.00, Avg Acc = 84.86% +- 0.84%
CropDiseases iteration 538/800 : Query Acc = 94.67, Avg Acc = 84.88% +- 0.84%
CropDiseases iteration 539/800 : Query Acc = 94.67, Avg Acc = 84.90% +- 0.84%
CropDiseases iteration 540/800 : Query Acc = 77.33, Avg Acc = 84.88% +- 0.84%
CropDiseases iteration 541/800 : Query Acc = 85.33, Avg Acc = 84.89% +- 0.84%
CropDiseases iteration 542/800 : Query Acc = 78.67, Avg Acc = 84.87% +- 0.84%
CropDiseases iteration 543/800 : Query Acc = 84.00, Avg Acc = 84.87% +- 0.84%
CropDiseases iteration 544/800 : Query Acc = 100.00, Avg Acc = 84.90% +- 0.84%
CropDiseases iteration 545/800 : Query Acc = 89.33, Avg Acc = 84.91% +- 0.84%
CropDiseases iteration 546/800 : Query Acc = 84.00, Avg Acc = 84.91% +- 0.83%
CropDiseases iteration 547/800 : Query Acc = 82.67, Avg Acc = 84.90% +- 0.83%
CropDiseases iteration 548/800 : Query Acc = 82.67, Avg Acc = 84.90% +- 0.83%
CropDiseases iteration 549/800 : Query Acc = 93.33, Avg Acc = 84.91% +- 0.83%
CropDiseases iteration 550/800 : Query Acc = 97.33, Avg Acc = 84.94% +- 0.83%
CropDiseases iteration 551/800 : Query Acc = 74.67, Avg Acc = 84.92% +- 0.83%
CropDiseases iteration 552/800 : Query Acc = 81.33, Avg Acc = 84.91% +- 0.83%
CropDiseases iteration 553/800 : Query Acc = 73.33, Avg Acc = 84.89% +- 0.83%
CropDiseases iteration 554/800 : Query Acc = 85.33, Avg Acc = 84.89% +- 0.83%
CropDiseases iteration 555/800 : Query Acc = 97.33, Avg Acc = 84.91% +- 0.83%
CropDiseases iteration 556/800 : Query Acc = 80.00, Avg Acc = 84.90% +- 0.82%
CropDiseases iteration 557/800 : Query Acc = 80.00, Avg Acc = 84.90% +- 0.82%
CropDiseases iteration 558/800 : Query Acc = 72.00, Avg Acc = 84.87% +- 0.82%
CropDiseases iteration 559/800 : Query Acc = 78.67, Avg Acc = 84.86% +- 0.82%
CropDiseases iteration 560/800 : Query Acc = 76.00, Avg Acc = 84.85% +- 0.82%
CropDiseases iteration 561/800 : Query Acc = 85.33, Avg Acc = 84.85% +- 0.82%
CropDiseases iteration 562/800 : Query Acc = 96.00, Avg Acc = 84.87% +- 0.82%
CropDiseases iteration 563/800 : Query Acc = 86.67, Avg Acc = 84.87% +- 0.82%
CropDiseases iteration 564/800 : Query Acc = 81.33, Avg Acc = 84.86% +- 0.82%
CropDiseases iteration 565/800 : Query Acc = 60.00, Avg Acc = 84.82% +- 0.82%
CropDiseases iteration 566/800 : Query Acc = 68.00, Avg Acc = 84.79% +- 0.82%
CropDiseases iteration 567/800 : Query Acc = 86.67, Avg Acc = 84.79% +- 0.82%
CropDiseases iteration 568/800 : Query Acc = 88.00, Avg Acc = 84.80% +- 0.82%
CropDiseases iteration 569/800 : Query Acc = 72.00, Avg Acc = 84.78% +- 0.82%
CropDiseases iteration 570/800 : Query Acc = 86.67, Avg Acc = 84.78% +- 0.81%
CropDiseases iteration 571/800 : Query Acc = 82.67, Avg Acc = 84.78% +- 0.81%
CropDiseases iteration 572/800 : Query Acc = 74.67, Avg Acc = 84.76% +- 0.81%
CropDiseases iteration 573/800 : Query Acc = 97.33, Avg Acc = 84.78% +- 0.81%
CropDiseases iteration 574/800 : Query Acc = 76.00, Avg Acc = 84.77% +- 0.81%
CropDiseases iteration 575/800 : Query Acc = 60.00, Avg Acc = 84.72% +- 0.81%
CropDiseases iteration 576/800 : Query Acc = 85.33, Avg Acc = 84.72% +- 0.81%
CropDiseases iteration 577/800 : Query Acc = 97.33, Avg Acc = 84.75% +- 0.81%
CropDiseases iteration 578/800 : Query Acc = 89.33, Avg Acc = 84.75% +- 0.81%
CropDiseases iteration 579/800 : Query Acc = 84.00, Avg Acc = 84.75% +- 0.81%
CropDiseases iteration 580/800 : Query Acc = 88.00, Avg Acc = 84.76% +- 0.81%
CropDiseases iteration 581/800 : Query Acc = 80.00, Avg Acc = 84.75% +- 0.81%
CropDiseases iteration 582/800 : Query Acc = 72.00, Avg Acc = 84.73% +- 0.81%
CropDiseases iteration 583/800 : Query Acc = 77.33, Avg Acc = 84.71% +- 0.81%
CropDiseases iteration 584/800 : Query Acc = 68.00, Avg Acc = 84.69% +- 0.81%
CropDiseases iteration 585/800 : Query Acc = 86.67, Avg Acc = 84.69% +- 0.81%
CropDiseases iteration 586/800 : Query Acc = 85.33, Avg Acc = 84.69% +- 0.80%
CropDiseases iteration 587/800 : Query Acc = 89.33, Avg Acc = 84.70% +- 0.80%
CropDiseases iteration 588/800 : Query Acc = 84.00, Avg Acc = 84.70% +- 0.80%
CropDiseases iteration 589/800 : Query Acc = 98.67, Avg Acc = 84.72% +- 0.80%
CropDiseases iteration 590/800 : Query Acc = 81.33, Avg Acc = 84.72% +- 0.80%
CropDiseases iteration 591/800 : Query Acc = 100.00, Avg Acc = 84.74% +- 0.80%
CropDiseases iteration 592/800 : Query Acc = 84.00, Avg Acc = 84.74% +- 0.80%
CropDiseases iteration 593/800 : Query Acc = 62.67, Avg Acc = 84.70% +- 0.80%
CropDiseases iteration 594/800 : Query Acc = 85.33, Avg Acc = 84.70% +- 0.80%
CropDiseases iteration 595/800 : Query Acc = 68.00, Avg Acc = 84.68% +- 0.80%
CropDiseases iteration 596/800 : Query Acc = 90.67, Avg Acc = 84.69% +- 0.80%
CropDiseases iteration 597/800 : Query Acc = 85.33, Avg Acc = 84.69% +- 0.80%
CropDiseases iteration 598/800 : Query Acc = 97.33, Avg Acc = 84.71% +- 0.80%
CropDiseases iteration 599/800 : Query Acc = 86.67, Avg Acc = 84.71% +- 0.80%
CropDiseases iteration 600/800 : Query Acc = 94.67, Avg Acc = 84.73% +- 0.80%
CropDiseases | 600 / 800 Acc = 84.73% +- 0.80%
CropDiseases iteration 601/800 : Query Acc = 86.67, Avg Acc = 84.73% +- 0.79%
CropDiseases iteration 602/800 : Query Acc = 94.67, Avg Acc = 84.75% +- 0.79%
CropDiseases iteration 603/800 : Query Acc = 100.00, Avg Acc = 84.77% +- 0.79%
CropDiseases iteration 604/800 : Query Acc = 84.00, Avg Acc = 84.77% +- 0.79%
CropDiseases iteration 605/800 : Query Acc = 94.67, Avg Acc = 84.79% +- 0.79%
CropDiseases iteration 606/800 : Query Acc = 85.33, Avg Acc = 84.79% +- 0.79%
CropDiseases iteration 607/800 : Query Acc = 93.33, Avg Acc = 84.80% +- 0.79%
CropDiseases iteration 608/800 : Query Acc = 68.00, Avg Acc = 84.78% +- 0.79%
CropDiseases iteration 609/800 : Query Acc = 86.67, Avg Acc = 84.78% +- 0.79%
CropDiseases iteration 610/800 : Query Acc = 80.00, Avg Acc = 84.77% +- 0.79%
CropDiseases iteration 611/800 : Query Acc = 74.67, Avg Acc = 84.75% +- 0.79%
CropDiseases iteration 612/800 : Query Acc = 84.00, Avg Acc = 84.75% +- 0.79%
CropDiseases iteration 613/800 : Query Acc = 68.00, Avg Acc = 84.73% +- 0.79%
CropDiseases iteration 614/800 : Query Acc = 86.67, Avg Acc = 84.73% +- 0.79%
CropDiseases iteration 615/800 : Query Acc = 97.33, Avg Acc = 84.75% +- 0.79%
CropDiseases iteration 616/800 : Query Acc = 70.67, Avg Acc = 84.73% +- 0.79%
CropDiseases iteration 617/800 : Query Acc = 76.00, Avg Acc = 84.71% +- 0.78%
CropDiseases iteration 618/800 : Query Acc = 90.67, Avg Acc = 84.72% +- 0.78%
CropDiseases iteration 619/800 : Query Acc = 85.33, Avg Acc = 84.72% +- 0.78%
CropDiseases iteration 620/800 : Query Acc = 78.67, Avg Acc = 84.71% +- 0.78%
CropDiseases iteration 621/800 : Query Acc = 96.00, Avg Acc = 84.73% +- 0.78%
CropDiseases iteration 622/800 : Query Acc = 84.00, Avg Acc = 84.73% +- 0.78%
CropDiseases iteration 623/800 : Query Acc = 92.00, Avg Acc = 84.74% +- 0.78%
CropDiseases iteration 624/800 : Query Acc = 88.00, Avg Acc = 84.75% +- 0.78%
CropDiseases iteration 625/800 : Query Acc = 98.67, Avg Acc = 84.77% +- 0.78%
CropDiseases iteration 626/800 : Query Acc = 73.33, Avg Acc = 84.75% +- 0.78%
CropDiseases iteration 627/800 : Query Acc = 85.33, Avg Acc = 84.75% +- 0.78%
CropDiseases iteration 628/800 : Query Acc = 100.00, Avg Acc = 84.78% +- 0.78%
CropDiseases iteration 629/800 : Query Acc = 70.67, Avg Acc = 84.75% +- 0.78%
CropDiseases iteration 630/800 : Query Acc = 74.67, Avg Acc = 84.74% +- 0.78%
CropDiseases iteration 631/800 : Query Acc = 98.67, Avg Acc = 84.76% +- 0.78%
CropDiseases iteration 632/800 : Query Acc = 84.00, Avg Acc = 84.76% +- 0.77%
CropDiseases iteration 633/800 : Query Acc = 93.33, Avg Acc = 84.77% +- 0.77%
CropDiseases iteration 634/800 : Query Acc = 84.00, Avg Acc = 84.77% +- 0.77%
CropDiseases iteration 635/800 : Query Acc = 76.00, Avg Acc = 84.76% +- 0.77%
CropDiseases iteration 636/800 : Query Acc = 76.00, Avg Acc = 84.74% +- 0.77%
CropDiseases iteration 637/800 : Query Acc = 88.00, Avg Acc = 84.75% +- 0.77%
CropDiseases iteration 638/800 : Query Acc = 98.67, Avg Acc = 84.77% +- 0.77%
CropDiseases iteration 639/800 : Query Acc = 90.67, Avg Acc = 84.78% +- 0.77%
CropDiseases iteration 640/800 : Query Acc = 92.00, Avg Acc = 84.79% +- 0.77%
CropDiseases iteration 641/800 : Query Acc = 90.67, Avg Acc = 84.80% +- 0.77%
CropDiseases iteration 642/800 : Query Acc = 93.33, Avg Acc = 84.81% +- 0.77%
CropDiseases iteration 643/800 : Query Acc = 74.67, Avg Acc = 84.80% +- 0.77%
CropDiseases iteration 644/800 : Query Acc = 90.67, Avg Acc = 84.81% +- 0.76%
CropDiseases iteration 645/800 : Query Acc = 84.00, Avg Acc = 84.80% +- 0.76%
CropDiseases iteration 646/800 : Query Acc = 98.67, Avg Acc = 84.83% +- 0.76%
CropDiseases iteration 647/800 : Query Acc = 74.67, Avg Acc = 84.81% +- 0.76%
CropDiseases iteration 648/800 : Query Acc = 100.00, Avg Acc = 84.83% +- 0.76%
CropDiseases iteration 649/800 : Query Acc = 84.00, Avg Acc = 84.83% +- 0.76%
CropDiseases iteration 650/800 : Query Acc = 86.67, Avg Acc = 84.84% +- 0.76%
CropDiseases iteration 651/800 : Query Acc = 96.00, Avg Acc = 84.85% +- 0.76%
CropDiseases iteration 652/800 : Query Acc = 92.00, Avg Acc = 84.86% +- 0.76%
CropDiseases iteration 653/800 : Query Acc = 81.33, Avg Acc = 84.86% +- 0.76%
CropDiseases iteration 654/800 : Query Acc = 80.00, Avg Acc = 84.85% +- 0.76%
CropDiseases iteration 655/800 : Query Acc = 65.33, Avg Acc = 84.82% +- 0.76%
CropDiseases iteration 656/800 : Query Acc = 96.00, Avg Acc = 84.84% +- 0.76%
CropDiseases iteration 657/800 : Query Acc = 84.00, Avg Acc = 84.84% +- 0.76%
CropDiseases iteration 658/800 : Query Acc = 93.33, Avg Acc = 84.85% +- 0.76%
CropDiseases iteration 659/800 : Query Acc = 93.33, Avg Acc = 84.86% +- 0.76%
CropDiseases iteration 660/800 : Query Acc = 100.00, Avg Acc = 84.89% +- 0.76%
CropDiseases iteration 661/800 : Query Acc = 92.00, Avg Acc = 84.90% +- 0.75%
CropDiseases iteration 662/800 : Query Acc = 86.67, Avg Acc = 84.90% +- 0.75%
CropDiseases iteration 663/800 : Query Acc = 98.67, Avg Acc = 84.92% +- 0.75%
CropDiseases iteration 664/800 : Query Acc = 98.67, Avg Acc = 84.94% +- 0.75%
CropDiseases iteration 665/800 : Query Acc = 74.67, Avg Acc = 84.92% +- 0.75%
CropDiseases iteration 666/800 : Query Acc = 94.67, Avg Acc = 84.94% +- 0.75%
CropDiseases iteration 667/800 : Query Acc = 88.00, Avg Acc = 84.94% +- 0.75%
CropDiseases iteration 668/800 : Query Acc = 96.00, Avg Acc = 84.96% +- 0.75%
CropDiseases iteration 669/800 : Query Acc = 97.33, Avg Acc = 84.98% +- 0.75%
CropDiseases iteration 670/800 : Query Acc = 85.33, Avg Acc = 84.98% +- 0.75%
CropDiseases iteration 671/800 : Query Acc = 90.67, Avg Acc = 84.99% +- 0.75%
CropDiseases iteration 672/800 : Query Acc = 93.33, Avg Acc = 85.00% +- 0.75%
CropDiseases iteration 673/800 : Query Acc = 93.33, Avg Acc = 85.01% +- 0.75%
CropDiseases iteration 674/800 : Query Acc = 70.67, Avg Acc = 84.99% +- 0.75%
CropDiseases iteration 675/800 : Query Acc = 90.67, Avg Acc = 85.00% +- 0.75%
CropDiseases iteration 676/800 : Query Acc = 92.00, Avg Acc = 85.01% +- 0.75%
CropDiseases iteration 677/800 : Query Acc = 72.00, Avg Acc = 84.99% +- 0.75%
CropDiseases iteration 678/800 : Query Acc = 84.00, Avg Acc = 84.99% +- 0.74%
CropDiseases iteration 679/800 : Query Acc = 86.67, Avg Acc = 84.99% +- 0.74%
CropDiseases iteration 680/800 : Query Acc = 57.33, Avg Acc = 84.95% +- 0.75%
CropDiseases iteration 681/800 : Query Acc = 78.67, Avg Acc = 84.94% +- 0.75%
CropDiseases iteration 682/800 : Query Acc = 86.67, Avg Acc = 84.94% +- 0.74%
CropDiseases iteration 683/800 : Query Acc = 81.33, Avg Acc = 84.94% +- 0.74%
CropDiseases iteration 684/800 : Query Acc = 65.33, Avg Acc = 84.91% +- 0.74%
CropDiseases iteration 685/800 : Query Acc = 74.67, Avg Acc = 84.90% +- 0.74%
CropDiseases iteration 686/800 : Query Acc = 92.00, Avg Acc = 84.91% +- 0.74%
CropDiseases iteration 687/800 : Query Acc = 97.33, Avg Acc = 84.92% +- 0.74%
CropDiseases iteration 688/800 : Query Acc = 100.00, Avg Acc = 84.95% +- 0.74%
CropDiseases iteration 689/800 : Query Acc = 77.33, Avg Acc = 84.94% +- 0.74%
CropDiseases iteration 690/800 : Query Acc = 89.33, Avg Acc = 84.94% +- 0.74%
CropDiseases iteration 691/800 : Query Acc = 81.33, Avg Acc = 84.94% +- 0.74%
CropDiseases iteration 692/800 : Query Acc = 73.33, Avg Acc = 84.92% +- 0.74%
CropDiseases iteration 693/800 : Query Acc = 66.67, Avg Acc = 84.89% +- 0.74%
CropDiseases iteration 694/800 : Query Acc = 77.33, Avg Acc = 84.88% +- 0.74%
CropDiseases iteration 695/800 : Query Acc = 86.67, Avg Acc = 84.89% +- 0.74%
CropDiseases iteration 696/800 : Query Acc = 82.67, Avg Acc = 84.88% +- 0.74%
CropDiseases iteration 697/800 : Query Acc = 73.33, Avg Acc = 84.87% +- 0.74%
CropDiseases iteration 698/800 : Query Acc = 77.33, Avg Acc = 84.85% +- 0.74%
CropDiseases iteration 699/800 : Query Acc = 81.33, Avg Acc = 84.85% +- 0.74%
CropDiseases iteration 700/800 : Query Acc = 94.67, Avg Acc = 84.86% +- 0.73%
CropDiseases | 700 / 800 Acc = 84.86% +- 0.73%
CropDiseases iteration 701/800 : Query Acc = 86.67, Avg Acc = 84.87% +- 0.73%
CropDiseases iteration 702/800 : Query Acc = 80.00, Avg Acc = 84.86% +- 0.73%
CropDiseases iteration 703/800 : Query Acc = 97.33, Avg Acc = 84.88% +- 0.73%
CropDiseases iteration 704/800 : Query Acc = 70.67, Avg Acc = 84.86% +- 0.73%
CropDiseases iteration 705/800 : Query Acc = 89.33, Avg Acc = 84.86% +- 0.73%
CropDiseases iteration 706/800 : Query Acc = 98.67, Avg Acc = 84.88% +- 0.73%
CropDiseases iteration 707/800 : Query Acc = 93.33, Avg Acc = 84.89% +- 0.73%
CropDiseases iteration 708/800 : Query Acc = 78.67, Avg Acc = 84.89% +- 0.73%
CropDiseases iteration 709/800 : Query Acc = 76.00, Avg Acc = 84.87% +- 0.73%
CropDiseases iteration 710/800 : Query Acc = 57.33, Avg Acc = 84.83% +- 0.73%
CropDiseases iteration 711/800 : Query Acc = 80.00, Avg Acc = 84.83% +- 0.73%
CropDiseases iteration 712/800 : Query Acc = 78.67, Avg Acc = 84.82% +- 0.73%
CropDiseases iteration 713/800 : Query Acc = 93.33, Avg Acc = 84.83% +- 0.73%
CropDiseases iteration 714/800 : Query Acc = 85.33, Avg Acc = 84.83% +- 0.73%
CropDiseases iteration 715/800 : Query Acc = 68.00, Avg Acc = 84.81% +- 0.73%
CropDiseases iteration 716/800 : Query Acc = 85.33, Avg Acc = 84.81% +- 0.73%
CropDiseases iteration 717/800 : Query Acc = 84.00, Avg Acc = 84.81% +- 0.73%
CropDiseases iteration 718/800 : Query Acc = 93.33, Avg Acc = 84.82% +- 0.73%
CropDiseases iteration 719/800 : Query Acc = 97.33, Avg Acc = 84.84% +- 0.73%
CropDiseases iteration 720/800 : Query Acc = 92.00, Avg Acc = 84.85% +- 0.73%
CropDiseases iteration 721/800 : Query Acc = 86.67, Avg Acc = 84.85% +- 0.73%
CropDiseases iteration 722/800 : Query Acc = 70.67, Avg Acc = 84.83% +- 0.73%
CropDiseases iteration 723/800 : Query Acc = 77.33, Avg Acc = 84.82% +- 0.72%
CropDiseases iteration 724/800 : Query Acc = 80.00, Avg Acc = 84.81% +- 0.72%
CropDiseases iteration 725/800 : Query Acc = 90.67, Avg Acc = 84.82% +- 0.72%
CropDiseases iteration 726/800 : Query Acc = 92.00, Avg Acc = 84.83% +- 0.72%
CropDiseases iteration 727/800 : Query Acc = 92.00, Avg Acc = 84.84% +- 0.72%
CropDiseases iteration 728/800 : Query Acc = 74.67, Avg Acc = 84.83% +- 0.72%
CropDiseases iteration 729/800 : Query Acc = 94.67, Avg Acc = 84.84% +- 0.72%
CropDiseases iteration 730/800 : Query Acc = 72.00, Avg Acc = 84.82% +- 0.72%
CropDiseases iteration 731/800 : Query Acc = 78.67, Avg Acc = 84.81% +- 0.72%
CropDiseases iteration 732/800 : Query Acc = 88.00, Avg Acc = 84.82% +- 0.72%
CropDiseases iteration 733/800 : Query Acc = 78.67, Avg Acc = 84.81% +- 0.72%
CropDiseases iteration 734/800 : Query Acc = 90.67, Avg Acc = 84.82% +- 0.72%
CropDiseases iteration 735/800 : Query Acc = 65.33, Avg Acc = 84.79% +- 0.72%
CropDiseases iteration 736/800 : Query Acc = 98.67, Avg Acc = 84.81% +- 0.72%
CropDiseases iteration 737/800 : Query Acc = 74.67, Avg Acc = 84.80% +- 0.72%
CropDiseases iteration 738/800 : Query Acc = 86.67, Avg Acc = 84.80% +- 0.72%
CropDiseases iteration 739/800 : Query Acc = 72.00, Avg Acc = 84.78% +- 0.72%
CropDiseases iteration 740/800 : Query Acc = 74.67, Avg Acc = 84.77% +- 0.72%
CropDiseases iteration 741/800 : Query Acc = 93.33, Avg Acc = 84.78% +- 0.71%
CropDiseases iteration 742/800 : Query Acc = 97.33, Avg Acc = 84.80% +- 0.71%
CropDiseases iteration 743/800 : Query Acc = 92.00, Avg Acc = 84.81% +- 0.71%
CropDiseases iteration 744/800 : Query Acc = 68.00, Avg Acc = 84.78% +- 0.71%
CropDiseases iteration 745/800 : Query Acc = 89.33, Avg Acc = 84.79% +- 0.71%
CropDiseases iteration 746/800 : Query Acc = 90.67, Avg Acc = 84.80% +- 0.71%
CropDiseases iteration 747/800 : Query Acc = 94.67, Avg Acc = 84.81% +- 0.71%
CropDiseases iteration 748/800 : Query Acc = 88.00, Avg Acc = 84.82% +- 0.71%
CropDiseases iteration 749/800 : Query Acc = 96.00, Avg Acc = 84.83% +- 0.71%
CropDiseases iteration 750/800 : Query Acc = 85.33, Avg Acc = 84.83% +- 0.71%
CropDiseases iteration 751/800 : Query Acc = 97.33, Avg Acc = 84.85% +- 0.71%
CropDiseases iteration 752/800 : Query Acc = 77.33, Avg Acc = 84.84% +- 0.71%
CropDiseases iteration 753/800 : Query Acc = 68.00, Avg Acc = 84.82% +- 0.71%
CropDiseases iteration 754/800 : Query Acc = 80.00, Avg Acc = 84.81% +- 0.71%
CropDiseases iteration 755/800 : Query Acc = 60.00, Avg Acc = 84.78% +- 0.71%
CropDiseases iteration 756/800 : Query Acc = 96.00, Avg Acc = 84.79% +- 0.71%
CropDiseases iteration 757/800 : Query Acc = 90.67, Avg Acc = 84.80% +- 0.71%
CropDiseases iteration 758/800 : Query Acc = 93.33, Avg Acc = 84.81% +- 0.71%
CropDiseases iteration 759/800 : Query Acc = 84.00, Avg Acc = 84.81% +- 0.71%
CropDiseases iteration 760/800 : Query Acc = 90.67, Avg Acc = 84.82% +- 0.71%
CropDiseases iteration 761/800 : Query Acc = 78.67, Avg Acc = 84.81% +- 0.71%
CropDiseases iteration 762/800 : Query Acc = 100.00, Avg Acc = 84.83% +- 0.71%
CropDiseases iteration 763/800 : Query Acc = 96.00, Avg Acc = 84.84% +- 0.71%
CropDiseases iteration 764/800 : Query Acc = 94.67, Avg Acc = 84.86% +- 0.71%
CropDiseases iteration 765/800 : Query Acc = 88.00, Avg Acc = 84.86% +- 0.71%
CropDiseases iteration 766/800 : Query Acc = 80.00, Avg Acc = 84.85% +- 0.70%
CropDiseases iteration 767/800 : Query Acc = 94.67, Avg Acc = 84.87% +- 0.70%
CropDiseases iteration 768/800 : Query Acc = 80.00, Avg Acc = 84.86% +- 0.70%
CropDiseases iteration 769/800 : Query Acc = 100.00, Avg Acc = 84.88% +- 0.70%
CropDiseases iteration 770/800 : Query Acc = 98.67, Avg Acc = 84.90% +- 0.70%
CropDiseases iteration 771/800 : Query Acc = 85.33, Avg Acc = 84.90% +- 0.70%
CropDiseases iteration 772/800 : Query Acc = 76.00, Avg Acc = 84.89% +- 0.70%
CropDiseases iteration 773/800 : Query Acc = 90.67, Avg Acc = 84.89% +- 0.70%
CropDiseases iteration 774/800 : Query Acc = 73.33, Avg Acc = 84.88% +- 0.70%
CropDiseases iteration 775/800 : Query Acc = 94.67, Avg Acc = 84.89% +- 0.70%
CropDiseases iteration 776/800 : Query Acc = 97.33, Avg Acc = 84.91% +- 0.70%
CropDiseases iteration 777/800 : Query Acc = 80.00, Avg Acc = 84.90% +- 0.70%
CropDiseases iteration 778/800 : Query Acc = 92.00, Avg Acc = 84.91% +- 0.70%
CropDiseases iteration 779/800 : Query Acc = 66.67, Avg Acc = 84.89% +- 0.70%
CropDiseases iteration 780/800 : Query Acc = 88.00, Avg Acc = 84.89% +- 0.70%
CropDiseases iteration 781/800 : Query Acc = 94.67, Avg Acc = 84.90% +- 0.70%
CropDiseases iteration 782/800 : Query Acc = 88.00, Avg Acc = 84.91% +- 0.70%
CropDiseases iteration 783/800 : Query Acc = 68.00, Avg Acc = 84.89% +- 0.70%
CropDiseases iteration 784/800 : Query Acc = 96.00, Avg Acc = 84.90% +- 0.70%
CropDiseases iteration 785/800 : Query Acc = 97.33, Avg Acc = 84.92% +- 0.70%
CropDiseases iteration 786/800 : Query Acc = 82.67, Avg Acc = 84.91% +- 0.70%
CropDiseases iteration 787/800 : Query Acc = 61.33, Avg Acc = 84.88% +- 0.70%
CropDiseases iteration 788/800 : Query Acc = 82.67, Avg Acc = 84.88% +- 0.70%
CropDiseases iteration 789/800 : Query Acc = 100.00, Avg Acc = 84.90% +- 0.70%
CropDiseases iteration 790/800 : Query Acc = 80.00, Avg Acc = 84.89% +- 0.70%
CropDiseases iteration 791/800 : Query Acc = 66.67, Avg Acc = 84.87% +- 0.70%
CropDiseases iteration 792/800 : Query Acc = 89.33, Avg Acc = 84.88% +- 0.70%
CropDiseases iteration 793/800 : Query Acc = 96.00, Avg Acc = 84.89% +- 0.70%
CropDiseases iteration 794/800 : Query Acc = 90.67, Avg Acc = 84.90% +- 0.69%
CropDiseases iteration 795/800 : Query Acc = 90.67, Avg Acc = 84.90% +- 0.69%
CropDiseases iteration 796/800 : Query Acc = 80.00, Avg Acc = 84.90% +- 0.69%
CropDiseases iteration 797/800 : Query Acc = 85.33, Avg Acc = 84.90% +- 0.69%
CropDiseases iteration 798/800 : Query Acc = 86.67, Avg Acc = 84.90% +- 0.69%
CropDiseases iteration 799/800 : Query Acc = 89.33, Avg Acc = 84.91% +- 0.69%
Crop 800 Test Acc = 84.91% +- 0.69%
800 個 episode  /home/ccoliu/atha_dumps/CropDiseases_dedup_1shot_seed1
baseline（inductive，模型輸出）：84.91

設定（初始化:gamma）              準確率         − baseline（配對）
model2:0.002             89.52     +4.61 ± 0.31 *

* = 配對 CI 不含 0
CROP_VARIANT_DONE dedup
CROP_VARIANTS_ALL_DONE 2026-10-05 20:47:40
