>>> [ATHA dump] EuroSAT 1-shot aug=1 seed=1 n=800  2026-10-04 17:21:28
set seed = 1
FineTune! 1 shots on EuroSAT dataset
EuroSAT iteration 0/800 : Query Acc = 72.00, Avg Acc = 72.00% +- 0.00%
EuroSAT | 0 / 800 Acc = 72.00% +- 0.00%
EuroSAT iteration 1/800 : Query Acc = 77.33, Avg Acc = 74.67% +- 3.70%
EuroSAT iteration 2/800 : Query Acc = 85.33, Avg Acc = 78.22% +- 6.20%
EuroSAT iteration 3/800 : Query Acc = 76.00, Avg Acc = 77.67% +- 4.75%
EuroSAT iteration 4/800 : Query Acc = 78.67, Avg Acc = 77.87% +- 3.81%
EuroSAT iteration 5/800 : Query Acc = 86.67, Avg Acc = 79.33% +- 4.12%
EuroSAT iteration 6/800 : Query Acc = 93.33, Avg Acc = 81.33% +- 5.06%
EuroSAT iteration 7/800 : Query Acc = 96.00, Avg Acc = 83.17% +- 5.56%
EuroSAT iteration 8/800 : Query Acc = 90.67, Avg Acc = 84.00% +- 5.18%
EuroSAT iteration 9/800 : Query Acc = 90.67, Avg Acc = 84.67% +- 4.82%
EuroSAT iteration 10/800 : Query Acc = 85.33, Avg Acc = 84.73% +- 4.39%
EuroSAT iteration 11/800 : Query Acc = 77.33, Avg Acc = 84.11% +- 4.18%
EuroSAT iteration 12/800 : Query Acc = 85.33, Avg Acc = 84.21% +- 3.87%
EuroSAT iteration 13/800 : Query Acc = 76.00, Avg Acc = 83.62% +- 3.76%
EuroSAT iteration 14/800 : Query Acc = 86.67, Avg Acc = 83.82% +- 3.53%
EuroSAT iteration 15/800 : Query Acc = 78.67, Avg Acc = 83.50% +- 3.36%
EuroSAT iteration 16/800 : Query Acc = 84.00, Avg Acc = 83.53% +- 3.16%
EuroSAT iteration 17/800 : Query Acc = 84.00, Avg Acc = 83.56% +- 2.99%
EuroSAT iteration 18/800 : Query Acc = 93.33, Avg Acc = 84.07% +- 3.00%
EuroSAT iteration 19/800 : Query Acc = 85.33, Avg Acc = 84.13% +- 2.85%
EuroSAT iteration 20/800 : Query Acc = 73.33, Avg Acc = 83.62% +- 2.89%
EuroSAT iteration 21/800 : Query Acc = 86.67, Avg Acc = 83.76% +- 2.77%
EuroSAT iteration 22/800 : Query Acc = 92.00, Avg Acc = 84.12% +- 2.74%
EuroSAT iteration 23/800 : Query Acc = 72.00, Avg Acc = 83.61% +- 2.80%
EuroSAT iteration 24/800 : Query Acc = 61.33, Avg Acc = 82.72% +- 3.18%
EuroSAT iteration 25/800 : Query Acc = 90.67, Avg Acc = 83.03% +- 3.12%
EuroSAT iteration 26/800 : Query Acc = 64.00, Avg Acc = 82.32% +- 3.29%
EuroSAT iteration 27/800 : Query Acc = 85.33, Avg Acc = 82.43% +- 3.18%
EuroSAT iteration 28/800 : Query Acc = 72.00, Avg Acc = 82.07% +- 3.15%
EuroSAT iteration 29/800 : Query Acc = 78.67, Avg Acc = 81.96% +- 3.05%
EuroSAT iteration 30/800 : Query Acc = 62.67, Avg Acc = 81.33% +- 3.19%
EuroSAT iteration 31/800 : Query Acc = 89.33, Avg Acc = 81.58% +- 3.13%
EuroSAT iteration 32/800 : Query Acc = 82.67, Avg Acc = 81.62% +- 3.03%
EuroSAT iteration 33/800 : Query Acc = 74.67, Avg Acc = 81.41% +- 2.97%
EuroSAT iteration 34/800 : Query Acc = 84.00, Avg Acc = 81.49% +- 2.89%
EuroSAT iteration 35/800 : Query Acc = 84.00, Avg Acc = 81.56% +- 2.81%
EuroSAT iteration 36/800 : Query Acc = 89.33, Avg Acc = 81.77% +- 2.76%
EuroSAT iteration 37/800 : Query Acc = 90.67, Avg Acc = 82.00% +- 2.73%
EuroSAT iteration 38/800 : Query Acc = 85.33, Avg Acc = 82.09% +- 2.66%
EuroSAT iteration 39/800 : Query Acc = 92.00, Avg Acc = 82.33% +- 2.64%
EuroSAT iteration 40/800 : Query Acc = 82.67, Avg Acc = 82.34% +- 2.58%
EuroSAT iteration 41/800 : Query Acc = 80.00, Avg Acc = 82.29% +- 2.52%
EuroSAT iteration 42/800 : Query Acc = 62.67, Avg Acc = 81.83% +- 2.61%
EuroSAT iteration 43/800 : Query Acc = 69.33, Avg Acc = 81.55% +- 2.61%
EuroSAT iteration 44/800 : Query Acc = 86.67, Avg Acc = 81.66% +- 2.56%
EuroSAT iteration 45/800 : Query Acc = 93.33, Avg Acc = 81.91% +- 2.56%
EuroSAT iteration 46/800 : Query Acc = 84.00, Avg Acc = 81.96% +- 2.50%
EuroSAT iteration 47/800 : Query Acc = 89.33, Avg Acc = 82.11% +- 2.47%
EuroSAT iteration 48/800 : Query Acc = 82.67, Avg Acc = 82.12% +- 2.42%
EuroSAT iteration 49/800 : Query Acc = 73.33, Avg Acc = 81.95% +- 2.40%
EuroSAT iteration 50/800 : Query Acc = 76.00, Avg Acc = 81.83% +- 2.36%
EuroSAT iteration 51/800 : Query Acc = 92.00, Avg Acc = 82.03% +- 2.34%
EuroSAT iteration 52/800 : Query Acc = 89.33, Avg Acc = 82.16% +- 2.32%
EuroSAT iteration 53/800 : Query Acc = 86.67, Avg Acc = 82.25% +- 2.28%
EuroSAT iteration 54/800 : Query Acc = 80.00, Avg Acc = 82.21% +- 2.24%
EuroSAT iteration 55/800 : Query Acc = 100.00, Avg Acc = 82.52% +- 2.28%
EuroSAT iteration 56/800 : Query Acc = 73.33, Avg Acc = 82.36% +- 2.27%
EuroSAT iteration 57/800 : Query Acc = 88.00, Avg Acc = 82.46% +- 2.23%
EuroSAT iteration 58/800 : Query Acc = 70.67, Avg Acc = 82.26% +- 2.23%
EuroSAT iteration 59/800 : Query Acc = 81.33, Avg Acc = 82.24% +- 2.19%
EuroSAT iteration 60/800 : Query Acc = 86.67, Avg Acc = 82.32% +- 2.16%
EuroSAT iteration 61/800 : Query Acc = 85.33, Avg Acc = 82.37% +- 2.13%
EuroSAT iteration 62/800 : Query Acc = 85.33, Avg Acc = 82.41% +- 2.10%
EuroSAT iteration 63/800 : Query Acc = 86.67, Avg Acc = 82.48% +- 2.07%
EuroSAT iteration 64/800 : Query Acc = 86.67, Avg Acc = 82.54% +- 2.04%
EuroSAT iteration 65/800 : Query Acc = 69.33, Avg Acc = 82.34% +- 2.05%
EuroSAT iteration 66/800 : Query Acc = 86.67, Avg Acc = 82.41% +- 2.02%
EuroSAT iteration 67/800 : Query Acc = 80.00, Avg Acc = 82.37% +- 1.99%
EuroSAT iteration 68/800 : Query Acc = 81.33, Avg Acc = 82.36% +- 1.96%
EuroSAT iteration 69/800 : Query Acc = 65.33, Avg Acc = 82.11% +- 1.99%
EuroSAT iteration 70/800 : Query Acc = 94.67, Avg Acc = 82.29% +- 1.99%
EuroSAT iteration 71/800 : Query Acc = 70.67, Avg Acc = 82.13% +- 1.99%
EuroSAT iteration 72/800 : Query Acc = 90.67, Avg Acc = 82.25% +- 1.98%
EuroSAT iteration 73/800 : Query Acc = 85.33, Avg Acc = 82.29% +- 1.95%
EuroSAT iteration 74/800 : Query Acc = 73.33, Avg Acc = 82.17% +- 1.94%
EuroSAT iteration 75/800 : Query Acc = 77.33, Avg Acc = 82.11% +- 1.92%
EuroSAT iteration 76/800 : Query Acc = 76.00, Avg Acc = 82.03% +- 1.90%
EuroSAT iteration 77/800 : Query Acc = 72.00, Avg Acc = 81.90% +- 1.89%
EuroSAT iteration 78/800 : Query Acc = 89.33, Avg Acc = 81.99% +- 1.88%
EuroSAT iteration 79/800 : Query Acc = 58.67, Avg Acc = 81.70% +- 1.94%
EuroSAT iteration 80/800 : Query Acc = 81.33, Avg Acc = 81.70% +- 1.92%
EuroSAT iteration 81/800 : Query Acc = 78.67, Avg Acc = 81.66% +- 1.89%
EuroSAT iteration 82/800 : Query Acc = 72.00, Avg Acc = 81.54% +- 1.88%
EuroSAT iteration 83/800 : Query Acc = 90.67, Avg Acc = 81.65% +- 1.87%
EuroSAT iteration 84/800 : Query Acc = 84.00, Avg Acc = 81.68% +- 1.85%
EuroSAT iteration 85/800 : Query Acc = 82.67, Avg Acc = 81.69% +- 1.83%
EuroSAT iteration 86/800 : Query Acc = 94.67, Avg Acc = 81.84% +- 1.83%
EuroSAT iteration 87/800 : Query Acc = 85.33, Avg Acc = 81.88% +- 1.81%
EuroSAT iteration 88/800 : Query Acc = 80.00, Avg Acc = 81.86% +- 1.79%
EuroSAT iteration 89/800 : Query Acc = 89.33, Avg Acc = 81.94% +- 1.78%
EuroSAT iteration 90/800 : Query Acc = 88.00, Avg Acc = 82.01% +- 1.77%
EuroSAT iteration 91/800 : Query Acc = 90.67, Avg Acc = 82.10% +- 1.76%
EuroSAT iteration 92/800 : Query Acc = 88.00, Avg Acc = 82.16% +- 1.74%
EuroSAT iteration 93/800 : Query Acc = 89.33, Avg Acc = 82.24% +- 1.73%
EuroSAT iteration 94/800 : Query Acc = 81.33, Avg Acc = 82.23% +- 1.71%
EuroSAT iteration 95/800 : Query Acc = 88.00, Avg Acc = 82.29% +- 1.70%
EuroSAT iteration 96/800 : Query Acc = 73.33, Avg Acc = 82.20% +- 1.69%
EuroSAT iteration 97/800 : Query Acc = 93.33, Avg Acc = 82.31% +- 1.69%
EuroSAT iteration 98/800 : Query Acc = 81.33, Avg Acc = 82.30% +- 1.67%
EuroSAT iteration 99/800 : Query Acc = 82.67, Avg Acc = 82.31% +- 1.65%
EuroSAT iteration 100/800 : Query Acc = 77.33, Avg Acc = 82.26% +- 1.64%
EuroSAT | 100 / 800 Acc = 82.26% +- 1.64%
EuroSAT iteration 101/800 : Query Acc = 90.67, Avg Acc = 82.34% +- 1.63%
EuroSAT iteration 102/800 : Query Acc = 96.00, Avg Acc = 82.47% +- 1.64%
EuroSAT iteration 103/800 : Query Acc = 92.00, Avg Acc = 82.56% +- 1.63%
EuroSAT iteration 104/800 : Query Acc = 85.33, Avg Acc = 82.59% +- 1.62%
EuroSAT iteration 105/800 : Query Acc = 89.33, Avg Acc = 82.65% +- 1.61%
EuroSAT iteration 106/800 : Query Acc = 90.67, Avg Acc = 82.73% +- 1.60%
EuroSAT iteration 107/800 : Query Acc = 90.67, Avg Acc = 82.80% +- 1.59%
EuroSAT iteration 108/800 : Query Acc = 84.00, Avg Acc = 82.81% +- 1.58%
EuroSAT iteration 109/800 : Query Acc = 80.00, Avg Acc = 82.79% +- 1.56%
EuroSAT iteration 110/800 : Query Acc = 73.33, Avg Acc = 82.70% +- 1.56%
EuroSAT iteration 111/800 : Query Acc = 85.33, Avg Acc = 82.73% +- 1.54%
EuroSAT iteration 112/800 : Query Acc = 85.33, Avg Acc = 82.75% +- 1.53%
EuroSAT iteration 113/800 : Query Acc = 82.67, Avg Acc = 82.75% +- 1.52%
EuroSAT iteration 114/800 : Query Acc = 81.33, Avg Acc = 82.74% +- 1.50%
EuroSAT iteration 115/800 : Query Acc = 70.67, Avg Acc = 82.63% +- 1.50%
EuroSAT iteration 116/800 : Query Acc = 84.00, Avg Acc = 82.64% +- 1.49%
EuroSAT iteration 117/800 : Query Acc = 62.67, Avg Acc = 82.47% +- 1.52%
EuroSAT iteration 118/800 : Query Acc = 88.00, Avg Acc = 82.52% +- 1.51%
EuroSAT iteration 119/800 : Query Acc = 82.67, Avg Acc = 82.52% +- 1.49%
EuroSAT iteration 120/800 : Query Acc = 89.33, Avg Acc = 82.58% +- 1.48%
EuroSAT iteration 121/800 : Query Acc = 96.00, Avg Acc = 82.69% +- 1.49%
EuroSAT iteration 122/800 : Query Acc = 89.33, Avg Acc = 82.74% +- 1.48%
EuroSAT iteration 123/800 : Query Acc = 84.00, Avg Acc = 82.75% +- 1.47%
EuroSAT iteration 124/800 : Query Acc = 85.33, Avg Acc = 82.77% +- 1.46%
EuroSAT iteration 125/800 : Query Acc = 74.67, Avg Acc = 82.71% +- 1.45%
EuroSAT iteration 126/800 : Query Acc = 81.33, Avg Acc = 82.70% +- 1.44%
EuroSAT iteration 127/800 : Query Acc = 82.67, Avg Acc = 82.70% +- 1.43%
EuroSAT iteration 128/800 : Query Acc = 81.33, Avg Acc = 82.69% +- 1.42%
EuroSAT iteration 129/800 : Query Acc = 92.00, Avg Acc = 82.76% +- 1.41%
EuroSAT iteration 130/800 : Query Acc = 89.33, Avg Acc = 82.81% +- 1.41%
EuroSAT iteration 131/800 : Query Acc = 74.67, Avg Acc = 82.75% +- 1.40%
EuroSAT iteration 132/800 : Query Acc = 77.33, Avg Acc = 82.71% +- 1.39%
EuroSAT iteration 133/800 : Query Acc = 81.33, Avg Acc = 82.70% +- 1.38%
EuroSAT iteration 134/800 : Query Acc = 69.33, Avg Acc = 82.60% +- 1.39%
EuroSAT iteration 135/800 : Query Acc = 84.00, Avg Acc = 82.61% +- 1.38%
EuroSAT iteration 136/800 : Query Acc = 90.67, Avg Acc = 82.67% +- 1.37%
EuroSAT iteration 137/800 : Query Acc = 94.67, Avg Acc = 82.75% +- 1.37%
EuroSAT iteration 138/800 : Query Acc = 76.00, Avg Acc = 82.71% +- 1.36%
EuroSAT iteration 139/800 : Query Acc = 81.33, Avg Acc = 82.70% +- 1.35%
EuroSAT iteration 140/800 : Query Acc = 89.33, Avg Acc = 82.74% +- 1.35%
EuroSAT iteration 141/800 : Query Acc = 88.00, Avg Acc = 82.78% +- 1.34%
EuroSAT iteration 142/800 : Query Acc = 72.00, Avg Acc = 82.70% +- 1.34%
EuroSAT iteration 143/800 : Query Acc = 77.33, Avg Acc = 82.67% +- 1.33%
EuroSAT iteration 144/800 : Query Acc = 90.67, Avg Acc = 82.72% +- 1.33%
EuroSAT iteration 145/800 : Query Acc = 78.67, Avg Acc = 82.69% +- 1.32%
EuroSAT iteration 146/800 : Query Acc = 84.00, Avg Acc = 82.70% +- 1.31%
EuroSAT iteration 147/800 : Query Acc = 72.00, Avg Acc = 82.63% +- 1.31%
EuroSAT iteration 148/800 : Query Acc = 78.67, Avg Acc = 82.60% +- 1.30%
EuroSAT iteration 149/800 : Query Acc = 74.67, Avg Acc = 82.55% +- 1.30%
EuroSAT iteration 150/800 : Query Acc = 85.33, Avg Acc = 82.57% +- 1.29%
EuroSAT iteration 151/800 : Query Acc = 85.33, Avg Acc = 82.59% +- 1.28%
EuroSAT iteration 152/800 : Query Acc = 76.00, Avg Acc = 82.54% +- 1.28%
EuroSAT iteration 153/800 : Query Acc = 94.67, Avg Acc = 82.62% +- 1.28%
EuroSAT iteration 154/800 : Query Acc = 89.33, Avg Acc = 82.67% +- 1.27%
EuroSAT iteration 155/800 : Query Acc = 62.67, Avg Acc = 82.54% +- 1.29%
EuroSAT iteration 156/800 : Query Acc = 80.00, Avg Acc = 82.52% +- 1.28%
EuroSAT iteration 157/800 : Query Acc = 88.00, Avg Acc = 82.56% +- 1.27%
EuroSAT iteration 158/800 : Query Acc = 89.33, Avg Acc = 82.60% +- 1.27%
EuroSAT iteration 159/800 : Query Acc = 89.33, Avg Acc = 82.64% +- 1.26%
EuroSAT iteration 160/800 : Query Acc = 74.67, Avg Acc = 82.59% +- 1.26%
EuroSAT iteration 161/800 : Query Acc = 82.67, Avg Acc = 82.59% +- 1.25%
EuroSAT iteration 162/800 : Query Acc = 73.33, Avg Acc = 82.54% +- 1.25%
EuroSAT iteration 163/800 : Query Acc = 86.67, Avg Acc = 82.56% +- 1.24%
EuroSAT iteration 164/800 : Query Acc = 77.33, Avg Acc = 82.53% +- 1.24%
EuroSAT iteration 165/800 : Query Acc = 77.33, Avg Acc = 82.50% +- 1.23%
EuroSAT iteration 166/800 : Query Acc = 77.33, Avg Acc = 82.47% +- 1.22%
EuroSAT iteration 167/800 : Query Acc = 86.67, Avg Acc = 82.49% +- 1.22%
EuroSAT iteration 168/800 : Query Acc = 80.00, Avg Acc = 82.48% +- 1.21%
EuroSAT iteration 169/800 : Query Acc = 84.00, Avg Acc = 82.49% +- 1.20%
EuroSAT iteration 170/800 : Query Acc = 70.67, Avg Acc = 82.42% +- 1.20%
EuroSAT iteration 171/800 : Query Acc = 80.00, Avg Acc = 82.40% +- 1.20%
EuroSAT iteration 172/800 : Query Acc = 70.67, Avg Acc = 82.34% +- 1.20%
EuroSAT iteration 173/800 : Query Acc = 77.33, Avg Acc = 82.31% +- 1.19%
EuroSAT iteration 174/800 : Query Acc = 84.00, Avg Acc = 82.32% +- 1.19%
EuroSAT iteration 175/800 : Query Acc = 80.00, Avg Acc = 82.30% +- 1.18%
EuroSAT iteration 176/800 : Query Acc = 74.67, Avg Acc = 82.26% +- 1.18%
EuroSAT iteration 177/800 : Query Acc = 88.00, Avg Acc = 82.29% +- 1.17%
EuroSAT iteration 178/800 : Query Acc = 85.33, Avg Acc = 82.31% +- 1.16%
EuroSAT iteration 179/800 : Query Acc = 80.00, Avg Acc = 82.30% +- 1.16%
EuroSAT iteration 180/800 : Query Acc = 68.00, Avg Acc = 82.22% +- 1.16%
EuroSAT iteration 181/800 : Query Acc = 90.67, Avg Acc = 82.26% +- 1.16%
EuroSAT iteration 182/800 : Query Acc = 97.33, Avg Acc = 82.35% +- 1.16%
EuroSAT iteration 183/800 : Query Acc = 88.00, Avg Acc = 82.38% +- 1.16%
EuroSAT iteration 184/800 : Query Acc = 84.00, Avg Acc = 82.39% +- 1.15%
EuroSAT iteration 185/800 : Query Acc = 86.67, Avg Acc = 82.41% +- 1.15%
EuroSAT iteration 186/800 : Query Acc = 72.00, Avg Acc = 82.35% +- 1.15%
EuroSAT iteration 187/800 : Query Acc = 73.33, Avg Acc = 82.30% +- 1.14%
EuroSAT iteration 188/800 : Query Acc = 94.67, Avg Acc = 82.37% +- 1.15%
EuroSAT iteration 189/800 : Query Acc = 86.67, Avg Acc = 82.39% +- 1.14%
EuroSAT iteration 190/800 : Query Acc = 66.67, Avg Acc = 82.31% +- 1.15%
EuroSAT iteration 191/800 : Query Acc = 77.33, Avg Acc = 82.28% +- 1.14%
EuroSAT iteration 192/800 : Query Acc = 85.33, Avg Acc = 82.30% +- 1.14%
EuroSAT iteration 193/800 : Query Acc = 85.33, Avg Acc = 82.32% +- 1.13%
EuroSAT iteration 194/800 : Query Acc = 81.33, Avg Acc = 82.31% +- 1.12%
EuroSAT iteration 195/800 : Query Acc = 82.67, Avg Acc = 82.31% +- 1.12%
EuroSAT iteration 196/800 : Query Acc = 78.67, Avg Acc = 82.29% +- 1.11%
EuroSAT iteration 197/800 : Query Acc = 77.33, Avg Acc = 82.27% +- 1.11%
EuroSAT iteration 198/800 : Query Acc = 78.67, Avg Acc = 82.25% +- 1.10%
EuroSAT iteration 199/800 : Query Acc = 94.67, Avg Acc = 82.31% +- 1.11%
EuroSAT iteration 200/800 : Query Acc = 92.00, Avg Acc = 82.36% +- 1.10%
EuroSAT | 200 / 800 Acc = 82.36% +- 1.10%
EuroSAT iteration 201/800 : Query Acc = 82.67, Avg Acc = 82.36% +- 1.10%
EuroSAT iteration 202/800 : Query Acc = 96.00, Avg Acc = 82.43% +- 1.10%
EuroSAT iteration 203/800 : Query Acc = 94.67, Avg Acc = 82.49% +- 1.10%
EuroSAT iteration 204/800 : Query Acc = 85.33, Avg Acc = 82.50% +- 1.10%
EuroSAT iteration 205/800 : Query Acc = 89.33, Avg Acc = 82.54% +- 1.09%
EuroSAT iteration 206/800 : Query Acc = 94.67, Avg Acc = 82.60% +- 1.09%
EuroSAT iteration 207/800 : Query Acc = 94.67, Avg Acc = 82.65% +- 1.09%
EuroSAT iteration 208/800 : Query Acc = 89.33, Avg Acc = 82.69% +- 1.09%
EuroSAT iteration 209/800 : Query Acc = 80.00, Avg Acc = 82.67% +- 1.09%
EuroSAT iteration 210/800 : Query Acc = 96.00, Avg Acc = 82.74% +- 1.09%
EuroSAT iteration 211/800 : Query Acc = 82.67, Avg Acc = 82.74% +- 1.08%
EuroSAT iteration 212/800 : Query Acc = 80.00, Avg Acc = 82.72% +- 1.08%
EuroSAT iteration 213/800 : Query Acc = 64.00, Avg Acc = 82.64% +- 1.09%
EuroSAT iteration 214/800 : Query Acc = 77.33, Avg Acc = 82.61% +- 1.08%
EuroSAT iteration 215/800 : Query Acc = 74.67, Avg Acc = 82.57% +- 1.08%
EuroSAT iteration 216/800 : Query Acc = 96.00, Avg Acc = 82.64% +- 1.08%
EuroSAT iteration 217/800 : Query Acc = 86.67, Avg Acc = 82.65% +- 1.08%
EuroSAT iteration 218/800 : Query Acc = 78.67, Avg Acc = 82.64% +- 1.07%
EuroSAT iteration 219/800 : Query Acc = 81.33, Avg Acc = 82.63% +- 1.07%
EuroSAT iteration 220/800 : Query Acc = 92.00, Avg Acc = 82.67% +- 1.07%
EuroSAT iteration 221/800 : Query Acc = 82.67, Avg Acc = 82.67% +- 1.06%
EuroSAT iteration 222/800 : Query Acc = 78.67, Avg Acc = 82.65% +- 1.06%
EuroSAT iteration 223/800 : Query Acc = 73.33, Avg Acc = 82.61% +- 1.06%
EuroSAT iteration 224/800 : Query Acc = 85.33, Avg Acc = 82.63% +- 1.05%
EuroSAT iteration 225/800 : Query Acc = 69.33, Avg Acc = 82.57% +- 1.05%
EuroSAT iteration 226/800 : Query Acc = 58.67, Avg Acc = 82.46% +- 1.07%
EuroSAT iteration 227/800 : Query Acc = 82.67, Avg Acc = 82.46% +- 1.06%
EuroSAT iteration 228/800 : Query Acc = 88.00, Avg Acc = 82.49% +- 1.06%
EuroSAT iteration 229/800 : Query Acc = 81.33, Avg Acc = 82.48% +- 1.06%
EuroSAT iteration 230/800 : Query Acc = 89.33, Avg Acc = 82.51% +- 1.05%
EuroSAT iteration 231/800 : Query Acc = 80.00, Avg Acc = 82.50% +- 1.05%
EuroSAT iteration 232/800 : Query Acc = 85.33, Avg Acc = 82.51% +- 1.04%
EuroSAT iteration 233/800 : Query Acc = 88.00, Avg Acc = 82.54% +- 1.04%
EuroSAT iteration 234/800 : Query Acc = 76.00, Avg Acc = 82.51% +- 1.04%
EuroSAT iteration 235/800 : Query Acc = 94.67, Avg Acc = 82.56% +- 1.04%
EuroSAT iteration 236/800 : Query Acc = 89.33, Avg Acc = 82.59% +- 1.04%
EuroSAT iteration 237/800 : Query Acc = 81.33, Avg Acc = 82.58% +- 1.03%
EuroSAT iteration 238/800 : Query Acc = 76.00, Avg Acc = 82.56% +- 1.03%
EuroSAT iteration 239/800 : Query Acc = 93.33, Avg Acc = 82.60% +- 1.03%
EuroSAT iteration 240/800 : Query Acc = 77.33, Avg Acc = 82.58% +- 1.02%
EuroSAT iteration 241/800 : Query Acc = 80.00, Avg Acc = 82.57% +- 1.02%
EuroSAT iteration 242/800 : Query Acc = 80.00, Avg Acc = 82.56% +- 1.02%
EuroSAT iteration 243/800 : Query Acc = 80.00, Avg Acc = 82.55% +- 1.01%
EuroSAT iteration 244/800 : Query Acc = 60.00, Avg Acc = 82.45% +- 1.02%
EuroSAT iteration 245/800 : Query Acc = 93.33, Avg Acc = 82.50% +- 1.02%
EuroSAT iteration 246/800 : Query Acc = 81.33, Avg Acc = 82.49% +- 1.02%
EuroSAT iteration 247/800 : Query Acc = 78.67, Avg Acc = 82.48% +- 1.02%
EuroSAT iteration 248/800 : Query Acc = 72.00, Avg Acc = 82.44% +- 1.02%
EuroSAT iteration 249/800 : Query Acc = 78.67, Avg Acc = 82.42% +- 1.01%
EuroSAT iteration 250/800 : Query Acc = 81.33, Avg Acc = 82.42% +- 1.01%
EuroSAT iteration 251/800 : Query Acc = 72.00, Avg Acc = 82.38% +- 1.01%
EuroSAT iteration 252/800 : Query Acc = 86.67, Avg Acc = 82.39% +- 1.00%
EuroSAT iteration 253/800 : Query Acc = 90.67, Avg Acc = 82.43% +- 1.00%
EuroSAT iteration 254/800 : Query Acc = 92.00, Avg Acc = 82.46% +- 1.00%
EuroSAT iteration 255/800 : Query Acc = 88.00, Avg Acc = 82.48% +- 1.00%
EuroSAT iteration 256/800 : Query Acc = 76.00, Avg Acc = 82.46% +- 0.99%
EuroSAT iteration 257/800 : Query Acc = 93.33, Avg Acc = 82.50% +- 0.99%
EuroSAT iteration 258/800 : Query Acc = 90.67, Avg Acc = 82.53% +- 0.99%
EuroSAT iteration 259/800 : Query Acc = 92.00, Avg Acc = 82.57% +- 0.99%
EuroSAT iteration 260/800 : Query Acc = 80.00, Avg Acc = 82.56% +- 0.99%
EuroSAT iteration 261/800 : Query Acc = 73.33, Avg Acc = 82.52% +- 0.99%
EuroSAT iteration 262/800 : Query Acc = 82.67, Avg Acc = 82.52% +- 0.98%
EuroSAT iteration 263/800 : Query Acc = 73.33, Avg Acc = 82.49% +- 0.98%
EuroSAT iteration 264/800 : Query Acc = 70.67, Avg Acc = 82.45% +- 0.98%
EuroSAT iteration 265/800 : Query Acc = 82.67, Avg Acc = 82.45% +- 0.98%
EuroSAT iteration 266/800 : Query Acc = 73.33, Avg Acc = 82.41% +- 0.98%
EuroSAT iteration 267/800 : Query Acc = 88.00, Avg Acc = 82.43% +- 0.97%
EuroSAT iteration 268/800 : Query Acc = 70.67, Avg Acc = 82.39% +- 0.97%
EuroSAT iteration 269/800 : Query Acc = 97.33, Avg Acc = 82.44% +- 0.98%
EuroSAT iteration 270/800 : Query Acc = 73.33, Avg Acc = 82.41% +- 0.97%
EuroSAT iteration 271/800 : Query Acc = 82.67, Avg Acc = 82.41% +- 0.97%
EuroSAT iteration 272/800 : Query Acc = 85.33, Avg Acc = 82.42% +- 0.97%
EuroSAT iteration 273/800 : Query Acc = 85.33, Avg Acc = 82.43% +- 0.96%
EuroSAT iteration 274/800 : Query Acc = 86.67, Avg Acc = 82.45% +- 0.96%
EuroSAT iteration 275/800 : Query Acc = 85.33, Avg Acc = 82.46% +- 0.96%
EuroSAT iteration 276/800 : Query Acc = 82.67, Avg Acc = 82.46% +- 0.95%
EuroSAT iteration 277/800 : Query Acc = 80.00, Avg Acc = 82.45% +- 0.95%
EuroSAT iteration 278/800 : Query Acc = 92.00, Avg Acc = 82.49% +- 0.95%
EuroSAT iteration 279/800 : Query Acc = 78.67, Avg Acc = 82.47% +- 0.95%
EuroSAT iteration 280/800 : Query Acc = 89.33, Avg Acc = 82.50% +- 0.95%
EuroSAT iteration 281/800 : Query Acc = 85.33, Avg Acc = 82.51% +- 0.94%
EuroSAT iteration 282/800 : Query Acc = 66.67, Avg Acc = 82.45% +- 0.95%
EuroSAT iteration 283/800 : Query Acc = 84.00, Avg Acc = 82.46% +- 0.94%
EuroSAT iteration 284/800 : Query Acc = 82.67, Avg Acc = 82.46% +- 0.94%
EuroSAT iteration 285/800 : Query Acc = 70.67, Avg Acc = 82.41% +- 0.94%
EuroSAT iteration 286/800 : Query Acc = 97.33, Avg Acc = 82.47% +- 0.94%
EuroSAT iteration 287/800 : Query Acc = 90.67, Avg Acc = 82.50% +- 0.94%
EuroSAT iteration 288/800 : Query Acc = 92.00, Avg Acc = 82.53% +- 0.94%
EuroSAT iteration 289/800 : Query Acc = 82.67, Avg Acc = 82.53% +- 0.94%
EuroSAT iteration 290/800 : Query Acc = 84.00, Avg Acc = 82.53% +- 0.93%
EuroSAT iteration 291/800 : Query Acc = 90.67, Avg Acc = 82.56% +- 0.93%
EuroSAT iteration 292/800 : Query Acc = 93.33, Avg Acc = 82.60% +- 0.93%
EuroSAT iteration 293/800 : Query Acc = 94.67, Avg Acc = 82.64% +- 0.93%
EuroSAT iteration 294/800 : Query Acc = 89.33, Avg Acc = 82.66% +- 0.93%
EuroSAT iteration 295/800 : Query Acc = 80.00, Avg Acc = 82.65% +- 0.93%
EuroSAT iteration 296/800 : Query Acc = 86.67, Avg Acc = 82.67% +- 0.92%
EuroSAT iteration 297/800 : Query Acc = 85.33, Avg Acc = 82.68% +- 0.92%
EuroSAT iteration 298/800 : Query Acc = 85.33, Avg Acc = 82.68% +- 0.92%
EuroSAT iteration 299/800 : Query Acc = 78.67, Avg Acc = 82.67% +- 0.91%
EuroSAT iteration 300/800 : Query Acc = 65.33, Avg Acc = 82.61% +- 0.92%
EuroSAT | 300 / 800 Acc = 82.61% +- 0.92%
EuroSAT iteration 301/800 : Query Acc = 82.67, Avg Acc = 82.61% +- 0.91%
EuroSAT iteration 302/800 : Query Acc = 89.33, Avg Acc = 82.64% +- 0.91%
EuroSAT iteration 303/800 : Query Acc = 74.67, Avg Acc = 82.61% +- 0.91%
EuroSAT iteration 304/800 : Query Acc = 78.67, Avg Acc = 82.60% +- 0.91%
EuroSAT iteration 305/800 : Query Acc = 97.33, Avg Acc = 82.64% +- 0.91%
EuroSAT iteration 306/800 : Query Acc = 74.67, Avg Acc = 82.62% +- 0.91%
EuroSAT iteration 307/800 : Query Acc = 68.00, Avg Acc = 82.57% +- 0.91%
EuroSAT iteration 308/800 : Query Acc = 89.33, Avg Acc = 82.59% +- 0.91%
EuroSAT iteration 309/800 : Query Acc = 89.33, Avg Acc = 82.62% +- 0.91%
EuroSAT iteration 310/800 : Query Acc = 81.33, Avg Acc = 82.61% +- 0.90%
EuroSAT iteration 311/800 : Query Acc = 86.67, Avg Acc = 82.62% +- 0.90%
EuroSAT iteration 312/800 : Query Acc = 88.00, Avg Acc = 82.64% +- 0.90%
EuroSAT iteration 313/800 : Query Acc = 84.00, Avg Acc = 82.65% +- 0.90%
EuroSAT iteration 314/800 : Query Acc = 77.33, Avg Acc = 82.63% +- 0.89%
EuroSAT iteration 315/800 : Query Acc = 90.67, Avg Acc = 82.65% +- 0.89%
EuroSAT iteration 316/800 : Query Acc = 85.33, Avg Acc = 82.66% +- 0.89%
EuroSAT iteration 317/800 : Query Acc = 80.00, Avg Acc = 82.65% +- 0.89%
EuroSAT iteration 318/800 : Query Acc = 90.67, Avg Acc = 82.68% +- 0.89%
EuroSAT iteration 319/800 : Query Acc = 82.67, Avg Acc = 82.68% +- 0.88%
EuroSAT iteration 320/800 : Query Acc = 76.00, Avg Acc = 82.66% +- 0.88%
EuroSAT iteration 321/800 : Query Acc = 84.00, Avg Acc = 82.66% +- 0.88%
EuroSAT iteration 322/800 : Query Acc = 81.33, Avg Acc = 82.66% +- 0.88%
EuroSAT iteration 323/800 : Query Acc = 93.33, Avg Acc = 82.69% +- 0.88%
EuroSAT iteration 324/800 : Query Acc = 82.67, Avg Acc = 82.69% +- 0.87%
EuroSAT iteration 325/800 : Query Acc = 90.67, Avg Acc = 82.72% +- 0.87%
EuroSAT iteration 326/800 : Query Acc = 81.33, Avg Acc = 82.71% +- 0.87%
EuroSAT iteration 327/800 : Query Acc = 73.33, Avg Acc = 82.68% +- 0.87%
EuroSAT iteration 328/800 : Query Acc = 82.67, Avg Acc = 82.68% +- 0.87%
EuroSAT iteration 329/800 : Query Acc = 85.33, Avg Acc = 82.69% +- 0.86%
EuroSAT iteration 330/800 : Query Acc = 62.67, Avg Acc = 82.63% +- 0.87%
EuroSAT iteration 331/800 : Query Acc = 68.00, Avg Acc = 82.59% +- 0.87%
EuroSAT iteration 332/800 : Query Acc = 96.00, Avg Acc = 82.63% +- 0.87%
EuroSAT iteration 333/800 : Query Acc = 88.00, Avg Acc = 82.64% +- 0.87%
EuroSAT iteration 334/800 : Query Acc = 92.00, Avg Acc = 82.67% +- 0.87%
EuroSAT iteration 335/800 : Query Acc = 92.00, Avg Acc = 82.70% +- 0.87%
EuroSAT iteration 336/800 : Query Acc = 77.33, Avg Acc = 82.68% +- 0.87%
EuroSAT iteration 337/800 : Query Acc = 86.67, Avg Acc = 82.69% +- 0.86%
EuroSAT iteration 338/800 : Query Acc = 86.67, Avg Acc = 82.71% +- 0.86%
EuroSAT iteration 339/800 : Query Acc = 81.33, Avg Acc = 82.70% +- 0.86%
EuroSAT iteration 340/800 : Query Acc = 89.33, Avg Acc = 82.72% +- 0.86%
EuroSAT iteration 341/800 : Query Acc = 81.33, Avg Acc = 82.72% +- 0.85%
EuroSAT iteration 342/800 : Query Acc = 92.00, Avg Acc = 82.74% +- 0.85%
EuroSAT iteration 343/800 : Query Acc = 82.67, Avg Acc = 82.74% +- 0.85%
EuroSAT iteration 344/800 : Query Acc = 92.00, Avg Acc = 82.77% +- 0.85%
EuroSAT iteration 345/800 : Query Acc = 77.33, Avg Acc = 82.76% +- 0.85%
EuroSAT iteration 346/800 : Query Acc = 88.00, Avg Acc = 82.77% +- 0.85%
EuroSAT iteration 347/800 : Query Acc = 90.67, Avg Acc = 82.79% +- 0.85%
EuroSAT iteration 348/800 : Query Acc = 89.33, Avg Acc = 82.81% +- 0.84%
EuroSAT iteration 349/800 : Query Acc = 97.33, Avg Acc = 82.85% +- 0.84%
EuroSAT iteration 350/800 : Query Acc = 93.33, Avg Acc = 82.88% +- 0.84%
EuroSAT iteration 351/800 : Query Acc = 86.67, Avg Acc = 82.89% +- 0.84%
EuroSAT iteration 352/800 : Query Acc = 82.67, Avg Acc = 82.89% +- 0.84%
EuroSAT iteration 353/800 : Query Acc = 65.33, Avg Acc = 82.84% +- 0.84%
EuroSAT iteration 354/800 : Query Acc = 77.33, Avg Acc = 82.83% +- 0.84%
EuroSAT iteration 355/800 : Query Acc = 89.33, Avg Acc = 82.85% +- 0.84%
EuroSAT iteration 356/800 : Query Acc = 88.00, Avg Acc = 82.86% +- 0.84%
EuroSAT iteration 357/800 : Query Acc = 96.00, Avg Acc = 82.90% +- 0.84%
EuroSAT iteration 358/800 : Query Acc = 85.33, Avg Acc = 82.90% +- 0.84%
EuroSAT iteration 359/800 : Query Acc = 93.33, Avg Acc = 82.93% +- 0.84%
EuroSAT iteration 360/800 : Query Acc = 81.33, Avg Acc = 82.93% +- 0.83%
EuroSAT iteration 361/800 : Query Acc = 88.00, Avg Acc = 82.94% +- 0.83%
EuroSAT iteration 362/800 : Query Acc = 89.33, Avg Acc = 82.96% +- 0.83%
EuroSAT iteration 363/800 : Query Acc = 84.00, Avg Acc = 82.96% +- 0.83%
EuroSAT iteration 364/800 : Query Acc = 78.67, Avg Acc = 82.95% +- 0.83%
EuroSAT iteration 365/800 : Query Acc = 70.67, Avg Acc = 82.92% +- 0.83%
EuroSAT iteration 366/800 : Query Acc = 81.33, Avg Acc = 82.91% +- 0.82%
EuroSAT iteration 367/800 : Query Acc = 86.67, Avg Acc = 82.92% +- 0.82%
EuroSAT iteration 368/800 : Query Acc = 94.67, Avg Acc = 82.96% +- 0.82%
EuroSAT iteration 369/800 : Query Acc = 80.00, Avg Acc = 82.95% +- 0.82%
EuroSAT iteration 370/800 : Query Acc = 84.00, Avg Acc = 82.95% +- 0.82%
EuroSAT iteration 371/800 : Query Acc = 81.33, Avg Acc = 82.95% +- 0.82%
EuroSAT iteration 372/800 : Query Acc = 93.33, Avg Acc = 82.97% +- 0.82%
EuroSAT iteration 373/800 : Query Acc = 89.33, Avg Acc = 82.99% +- 0.81%
EuroSAT iteration 374/800 : Query Acc = 73.33, Avg Acc = 82.97% +- 0.81%
EuroSAT iteration 375/800 : Query Acc = 82.67, Avg Acc = 82.96% +- 0.81%
EuroSAT iteration 376/800 : Query Acc = 64.00, Avg Acc = 82.91% +- 0.82%
EuroSAT iteration 377/800 : Query Acc = 68.00, Avg Acc = 82.87% +- 0.82%
EuroSAT iteration 378/800 : Query Acc = 72.00, Avg Acc = 82.85% +- 0.82%
EuroSAT iteration 379/800 : Query Acc = 85.33, Avg Acc = 82.85% +- 0.81%
EuroSAT iteration 380/800 : Query Acc = 48.00, Avg Acc = 82.76% +- 0.83%
EuroSAT iteration 381/800 : Query Acc = 81.33, Avg Acc = 82.76% +- 0.83%
EuroSAT iteration 382/800 : Query Acc = 92.00, Avg Acc = 82.78% +- 0.83%
EuroSAT iteration 383/800 : Query Acc = 76.00, Avg Acc = 82.76% +- 0.83%
EuroSAT iteration 384/800 : Query Acc = 82.67, Avg Acc = 82.76% +- 0.83%
EuroSAT iteration 385/800 : Query Acc = 81.33, Avg Acc = 82.76% +- 0.82%
EuroSAT iteration 386/800 : Query Acc = 84.00, Avg Acc = 82.76% +- 0.82%
EuroSAT iteration 387/800 : Query Acc = 78.67, Avg Acc = 82.75% +- 0.82%
EuroSAT iteration 388/800 : Query Acc = 92.00, Avg Acc = 82.78% +- 0.82%
EuroSAT iteration 389/800 : Query Acc = 92.00, Avg Acc = 82.80% +- 0.82%
EuroSAT iteration 390/800 : Query Acc = 82.67, Avg Acc = 82.80% +- 0.82%
EuroSAT iteration 391/800 : Query Acc = 85.33, Avg Acc = 82.81% +- 0.81%
EuroSAT iteration 392/800 : Query Acc = 72.00, Avg Acc = 82.78% +- 0.81%
EuroSAT iteration 393/800 : Query Acc = 76.00, Avg Acc = 82.76% +- 0.81%
EuroSAT iteration 394/800 : Query Acc = 90.67, Avg Acc = 82.78% +- 0.81%
EuroSAT iteration 395/800 : Query Acc = 86.67, Avg Acc = 82.79% +- 0.81%
EuroSAT iteration 396/800 : Query Acc = 78.67, Avg Acc = 82.78% +- 0.81%
EuroSAT iteration 397/800 : Query Acc = 84.00, Avg Acc = 82.78% +- 0.81%
EuroSAT iteration 398/800 : Query Acc = 76.00, Avg Acc = 82.77% +- 0.80%
EuroSAT iteration 399/800 : Query Acc = 72.00, Avg Acc = 82.74% +- 0.80%
EuroSAT iteration 400/800 : Query Acc = 86.67, Avg Acc = 82.75% +- 0.80%
EuroSAT | 400 / 800 Acc = 82.75% +- 0.80%
EuroSAT iteration 401/800 : Query Acc = 82.67, Avg Acc = 82.75% +- 0.80%
EuroSAT iteration 402/800 : Query Acc = 70.67, Avg Acc = 82.72% +- 0.80%
EuroSAT iteration 403/800 : Query Acc = 80.00, Avg Acc = 82.71% +- 0.80%
EuroSAT iteration 404/800 : Query Acc = 61.33, Avg Acc = 82.66% +- 0.80%
EuroSAT iteration 405/800 : Query Acc = 90.67, Avg Acc = 82.68% +- 0.80%
EuroSAT iteration 406/800 : Query Acc = 80.00, Avg Acc = 82.67% +- 0.80%
EuroSAT iteration 407/800 : Query Acc = 70.67, Avg Acc = 82.64% +- 0.80%
EuroSAT iteration 408/800 : Query Acc = 92.00, Avg Acc = 82.67% +- 0.80%
EuroSAT iteration 409/800 : Query Acc = 68.00, Avg Acc = 82.63% +- 0.80%
EuroSAT iteration 410/800 : Query Acc = 88.00, Avg Acc = 82.64% +- 0.80%
EuroSAT iteration 411/800 : Query Acc = 85.33, Avg Acc = 82.65% +- 0.80%
EuroSAT iteration 412/800 : Query Acc = 88.00, Avg Acc = 82.66% +- 0.80%
EuroSAT iteration 413/800 : Query Acc = 93.33, Avg Acc = 82.69% +- 0.80%
EuroSAT iteration 414/800 : Query Acc = 81.33, Avg Acc = 82.69% +- 0.79%
EuroSAT iteration 415/800 : Query Acc = 73.33, Avg Acc = 82.66% +- 0.79%
EuroSAT iteration 416/800 : Query Acc = 89.33, Avg Acc = 82.68% +- 0.79%
EuroSAT iteration 417/800 : Query Acc = 92.00, Avg Acc = 82.70% +- 0.79%
EuroSAT iteration 418/800 : Query Acc = 76.00, Avg Acc = 82.69% +- 0.79%
EuroSAT iteration 419/800 : Query Acc = 81.33, Avg Acc = 82.68% +- 0.79%
EuroSAT iteration 420/800 : Query Acc = 72.00, Avg Acc = 82.66% +- 0.79%
EuroSAT iteration 421/800 : Query Acc = 84.00, Avg Acc = 82.66% +- 0.79%
EuroSAT iteration 422/800 : Query Acc = 78.67, Avg Acc = 82.65% +- 0.78%
EuroSAT iteration 423/800 : Query Acc = 72.00, Avg Acc = 82.63% +- 0.78%
EuroSAT iteration 424/800 : Query Acc = 82.67, Avg Acc = 82.63% +- 0.78%
EuroSAT iteration 425/800 : Query Acc = 77.33, Avg Acc = 82.61% +- 0.78%
EuroSAT iteration 426/800 : Query Acc = 90.67, Avg Acc = 82.63% +- 0.78%
EuroSAT iteration 427/800 : Query Acc = 76.00, Avg Acc = 82.62% +- 0.78%
EuroSAT iteration 428/800 : Query Acc = 76.00, Avg Acc = 82.60% +- 0.78%
EuroSAT iteration 429/800 : Query Acc = 84.00, Avg Acc = 82.60% +- 0.77%
EuroSAT iteration 430/800 : Query Acc = 96.00, Avg Acc = 82.64% +- 0.78%
EuroSAT iteration 431/800 : Query Acc = 89.33, Avg Acc = 82.65% +- 0.77%
EuroSAT iteration 432/800 : Query Acc = 81.33, Avg Acc = 82.65% +- 0.77%
EuroSAT iteration 433/800 : Query Acc = 78.67, Avg Acc = 82.64% +- 0.77%
EuroSAT iteration 434/800 : Query Acc = 88.00, Avg Acc = 82.65% +- 0.77%
EuroSAT iteration 435/800 : Query Acc = 96.00, Avg Acc = 82.68% +- 0.77%
EuroSAT iteration 436/800 : Query Acc = 84.00, Avg Acc = 82.68% +- 0.77%
EuroSAT iteration 437/800 : Query Acc = 84.00, Avg Acc = 82.69% +- 0.77%
EuroSAT iteration 438/800 : Query Acc = 80.00, Avg Acc = 82.68% +- 0.77%
EuroSAT iteration 439/800 : Query Acc = 65.33, Avg Acc = 82.64% +- 0.77%
EuroSAT iteration 440/800 : Query Acc = 92.00, Avg Acc = 82.66% +- 0.77%
EuroSAT iteration 441/800 : Query Acc = 76.00, Avg Acc = 82.65% +- 0.77%
EuroSAT iteration 442/800 : Query Acc = 84.00, Avg Acc = 82.65% +- 0.76%
EuroSAT iteration 443/800 : Query Acc = 69.33, Avg Acc = 82.62% +- 0.76%
EuroSAT iteration 444/800 : Query Acc = 96.00, Avg Acc = 82.65% +- 0.76%
EuroSAT iteration 445/800 : Query Acc = 86.67, Avg Acc = 82.66% +- 0.76%
EuroSAT iteration 446/800 : Query Acc = 77.33, Avg Acc = 82.65% +- 0.76%
EuroSAT iteration 447/800 : Query Acc = 77.33, Avg Acc = 82.64% +- 0.76%
EuroSAT iteration 448/800 : Query Acc = 94.67, Avg Acc = 82.66% +- 0.76%
EuroSAT iteration 449/800 : Query Acc = 90.67, Avg Acc = 82.68% +- 0.76%
EuroSAT iteration 450/800 : Query Acc = 90.67, Avg Acc = 82.70% +- 0.76%
EuroSAT iteration 451/800 : Query Acc = 82.67, Avg Acc = 82.70% +- 0.76%
EuroSAT iteration 452/800 : Query Acc = 88.00, Avg Acc = 82.71% +- 0.76%
EuroSAT iteration 453/800 : Query Acc = 74.67, Avg Acc = 82.69% +- 0.76%
EuroSAT iteration 454/800 : Query Acc = 77.33, Avg Acc = 82.68% +- 0.75%
EuroSAT iteration 455/800 : Query Acc = 81.33, Avg Acc = 82.68% +- 0.75%
EuroSAT iteration 456/800 : Query Acc = 80.00, Avg Acc = 82.67% +- 0.75%
EuroSAT iteration 457/800 : Query Acc = 93.33, Avg Acc = 82.70% +- 0.75%
EuroSAT iteration 458/800 : Query Acc = 82.67, Avg Acc = 82.70% +- 0.75%
EuroSAT iteration 459/800 : Query Acc = 72.00, Avg Acc = 82.67% +- 0.75%
EuroSAT iteration 460/800 : Query Acc = 65.33, Avg Acc = 82.63% +- 0.75%
EuroSAT iteration 461/800 : Query Acc = 77.33, Avg Acc = 82.62% +- 0.75%
EuroSAT iteration 462/800 : Query Acc = 77.33, Avg Acc = 82.61% +- 0.75%
EuroSAT iteration 463/800 : Query Acc = 88.00, Avg Acc = 82.62% +- 0.75%
EuroSAT iteration 464/800 : Query Acc = 81.33, Avg Acc = 82.62% +- 0.75%
EuroSAT iteration 465/800 : Query Acc = 85.33, Avg Acc = 82.63% +- 0.74%
EuroSAT iteration 466/800 : Query Acc = 77.33, Avg Acc = 82.62% +- 0.74%
EuroSAT iteration 467/800 : Query Acc = 93.33, Avg Acc = 82.64% +- 0.74%
EuroSAT iteration 468/800 : Query Acc = 81.33, Avg Acc = 82.64% +- 0.74%
EuroSAT iteration 469/800 : Query Acc = 93.33, Avg Acc = 82.66% +- 0.74%
EuroSAT iteration 470/800 : Query Acc = 86.67, Avg Acc = 82.67% +- 0.74%
EuroSAT iteration 471/800 : Query Acc = 88.00, Avg Acc = 82.68% +- 0.74%
EuroSAT iteration 472/800 : Query Acc = 78.67, Avg Acc = 82.67% +- 0.74%
EuroSAT iteration 473/800 : Query Acc = 81.33, Avg Acc = 82.67% +- 0.73%
EuroSAT iteration 474/800 : Query Acc = 92.00, Avg Acc = 82.69% +- 0.73%
EuroSAT iteration 475/800 : Query Acc = 76.00, Avg Acc = 82.67% +- 0.73%
EuroSAT iteration 476/800 : Query Acc = 97.33, Avg Acc = 82.70% +- 0.73%
EuroSAT iteration 477/800 : Query Acc = 78.67, Avg Acc = 82.69% +- 0.73%
EuroSAT iteration 478/800 : Query Acc = 80.00, Avg Acc = 82.69% +- 0.73%
EuroSAT iteration 479/800 : Query Acc = 78.67, Avg Acc = 82.68% +- 0.73%
EuroSAT iteration 480/800 : Query Acc = 81.33, Avg Acc = 82.68% +- 0.73%
EuroSAT iteration 481/800 : Query Acc = 88.00, Avg Acc = 82.69% +- 0.73%
EuroSAT iteration 482/800 : Query Acc = 88.00, Avg Acc = 82.70% +- 0.73%
EuroSAT iteration 483/800 : Query Acc = 62.67, Avg Acc = 82.66% +- 0.73%
EuroSAT iteration 484/800 : Query Acc = 84.00, Avg Acc = 82.66% +- 0.73%
EuroSAT iteration 485/800 : Query Acc = 86.67, Avg Acc = 82.67% +- 0.73%
EuroSAT iteration 486/800 : Query Acc = 84.00, Avg Acc = 82.67% +- 0.72%
EuroSAT iteration 487/800 : Query Acc = 70.67, Avg Acc = 82.65% +- 0.72%
EuroSAT iteration 488/800 : Query Acc = 92.00, Avg Acc = 82.67% +- 0.72%
EuroSAT iteration 489/800 : Query Acc = 80.00, Avg Acc = 82.66% +- 0.72%
EuroSAT iteration 490/800 : Query Acc = 92.00, Avg Acc = 82.68% +- 0.72%
EuroSAT iteration 491/800 : Query Acc = 90.67, Avg Acc = 82.70% +- 0.72%
EuroSAT iteration 492/800 : Query Acc = 82.67, Avg Acc = 82.70% +- 0.72%
EuroSAT iteration 493/800 : Query Acc = 82.67, Avg Acc = 82.70% +- 0.72%
EuroSAT iteration 494/800 : Query Acc = 94.67, Avg Acc = 82.72% +- 0.72%
EuroSAT iteration 495/800 : Query Acc = 84.00, Avg Acc = 82.72% +- 0.72%
EuroSAT iteration 496/800 : Query Acc = 70.67, Avg Acc = 82.70% +- 0.72%
EuroSAT iteration 497/800 : Query Acc = 64.00, Avg Acc = 82.66% +- 0.72%
EuroSAT iteration 498/800 : Query Acc = 94.67, Avg Acc = 82.69% +- 0.72%
EuroSAT iteration 499/800 : Query Acc = 82.67, Avg Acc = 82.69% +- 0.72%
EuroSAT iteration 500/800 : Query Acc = 85.33, Avg Acc = 82.69% +- 0.72%
EuroSAT | 500 / 800 Acc = 82.69% +- 0.72%
EuroSAT iteration 501/800 : Query Acc = 85.33, Avg Acc = 82.70% +- 0.72%
EuroSAT iteration 502/800 : Query Acc = 89.33, Avg Acc = 82.71% +- 0.71%
EuroSAT iteration 503/800 : Query Acc = 88.00, Avg Acc = 82.72% +- 0.71%
EuroSAT iteration 504/800 : Query Acc = 86.67, Avg Acc = 82.73% +- 0.71%
EuroSAT iteration 505/800 : Query Acc = 62.67, Avg Acc = 82.69% +- 0.72%
EuroSAT iteration 506/800 : Query Acc = 94.67, Avg Acc = 82.71% +- 0.72%
EuroSAT iteration 507/800 : Query Acc = 84.00, Avg Acc = 82.71% +- 0.71%
EuroSAT iteration 508/800 : Query Acc = 74.67, Avg Acc = 82.70% +- 0.71%
EuroSAT iteration 509/800 : Query Acc = 94.67, Avg Acc = 82.72% +- 0.71%
EuroSAT iteration 510/800 : Query Acc = 88.00, Avg Acc = 82.73% +- 0.71%
EuroSAT iteration 511/800 : Query Acc = 82.67, Avg Acc = 82.73% +- 0.71%
EuroSAT iteration 512/800 : Query Acc = 81.33, Avg Acc = 82.73% +- 0.71%
EuroSAT iteration 513/800 : Query Acc = 89.33, Avg Acc = 82.74% +- 0.71%
EuroSAT iteration 514/800 : Query Acc = 68.00, Avg Acc = 82.71% +- 0.71%
EuroSAT iteration 515/800 : Query Acc = 77.33, Avg Acc = 82.70% +- 0.71%
EuroSAT iteration 516/800 : Query Acc = 84.00, Avg Acc = 82.71% +- 0.71%
EuroSAT iteration 517/800 : Query Acc = 96.00, Avg Acc = 82.73% +- 0.71%
EuroSAT iteration 518/800 : Query Acc = 77.33, Avg Acc = 82.72% +- 0.71%
EuroSAT iteration 519/800 : Query Acc = 80.00, Avg Acc = 82.72% +- 0.71%
EuroSAT iteration 520/800 : Query Acc = 86.67, Avg Acc = 82.72% +- 0.70%
EuroSAT iteration 521/800 : Query Acc = 92.00, Avg Acc = 82.74% +- 0.70%
EuroSAT iteration 522/800 : Query Acc = 73.33, Avg Acc = 82.72% +- 0.70%
EuroSAT iteration 523/800 : Query Acc = 70.67, Avg Acc = 82.70% +- 0.70%
EuroSAT iteration 524/800 : Query Acc = 72.00, Avg Acc = 82.68% +- 0.70%
EuroSAT iteration 525/800 : Query Acc = 84.00, Avg Acc = 82.68% +- 0.70%
EuroSAT iteration 526/800 : Query Acc = 85.33, Avg Acc = 82.69% +- 0.70%
EuroSAT iteration 527/800 : Query Acc = 82.67, Avg Acc = 82.69% +- 0.70%
EuroSAT iteration 528/800 : Query Acc = 81.33, Avg Acc = 82.68% +- 0.70%
EuroSAT iteration 529/800 : Query Acc = 80.00, Avg Acc = 82.68% +- 0.70%
EuroSAT iteration 530/800 : Query Acc = 76.00, Avg Acc = 82.67% +- 0.70%
EuroSAT iteration 531/800 : Query Acc = 81.33, Avg Acc = 82.66% +- 0.69%
EuroSAT iteration 532/800 : Query Acc = 78.67, Avg Acc = 82.66% +- 0.69%
EuroSAT iteration 533/800 : Query Acc = 85.33, Avg Acc = 82.66% +- 0.69%
EuroSAT iteration 534/800 : Query Acc = 92.00, Avg Acc = 82.68% +- 0.69%
EuroSAT iteration 535/800 : Query Acc = 84.00, Avg Acc = 82.68% +- 0.69%
EuroSAT iteration 536/800 : Query Acc = 84.00, Avg Acc = 82.68% +- 0.69%
EuroSAT iteration 537/800 : Query Acc = 72.00, Avg Acc = 82.66% +- 0.69%
EuroSAT iteration 538/800 : Query Acc = 89.33, Avg Acc = 82.68% +- 0.69%
EuroSAT iteration 539/800 : Query Acc = 76.00, Avg Acc = 82.66% +- 0.69%
EuroSAT iteration 540/800 : Query Acc = 88.00, Avg Acc = 82.67% +- 0.69%
EuroSAT iteration 541/800 : Query Acc = 80.00, Avg Acc = 82.67% +- 0.68%
EuroSAT iteration 542/800 : Query Acc = 96.00, Avg Acc = 82.69% +- 0.69%
EuroSAT iteration 543/800 : Query Acc = 88.00, Avg Acc = 82.70% +- 0.68%
EuroSAT iteration 544/800 : Query Acc = 90.67, Avg Acc = 82.72% +- 0.68%
EuroSAT iteration 545/800 : Query Acc = 85.33, Avg Acc = 82.72% +- 0.68%
EuroSAT iteration 546/800 : Query Acc = 92.00, Avg Acc = 82.74% +- 0.68%
EuroSAT iteration 547/800 : Query Acc = 52.00, Avg Acc = 82.68% +- 0.69%
EuroSAT iteration 548/800 : Query Acc = 73.33, Avg Acc = 82.67% +- 0.69%
EuroSAT iteration 549/800 : Query Acc = 89.33, Avg Acc = 82.68% +- 0.69%
EuroSAT iteration 550/800 : Query Acc = 74.67, Avg Acc = 82.66% +- 0.69%
EuroSAT iteration 551/800 : Query Acc = 78.67, Avg Acc = 82.66% +- 0.69%
EuroSAT iteration 552/800 : Query Acc = 76.00, Avg Acc = 82.64% +- 0.69%
EuroSAT iteration 553/800 : Query Acc = 88.00, Avg Acc = 82.65% +- 0.68%
EuroSAT iteration 554/800 : Query Acc = 86.67, Avg Acc = 82.66% +- 0.68%
EuroSAT iteration 555/800 : Query Acc = 81.33, Avg Acc = 82.66% +- 0.68%
EuroSAT iteration 556/800 : Query Acc = 76.00, Avg Acc = 82.65% +- 0.68%
EuroSAT iteration 557/800 : Query Acc = 78.67, Avg Acc = 82.64% +- 0.68%
EuroSAT iteration 558/800 : Query Acc = 96.00, Avg Acc = 82.66% +- 0.68%
EuroSAT iteration 559/800 : Query Acc = 74.67, Avg Acc = 82.65% +- 0.68%
EuroSAT iteration 560/800 : Query Acc = 82.67, Avg Acc = 82.65% +- 0.68%
EuroSAT iteration 561/800 : Query Acc = 88.00, Avg Acc = 82.66% +- 0.68%
EuroSAT iteration 562/800 : Query Acc = 89.33, Avg Acc = 82.67% +- 0.68%
EuroSAT iteration 563/800 : Query Acc = 84.00, Avg Acc = 82.67% +- 0.68%
EuroSAT iteration 564/800 : Query Acc = 85.33, Avg Acc = 82.68% +- 0.67%
EuroSAT iteration 565/800 : Query Acc = 84.00, Avg Acc = 82.68% +- 0.67%
EuroSAT iteration 566/800 : Query Acc = 89.33, Avg Acc = 82.69% +- 0.67%
EuroSAT iteration 567/800 : Query Acc = 93.33, Avg Acc = 82.71% +- 0.67%
EuroSAT iteration 568/800 : Query Acc = 86.67, Avg Acc = 82.72% +- 0.67%
EuroSAT iteration 569/800 : Query Acc = 76.00, Avg Acc = 82.71% +- 0.67%
EuroSAT iteration 570/800 : Query Acc = 80.00, Avg Acc = 82.70% +- 0.67%
EuroSAT iteration 571/800 : Query Acc = 74.67, Avg Acc = 82.69% +- 0.67%
EuroSAT iteration 572/800 : Query Acc = 77.33, Avg Acc = 82.68% +- 0.67%
EuroSAT iteration 573/800 : Query Acc = 84.00, Avg Acc = 82.68% +- 0.67%
EuroSAT iteration 574/800 : Query Acc = 84.00, Avg Acc = 82.68% +- 0.67%
EuroSAT iteration 575/800 : Query Acc = 93.33, Avg Acc = 82.70% +- 0.67%
EuroSAT iteration 576/800 : Query Acc = 94.67, Avg Acc = 82.72% +- 0.67%
EuroSAT iteration 577/800 : Query Acc = 85.33, Avg Acc = 82.73% +- 0.66%
EuroSAT iteration 578/800 : Query Acc = 94.67, Avg Acc = 82.75% +- 0.66%
EuroSAT iteration 579/800 : Query Acc = 97.33, Avg Acc = 82.77% +- 0.67%
EuroSAT iteration 580/800 : Query Acc = 86.67, Avg Acc = 82.78% +- 0.66%
EuroSAT iteration 581/800 : Query Acc = 77.33, Avg Acc = 82.77% +- 0.66%
EuroSAT iteration 582/800 : Query Acc = 73.33, Avg Acc = 82.75% +- 0.66%
EuroSAT iteration 583/800 : Query Acc = 89.33, Avg Acc = 82.76% +- 0.66%
EuroSAT iteration 584/800 : Query Acc = 86.67, Avg Acc = 82.77% +- 0.66%
EuroSAT iteration 585/800 : Query Acc = 89.33, Avg Acc = 82.78% +- 0.66%
EuroSAT iteration 586/800 : Query Acc = 77.33, Avg Acc = 82.77% +- 0.66%
EuroSAT iteration 587/800 : Query Acc = 84.00, Avg Acc = 82.78% +- 0.66%
EuroSAT iteration 588/800 : Query Acc = 90.67, Avg Acc = 82.79% +- 0.66%
EuroSAT iteration 589/800 : Query Acc = 74.67, Avg Acc = 82.78% +- 0.66%
EuroSAT iteration 590/800 : Query Acc = 89.33, Avg Acc = 82.79% +- 0.66%
EuroSAT iteration 591/800 : Query Acc = 76.00, Avg Acc = 82.77% +- 0.66%
EuroSAT iteration 592/800 : Query Acc = 81.33, Avg Acc = 82.77% +- 0.66%
EuroSAT iteration 593/800 : Query Acc = 82.67, Avg Acc = 82.77% +- 0.65%
EuroSAT iteration 594/800 : Query Acc = 94.67, Avg Acc = 82.79% +- 0.65%
EuroSAT iteration 595/800 : Query Acc = 81.33, Avg Acc = 82.79% +- 0.65%
EuroSAT iteration 596/800 : Query Acc = 92.00, Avg Acc = 82.81% +- 0.65%
EuroSAT iteration 597/800 : Query Acc = 93.33, Avg Acc = 82.82% +- 0.65%
EuroSAT iteration 598/800 : Query Acc = 94.67, Avg Acc = 82.84% +- 0.65%
EuroSAT iteration 599/800 : Query Acc = 80.00, Avg Acc = 82.84% +- 0.65%
EuroSAT iteration 600/800 : Query Acc = 93.33, Avg Acc = 82.86% +- 0.65%
EuroSAT | 600 / 800 Acc = 82.86% +- 0.65%
EuroSAT iteration 601/800 : Query Acc = 70.67, Avg Acc = 82.83% +- 0.65%
EuroSAT iteration 602/800 : Query Acc = 66.67, Avg Acc = 82.81% +- 0.65%
EuroSAT iteration 603/800 : Query Acc = 92.00, Avg Acc = 82.82% +- 0.65%
EuroSAT iteration 604/800 : Query Acc = 88.00, Avg Acc = 82.83% +- 0.65%
EuroSAT iteration 605/800 : Query Acc = 82.67, Avg Acc = 82.83% +- 0.65%
EuroSAT iteration 606/800 : Query Acc = 77.33, Avg Acc = 82.82% +- 0.65%
EuroSAT iteration 607/800 : Query Acc = 96.00, Avg Acc = 82.84% +- 0.65%
EuroSAT iteration 608/800 : Query Acc = 77.33, Avg Acc = 82.84% +- 0.65%
EuroSAT iteration 609/800 : Query Acc = 93.33, Avg Acc = 82.85% +- 0.65%
EuroSAT iteration 610/800 : Query Acc = 96.00, Avg Acc = 82.87% +- 0.65%
EuroSAT iteration 611/800 : Query Acc = 86.67, Avg Acc = 82.88% +- 0.65%
EuroSAT iteration 612/800 : Query Acc = 73.33, Avg Acc = 82.86% +- 0.65%
EuroSAT iteration 613/800 : Query Acc = 88.00, Avg Acc = 82.87% +- 0.65%
EuroSAT iteration 614/800 : Query Acc = 73.33, Avg Acc = 82.86% +- 0.65%
EuroSAT iteration 615/800 : Query Acc = 85.33, Avg Acc = 82.86% +- 0.65%
EuroSAT iteration 616/800 : Query Acc = 74.67, Avg Acc = 82.85% +- 0.64%
EuroSAT iteration 617/800 : Query Acc = 90.67, Avg Acc = 82.86% +- 0.64%
EuroSAT iteration 618/800 : Query Acc = 74.67, Avg Acc = 82.85% +- 0.64%
EuroSAT iteration 619/800 : Query Acc = 90.67, Avg Acc = 82.86% +- 0.64%
EuroSAT iteration 620/800 : Query Acc = 86.67, Avg Acc = 82.87% +- 0.64%
EuroSAT iteration 621/800 : Query Acc = 84.00, Avg Acc = 82.87% +- 0.64%
EuroSAT iteration 622/800 : Query Acc = 92.00, Avg Acc = 82.88% +- 0.64%
EuroSAT iteration 623/800 : Query Acc = 81.33, Avg Acc = 82.88% +- 0.64%
EuroSAT iteration 624/800 : Query Acc = 90.67, Avg Acc = 82.89% +- 0.64%
EuroSAT iteration 625/800 : Query Acc = 86.67, Avg Acc = 82.90% +- 0.64%
EuroSAT iteration 626/800 : Query Acc = 85.33, Avg Acc = 82.90% +- 0.64%
EuroSAT iteration 627/800 : Query Acc = 81.33, Avg Acc = 82.90% +- 0.64%
EuroSAT iteration 628/800 : Query Acc = 77.33, Avg Acc = 82.89% +- 0.64%
EuroSAT iteration 629/800 : Query Acc = 94.67, Avg Acc = 82.91% +- 0.64%
EuroSAT iteration 630/800 : Query Acc = 73.33, Avg Acc = 82.89% +- 0.64%
EuroSAT iteration 631/800 : Query Acc = 93.33, Avg Acc = 82.91% +- 0.64%
EuroSAT iteration 632/800 : Query Acc = 58.67, Avg Acc = 82.87% +- 0.64%
EuroSAT iteration 633/800 : Query Acc = 86.67, Avg Acc = 82.88% +- 0.64%
EuroSAT iteration 634/800 : Query Acc = 80.00, Avg Acc = 82.87% +- 0.64%
EuroSAT iteration 635/800 : Query Acc = 78.67, Avg Acc = 82.87% +- 0.64%
EuroSAT iteration 636/800 : Query Acc = 82.67, Avg Acc = 82.87% +- 0.63%
EuroSAT iteration 637/800 : Query Acc = 78.67, Avg Acc = 82.86% +- 0.63%
EuroSAT iteration 638/800 : Query Acc = 90.67, Avg Acc = 82.87% +- 0.63%
EuroSAT iteration 639/800 : Query Acc = 70.67, Avg Acc = 82.85% +- 0.63%
EuroSAT iteration 640/800 : Query Acc = 86.67, Avg Acc = 82.86% +- 0.63%
EuroSAT iteration 641/800 : Query Acc = 81.33, Avg Acc = 82.86% +- 0.63%
EuroSAT iteration 642/800 : Query Acc = 88.00, Avg Acc = 82.87% +- 0.63%
EuroSAT iteration 643/800 : Query Acc = 89.33, Avg Acc = 82.88% +- 0.63%
EuroSAT iteration 644/800 : Query Acc = 78.67, Avg Acc = 82.87% +- 0.63%
EuroSAT iteration 645/800 : Query Acc = 78.67, Avg Acc = 82.86% +- 0.63%
EuroSAT iteration 646/800 : Query Acc = 92.00, Avg Acc = 82.88% +- 0.63%
EuroSAT iteration 647/800 : Query Acc = 77.33, Avg Acc = 82.87% +- 0.63%
EuroSAT iteration 648/800 : Query Acc = 90.67, Avg Acc = 82.88% +- 0.63%
EuroSAT iteration 649/800 : Query Acc = 97.33, Avg Acc = 82.90% +- 0.63%
EuroSAT iteration 650/800 : Query Acc = 77.33, Avg Acc = 82.89% +- 0.63%
EuroSAT iteration 651/800 : Query Acc = 92.00, Avg Acc = 82.91% +- 0.63%
EuroSAT iteration 652/800 : Query Acc = 72.00, Avg Acc = 82.89% +- 0.63%
EuroSAT iteration 653/800 : Query Acc = 88.00, Avg Acc = 82.90% +- 0.63%
EuroSAT iteration 654/800 : Query Acc = 81.33, Avg Acc = 82.90% +- 0.62%
EuroSAT iteration 655/800 : Query Acc = 90.67, Avg Acc = 82.91% +- 0.62%
EuroSAT iteration 656/800 : Query Acc = 86.67, Avg Acc = 82.91% +- 0.62%
EuroSAT iteration 657/800 : Query Acc = 74.67, Avg Acc = 82.90% +- 0.62%
EuroSAT iteration 658/800 : Query Acc = 86.67, Avg Acc = 82.91% +- 0.62%
EuroSAT iteration 659/800 : Query Acc = 90.67, Avg Acc = 82.92% +- 0.62%
EuroSAT iteration 660/800 : Query Acc = 81.33, Avg Acc = 82.92% +- 0.62%
EuroSAT iteration 661/800 : Query Acc = 97.33, Avg Acc = 82.94% +- 0.62%
EuroSAT iteration 662/800 : Query Acc = 77.33, Avg Acc = 82.93% +- 0.62%
EuroSAT iteration 663/800 : Query Acc = 81.33, Avg Acc = 82.93% +- 0.62%
EuroSAT iteration 664/800 : Query Acc = 89.33, Avg Acc = 82.94% +- 0.62%
EuroSAT iteration 665/800 : Query Acc = 86.67, Avg Acc = 82.94% +- 0.62%
EuroSAT iteration 666/800 : Query Acc = 74.67, Avg Acc = 82.93% +- 0.62%
EuroSAT iteration 667/800 : Query Acc = 74.67, Avg Acc = 82.92% +- 0.62%
EuroSAT iteration 668/800 : Query Acc = 88.00, Avg Acc = 82.93% +- 0.62%
EuroSAT iteration 669/800 : Query Acc = 81.33, Avg Acc = 82.92% +- 0.62%
EuroSAT iteration 670/800 : Query Acc = 92.00, Avg Acc = 82.94% +- 0.62%
EuroSAT iteration 671/800 : Query Acc = 88.00, Avg Acc = 82.94% +- 0.61%
EuroSAT iteration 672/800 : Query Acc = 85.33, Avg Acc = 82.95% +- 0.61%
EuroSAT iteration 673/800 : Query Acc = 74.67, Avg Acc = 82.94% +- 0.61%
EuroSAT iteration 674/800 : Query Acc = 84.00, Avg Acc = 82.94% +- 0.61%
EuroSAT iteration 675/800 : Query Acc = 81.33, Avg Acc = 82.93% +- 0.61%
EuroSAT iteration 676/800 : Query Acc = 69.33, Avg Acc = 82.91% +- 0.61%
EuroSAT iteration 677/800 : Query Acc = 68.00, Avg Acc = 82.89% +- 0.61%
EuroSAT iteration 678/800 : Query Acc = 90.67, Avg Acc = 82.90% +- 0.61%
EuroSAT iteration 679/800 : Query Acc = 88.00, Avg Acc = 82.91% +- 0.61%
EuroSAT iteration 680/800 : Query Acc = 85.33, Avg Acc = 82.92% +- 0.61%
EuroSAT iteration 681/800 : Query Acc = 81.33, Avg Acc = 82.91% +- 0.61%
EuroSAT iteration 682/800 : Query Acc = 77.33, Avg Acc = 82.90% +- 0.61%
EuroSAT iteration 683/800 : Query Acc = 86.67, Avg Acc = 82.91% +- 0.61%
EuroSAT iteration 684/800 : Query Acc = 72.00, Avg Acc = 82.89% +- 0.61%
EuroSAT iteration 685/800 : Query Acc = 80.00, Avg Acc = 82.89% +- 0.61%
EuroSAT iteration 686/800 : Query Acc = 90.67, Avg Acc = 82.90% +- 0.61%
EuroSAT iteration 687/800 : Query Acc = 92.00, Avg Acc = 82.91% +- 0.61%
EuroSAT iteration 688/800 : Query Acc = 93.33, Avg Acc = 82.93% +- 0.61%
EuroSAT iteration 689/800 : Query Acc = 77.33, Avg Acc = 82.92% +- 0.61%
EuroSAT iteration 690/800 : Query Acc = 96.00, Avg Acc = 82.94% +- 0.61%
EuroSAT iteration 691/800 : Query Acc = 73.33, Avg Acc = 82.93% +- 0.61%
EuroSAT iteration 692/800 : Query Acc = 70.67, Avg Acc = 82.91% +- 0.61%
EuroSAT iteration 693/800 : Query Acc = 64.00, Avg Acc = 82.88% +- 0.61%
EuroSAT iteration 694/800 : Query Acc = 85.33, Avg Acc = 82.89% +- 0.61%
EuroSAT iteration 695/800 : Query Acc = 90.67, Avg Acc = 82.90% +- 0.61%
EuroSAT iteration 696/800 : Query Acc = 82.67, Avg Acc = 82.90% +- 0.60%
EuroSAT iteration 697/800 : Query Acc = 80.00, Avg Acc = 82.89% +- 0.60%
EuroSAT iteration 698/800 : Query Acc = 90.67, Avg Acc = 82.90% +- 0.60%
EuroSAT iteration 699/800 : Query Acc = 88.00, Avg Acc = 82.91% +- 0.60%
EuroSAT iteration 700/800 : Query Acc = 92.00, Avg Acc = 82.92% +- 0.60%
EuroSAT | 700 / 800 Acc = 82.92% +- 0.60%
EuroSAT iteration 701/800 : Query Acc = 93.33, Avg Acc = 82.94% +- 0.60%
EuroSAT iteration 702/800 : Query Acc = 89.33, Avg Acc = 82.95% +- 0.60%
EuroSAT iteration 703/800 : Query Acc = 50.67, Avg Acc = 82.90% +- 0.61%
EuroSAT iteration 704/800 : Query Acc = 81.33, Avg Acc = 82.90% +- 0.61%
EuroSAT iteration 705/800 : Query Acc = 88.00, Avg Acc = 82.91% +- 0.61%
EuroSAT iteration 706/800 : Query Acc = 84.00, Avg Acc = 82.91% +- 0.60%
EuroSAT iteration 707/800 : Query Acc = 86.67, Avg Acc = 82.91% +- 0.60%
EuroSAT iteration 708/800 : Query Acc = 89.33, Avg Acc = 82.92% +- 0.60%
EuroSAT iteration 709/800 : Query Acc = 97.33, Avg Acc = 82.94% +- 0.60%
EuroSAT iteration 710/800 : Query Acc = 82.67, Avg Acc = 82.94% +- 0.60%
EuroSAT iteration 711/800 : Query Acc = 81.33, Avg Acc = 82.94% +- 0.60%
EuroSAT iteration 712/800 : Query Acc = 81.33, Avg Acc = 82.94% +- 0.60%
EuroSAT iteration 713/800 : Query Acc = 69.33, Avg Acc = 82.92% +- 0.60%
EuroSAT iteration 714/800 : Query Acc = 84.00, Avg Acc = 82.92% +- 0.60%
EuroSAT iteration 715/800 : Query Acc = 77.33, Avg Acc = 82.91% +- 0.60%
EuroSAT iteration 716/800 : Query Acc = 88.00, Avg Acc = 82.92% +- 0.60%
EuroSAT iteration 717/800 : Query Acc = 86.67, Avg Acc = 82.92% +- 0.60%
EuroSAT iteration 718/800 : Query Acc = 76.00, Avg Acc = 82.92% +- 0.60%
EuroSAT iteration 719/800 : Query Acc = 84.00, Avg Acc = 82.92% +- 0.60%
EuroSAT iteration 720/800 : Query Acc = 92.00, Avg Acc = 82.93% +- 0.60%
EuroSAT iteration 721/800 : Query Acc = 89.33, Avg Acc = 82.94% +- 0.60%
EuroSAT iteration 722/800 : Query Acc = 89.33, Avg Acc = 82.95% +- 0.60%
EuroSAT iteration 723/800 : Query Acc = 97.33, Avg Acc = 82.97% +- 0.60%
EuroSAT iteration 724/800 : Query Acc = 94.67, Avg Acc = 82.98% +- 0.60%
EuroSAT iteration 725/800 : Query Acc = 85.33, Avg Acc = 82.99% +- 0.60%
EuroSAT iteration 726/800 : Query Acc = 78.67, Avg Acc = 82.98% +- 0.60%
EuroSAT iteration 727/800 : Query Acc = 92.00, Avg Acc = 82.99% +- 0.59%
EuroSAT iteration 728/800 : Query Acc = 74.67, Avg Acc = 82.98% +- 0.59%
EuroSAT iteration 729/800 : Query Acc = 92.00, Avg Acc = 82.99% +- 0.59%
EuroSAT iteration 730/800 : Query Acc = 76.00, Avg Acc = 82.98% +- 0.59%
EuroSAT iteration 731/800 : Query Acc = 86.67, Avg Acc = 82.99% +- 0.59%
EuroSAT iteration 732/800 : Query Acc = 96.00, Avg Acc = 83.01% +- 0.59%
EuroSAT iteration 733/800 : Query Acc = 85.33, Avg Acc = 83.01% +- 0.59%
EuroSAT iteration 734/800 : Query Acc = 82.67, Avg Acc = 83.01% +- 0.59%
EuroSAT iteration 735/800 : Query Acc = 78.67, Avg Acc = 83.00% +- 0.59%
EuroSAT iteration 736/800 : Query Acc = 74.67, Avg Acc = 82.99% +- 0.59%
EuroSAT iteration 737/800 : Query Acc = 81.33, Avg Acc = 82.99% +- 0.59%
EuroSAT iteration 738/800 : Query Acc = 66.67, Avg Acc = 82.97% +- 0.59%
EuroSAT iteration 739/800 : Query Acc = 84.00, Avg Acc = 82.97% +- 0.59%
EuroSAT iteration 740/800 : Query Acc = 85.33, Avg Acc = 82.97% +- 0.59%
EuroSAT iteration 741/800 : Query Acc = 92.00, Avg Acc = 82.98% +- 0.59%
EuroSAT iteration 742/800 : Query Acc = 89.33, Avg Acc = 82.99% +- 0.59%
EuroSAT iteration 743/800 : Query Acc = 62.67, Avg Acc = 82.97% +- 0.59%
EuroSAT iteration 744/800 : Query Acc = 77.33, Avg Acc = 82.96% +- 0.59%
EuroSAT iteration 745/800 : Query Acc = 81.33, Avg Acc = 82.96% +- 0.59%
EuroSAT iteration 746/800 : Query Acc = 74.67, Avg Acc = 82.95% +- 0.59%
EuroSAT iteration 747/800 : Query Acc = 96.00, Avg Acc = 82.96% +- 0.59%
EuroSAT iteration 748/800 : Query Acc = 80.00, Avg Acc = 82.96% +- 0.59%
EuroSAT iteration 749/800 : Query Acc = 85.33, Avg Acc = 82.96% +- 0.59%
EuroSAT iteration 750/800 : Query Acc = 93.33, Avg Acc = 82.98% +- 0.59%
EuroSAT iteration 751/800 : Query Acc = 74.67, Avg Acc = 82.96% +- 0.59%
EuroSAT iteration 752/800 : Query Acc = 85.33, Avg Acc = 82.97% +- 0.59%
EuroSAT iteration 753/800 : Query Acc = 84.00, Avg Acc = 82.97% +- 0.58%
EuroSAT iteration 754/800 : Query Acc = 76.00, Avg Acc = 82.96% +- 0.58%
EuroSAT iteration 755/800 : Query Acc = 85.33, Avg Acc = 82.96% +- 0.58%
EuroSAT iteration 756/800 : Query Acc = 89.33, Avg Acc = 82.97% +- 0.58%
EuroSAT iteration 757/800 : Query Acc = 78.67, Avg Acc = 82.97% +- 0.58%
EuroSAT iteration 758/800 : Query Acc = 72.00, Avg Acc = 82.95% +- 0.58%
EuroSAT iteration 759/800 : Query Acc = 85.33, Avg Acc = 82.95% +- 0.58%
EuroSAT iteration 760/800 : Query Acc = 86.67, Avg Acc = 82.96% +- 0.58%
EuroSAT iteration 761/800 : Query Acc = 77.33, Avg Acc = 82.95% +- 0.58%
EuroSAT iteration 762/800 : Query Acc = 90.67, Avg Acc = 82.96% +- 0.58%
EuroSAT iteration 763/800 : Query Acc = 92.00, Avg Acc = 82.97% +- 0.58%
EuroSAT iteration 764/800 : Query Acc = 76.00, Avg Acc = 82.96% +- 0.58%
EuroSAT iteration 765/800 : Query Acc = 90.67, Avg Acc = 82.97% +- 0.58%
EuroSAT iteration 766/800 : Query Acc = 74.67, Avg Acc = 82.96% +- 0.58%
EuroSAT iteration 767/800 : Query Acc = 76.00, Avg Acc = 82.95% +- 0.58%
EuroSAT iteration 768/800 : Query Acc = 86.67, Avg Acc = 82.96% +- 0.58%
EuroSAT iteration 769/800 : Query Acc = 84.00, Avg Acc = 82.96% +- 0.58%
EuroSAT iteration 770/800 : Query Acc = 88.00, Avg Acc = 82.97% +- 0.58%
EuroSAT iteration 771/800 : Query Acc = 78.67, Avg Acc = 82.96% +- 0.57%
EuroSAT iteration 772/800 : Query Acc = 90.67, Avg Acc = 82.97% +- 0.57%
EuroSAT iteration 773/800 : Query Acc = 84.00, Avg Acc = 82.97% +- 0.57%
EuroSAT iteration 774/800 : Query Acc = 96.00, Avg Acc = 82.99% +- 0.57%
EuroSAT iteration 775/800 : Query Acc = 84.00, Avg Acc = 82.99% +- 0.57%
EuroSAT iteration 776/800 : Query Acc = 81.33, Avg Acc = 82.99% +- 0.57%
EuroSAT iteration 777/800 : Query Acc = 70.67, Avg Acc = 82.97% +- 0.57%
EuroSAT iteration 778/800 : Query Acc = 76.00, Avg Acc = 82.96% +- 0.57%
EuroSAT iteration 779/800 : Query Acc = 90.67, Avg Acc = 82.97% +- 0.57%
EuroSAT iteration 780/800 : Query Acc = 77.33, Avg Acc = 82.97% +- 0.57%
EuroSAT iteration 781/800 : Query Acc = 96.00, Avg Acc = 82.98% +- 0.57%
EuroSAT iteration 782/800 : Query Acc = 73.33, Avg Acc = 82.97% +- 0.57%
EuroSAT iteration 783/800 : Query Acc = 85.33, Avg Acc = 82.97% +- 0.57%
EuroSAT iteration 784/800 : Query Acc = 96.00, Avg Acc = 82.99% +- 0.57%
EuroSAT iteration 785/800 : Query Acc = 96.00, Avg Acc = 83.01% +- 0.57%
EuroSAT iteration 786/800 : Query Acc = 84.00, Avg Acc = 83.01% +- 0.57%
EuroSAT iteration 787/800 : Query Acc = 88.00, Avg Acc = 83.02% +- 0.57%
EuroSAT iteration 788/800 : Query Acc = 74.67, Avg Acc = 83.00% +- 0.57%
EuroSAT iteration 789/800 : Query Acc = 86.67, Avg Acc = 83.01% +- 0.57%
EuroSAT iteration 790/800 : Query Acc = 68.00, Avg Acc = 82.99% +- 0.57%
EuroSAT iteration 791/800 : Query Acc = 89.33, Avg Acc = 83.00% +- 0.57%
EuroSAT iteration 792/800 : Query Acc = 96.00, Avg Acc = 83.01% +- 0.57%
EuroSAT iteration 793/800 : Query Acc = 85.33, Avg Acc = 83.02% +- 0.57%
EuroSAT iteration 794/800 : Query Acc = 85.33, Avg Acc = 83.02% +- 0.57%
EuroSAT iteration 795/800 : Query Acc = 80.00, Avg Acc = 83.02% +- 0.57%
EuroSAT iteration 796/800 : Query Acc = 89.33, Avg Acc = 83.02% +- 0.57%
EuroSAT iteration 797/800 : Query Acc = 85.33, Avg Acc = 83.03% +- 0.57%
EuroSAT iteration 798/800 : Query Acc = 86.67, Avg Acc = 83.03% +- 0.56%
EuroSAT iteration 799/800 : Query Acc = 94.67, Avg Acc = 83.05% +- 0.56%
Euro 800 Test Acc = 83.05% +- 0.56%
全部完成 2026-10-04 19:37:53
800 個 episode  /home/ccoliu/atha_dumps/EuroSAT_1shot_seed1
baseline（inductive，模型輸出）：83.05

設定（初始化:gamma）              準確率         − baseline（配對）
model2:0.002             86.13     +3.08 ± 0.23 *

* = 配對 CI 不含 0
>>> [ATHA dump] CropDiseases 1-shot aug=1 seed=1 n=800  2026-10-04 19:39:48
set seed = 1
FineTune! 1 shots on CropDiseases dataset
CropDiseases iteration 0/800 : Query Acc = 85.33, Avg Acc = 85.33% +- 0.00%
CropDiseases | 0 / 800 Acc = 85.33% +- 0.00%
CropDiseases iteration 1/800 : Query Acc = 90.67, Avg Acc = 88.00% +- 3.70%
CropDiseases iteration 2/800 : Query Acc = 70.67, Avg Acc = 82.22% +- 9.57%
CropDiseases iteration 3/800 : Query Acc = 85.33, Avg Acc = 83.00% +- 7.30%
CropDiseases iteration 4/800 : Query Acc = 85.33, Avg Acc = 83.47% +- 5.89%
CropDiseases iteration 5/800 : Query Acc = 77.33, Avg Acc = 82.44% +- 5.24%
CropDiseases iteration 6/800 : Query Acc = 80.00, Avg Acc = 82.10% +- 4.54%
CropDiseases iteration 7/800 : Query Acc = 65.33, Avg Acc = 80.00% +- 5.52%
CropDiseases iteration 8/800 : Query Acc = 85.33, Avg Acc = 80.59% +- 5.03%
CropDiseases iteration 9/800 : Query Acc = 78.67, Avg Acc = 80.40% +- 4.54%
CropDiseases iteration 10/800 : Query Acc = 94.67, Avg Acc = 81.70% +- 4.79%
CropDiseases iteration 11/800 : Query Acc = 74.67, Avg Acc = 81.11% +- 4.52%
CropDiseases iteration 12/800 : Query Acc = 96.00, Avg Acc = 82.26% +- 4.70%
CropDiseases iteration 13/800 : Query Acc = 81.33, Avg Acc = 82.19% +- 4.37%
CropDiseases iteration 14/800 : Query Acc = 66.67, Avg Acc = 81.16% +- 4.52%
CropDiseases iteration 15/800 : Query Acc = 90.67, Avg Acc = 81.75% +- 4.39%
CropDiseases iteration 16/800 : Query Acc = 90.67, Avg Acc = 82.27% +- 4.25%
CropDiseases iteration 17/800 : Query Acc = 90.67, Avg Acc = 82.74% +- 4.11%
CropDiseases iteration 18/800 : Query Acc = 68.00, Avg Acc = 81.96% +- 4.16%
CropDiseases iteration 19/800 : Query Acc = 92.00, Avg Acc = 82.47% +- 4.07%
CropDiseases iteration 20/800 : Query Acc = 80.00, Avg Acc = 82.35% +- 3.88%
CropDiseases iteration 21/800 : Query Acc = 96.00, Avg Acc = 82.97% +- 3.89%
CropDiseases iteration 22/800 : Query Acc = 89.33, Avg Acc = 83.25% +- 3.76%
CropDiseases iteration 23/800 : Query Acc = 62.67, Avg Acc = 82.39% +- 3.96%
CropDiseases iteration 24/800 : Query Acc = 92.00, Avg Acc = 82.77% +- 3.87%
CropDiseases iteration 25/800 : Query Acc = 86.67, Avg Acc = 82.92% +- 3.74%
CropDiseases iteration 26/800 : Query Acc = 89.33, Avg Acc = 83.16% +- 3.63%
CropDiseases iteration 27/800 : Query Acc = 88.00, Avg Acc = 83.33% +- 3.51%
CropDiseases iteration 28/800 : Query Acc = 85.33, Avg Acc = 83.40% +- 3.39%
CropDiseases iteration 29/800 : Query Acc = 96.00, Avg Acc = 83.82% +- 3.38%
CropDiseases iteration 30/800 : Query Acc = 86.67, Avg Acc = 83.91% +- 3.28%
CropDiseases iteration 31/800 : Query Acc = 92.00, Avg Acc = 84.17% +- 3.21%
CropDiseases iteration 32/800 : Query Acc = 76.00, Avg Acc = 83.92% +- 3.15%
CropDiseases iteration 33/800 : Query Acc = 58.67, Avg Acc = 83.18% +- 3.38%
CropDiseases iteration 34/800 : Query Acc = 89.33, Avg Acc = 83.35% +- 3.30%
CropDiseases iteration 35/800 : Query Acc = 78.67, Avg Acc = 83.22% +- 3.22%
CropDiseases iteration 36/800 : Query Acc = 72.00, Avg Acc = 82.92% +- 3.18%
CropDiseases iteration 37/800 : Query Acc = 69.33, Avg Acc = 82.56% +- 3.18%
CropDiseases iteration 38/800 : Query Acc = 96.00, Avg Acc = 82.91% +- 3.17%
CropDiseases iteration 39/800 : Query Acc = 86.67, Avg Acc = 83.00% +- 3.09%
CropDiseases iteration 40/800 : Query Acc = 80.00, Avg Acc = 82.93% +- 3.02%
CropDiseases iteration 41/800 : Query Acc = 89.33, Avg Acc = 83.08% +- 2.96%
CropDiseases iteration 42/800 : Query Acc = 86.67, Avg Acc = 83.16% +- 2.90%
CropDiseases iteration 43/800 : Query Acc = 89.33, Avg Acc = 83.30% +- 2.85%
CropDiseases iteration 44/800 : Query Acc = 90.67, Avg Acc = 83.47% +- 2.80%
CropDiseases iteration 45/800 : Query Acc = 73.33, Avg Acc = 83.25% +- 2.77%
CropDiseases iteration 46/800 : Query Acc = 92.00, Avg Acc = 83.43% +- 2.74%
CropDiseases iteration 47/800 : Query Acc = 93.33, Avg Acc = 83.64% +- 2.71%
CropDiseases iteration 48/800 : Query Acc = 94.67, Avg Acc = 83.86% +- 2.69%
CropDiseases iteration 49/800 : Query Acc = 100.00, Avg Acc = 84.19% +- 2.71%
CropDiseases iteration 50/800 : Query Acc = 84.00, Avg Acc = 84.18% +- 2.66%
CropDiseases iteration 51/800 : Query Acc = 80.00, Avg Acc = 84.10% +- 2.61%
CropDiseases iteration 52/800 : Query Acc = 94.67, Avg Acc = 84.30% +- 2.59%
CropDiseases iteration 53/800 : Query Acc = 92.00, Avg Acc = 84.44% +- 2.56%
CropDiseases iteration 54/800 : Query Acc = 64.00, Avg Acc = 84.07% +- 2.61%
CropDiseases iteration 55/800 : Query Acc = 77.33, Avg Acc = 83.95% +- 2.58%
CropDiseases iteration 56/800 : Query Acc = 97.33, Avg Acc = 84.19% +- 2.57%
CropDiseases iteration 57/800 : Query Acc = 84.00, Avg Acc = 84.18% +- 2.53%
CropDiseases iteration 58/800 : Query Acc = 82.67, Avg Acc = 84.16% +- 2.49%
CropDiseases iteration 59/800 : Query Acc = 90.67, Avg Acc = 84.27% +- 2.45%
CropDiseases iteration 60/800 : Query Acc = 70.67, Avg Acc = 84.04% +- 2.45%
CropDiseases iteration 61/800 : Query Acc = 84.00, Avg Acc = 84.04% +- 2.41%
CropDiseases iteration 62/800 : Query Acc = 92.00, Avg Acc = 84.17% +- 2.39%
CropDiseases iteration 63/800 : Query Acc = 90.67, Avg Acc = 84.27% +- 2.36%
CropDiseases iteration 64/800 : Query Acc = 86.67, Avg Acc = 84.31% +- 2.32%
CropDiseases iteration 65/800 : Query Acc = 85.33, Avg Acc = 84.32% +- 2.29%
CropDiseases iteration 66/800 : Query Acc = 93.33, Avg Acc = 84.46% +- 2.27%
CropDiseases iteration 67/800 : Query Acc = 89.33, Avg Acc = 84.53% +- 2.24%
CropDiseases iteration 68/800 : Query Acc = 90.67, Avg Acc = 84.62% +- 2.21%
CropDiseases iteration 69/800 : Query Acc = 84.00, Avg Acc = 84.61% +- 2.18%
CropDiseases iteration 70/800 : Query Acc = 82.67, Avg Acc = 84.58% +- 2.15%
CropDiseases iteration 71/800 : Query Acc = 93.33, Avg Acc = 84.70% +- 2.13%
CropDiseases iteration 72/800 : Query Acc = 74.67, Avg Acc = 84.57% +- 2.12%
CropDiseases iteration 73/800 : Query Acc = 81.33, Avg Acc = 84.52% +- 2.10%
CropDiseases iteration 74/800 : Query Acc = 88.00, Avg Acc = 84.57% +- 2.07%
CropDiseases iteration 75/800 : Query Acc = 60.00, Avg Acc = 84.25% +- 2.14%
CropDiseases iteration 76/800 : Query Acc = 78.67, Avg Acc = 84.17% +- 2.11%
CropDiseases iteration 77/800 : Query Acc = 94.67, Avg Acc = 84.31% +- 2.10%
CropDiseases iteration 78/800 : Query Acc = 89.33, Avg Acc = 84.37% +- 2.08%
CropDiseases iteration 79/800 : Query Acc = 84.00, Avg Acc = 84.37% +- 2.05%
CropDiseases iteration 80/800 : Query Acc = 85.33, Avg Acc = 84.38% +- 2.03%
CropDiseases iteration 81/800 : Query Acc = 68.00, Avg Acc = 84.18% +- 2.04%
CropDiseases iteration 82/800 : Query Acc = 94.67, Avg Acc = 84.31% +- 2.03%
CropDiseases iteration 83/800 : Query Acc = 93.33, Avg Acc = 84.41% +- 2.02%
CropDiseases iteration 84/800 : Query Acc = 92.00, Avg Acc = 84.50% +- 2.00%
CropDiseases iteration 85/800 : Query Acc = 100.00, Avg Acc = 84.68% +- 2.01%
CropDiseases iteration 86/800 : Query Acc = 57.33, Avg Acc = 84.37% +- 2.08%
CropDiseases iteration 87/800 : Query Acc = 69.33, Avg Acc = 84.20% +- 2.08%
CropDiseases iteration 88/800 : Query Acc = 80.00, Avg Acc = 84.15% +- 2.06%
CropDiseases iteration 89/800 : Query Acc = 88.00, Avg Acc = 84.19% +- 2.04%
CropDiseases iteration 90/800 : Query Acc = 77.33, Avg Acc = 84.12% +- 2.02%
CropDiseases iteration 91/800 : Query Acc = 88.00, Avg Acc = 84.16% +- 2.00%
CropDiseases iteration 92/800 : Query Acc = 78.67, Avg Acc = 84.10% +- 1.98%
CropDiseases iteration 93/800 : Query Acc = 76.00, Avg Acc = 84.01% +- 1.97%
CropDiseases iteration 94/800 : Query Acc = 86.67, Avg Acc = 84.04% +- 1.95%
CropDiseases iteration 95/800 : Query Acc = 76.00, Avg Acc = 83.96% +- 1.94%
CropDiseases iteration 96/800 : Query Acc = 74.67, Avg Acc = 83.86% +- 1.93%
CropDiseases iteration 97/800 : Query Acc = 90.67, Avg Acc = 83.93% +- 1.91%
CropDiseases iteration 98/800 : Query Acc = 92.00, Avg Acc = 84.01% +- 1.90%
CropDiseases iteration 99/800 : Query Acc = 90.67, Avg Acc = 84.08% +- 1.88%
CropDiseases iteration 100/800 : Query Acc = 92.00, Avg Acc = 84.16% +- 1.87%
CropDiseases | 100 / 800 Acc = 84.16% +- 1.87%
CropDiseases iteration 101/800 : Query Acc = 96.00, Avg Acc = 84.27% +- 1.87%
CropDiseases iteration 102/800 : Query Acc = 93.33, Avg Acc = 84.36% +- 1.86%
CropDiseases iteration 103/800 : Query Acc = 92.00, Avg Acc = 84.44% +- 1.84%
CropDiseases iteration 104/800 : Query Acc = 74.67, Avg Acc = 84.34% +- 1.84%
CropDiseases iteration 105/800 : Query Acc = 94.67, Avg Acc = 84.44% +- 1.83%
CropDiseases iteration 106/800 : Query Acc = 76.00, Avg Acc = 84.36% +- 1.82%
CropDiseases iteration 107/800 : Query Acc = 80.00, Avg Acc = 84.32% +- 1.80%
CropDiseases iteration 108/800 : Query Acc = 85.33, Avg Acc = 84.33% +- 1.79%
CropDiseases iteration 109/800 : Query Acc = 73.33, Avg Acc = 84.23% +- 1.78%
CropDiseases iteration 110/800 : Query Acc = 50.67, Avg Acc = 83.93% +- 1.86%
CropDiseases iteration 111/800 : Query Acc = 78.67, Avg Acc = 83.88% +- 1.85%
CropDiseases iteration 112/800 : Query Acc = 77.33, Avg Acc = 83.82% +- 1.83%
CropDiseases iteration 113/800 : Query Acc = 73.33, Avg Acc = 83.73% +- 1.83%
CropDiseases iteration 114/800 : Query Acc = 89.33, Avg Acc = 83.78% +- 1.81%
CropDiseases iteration 115/800 : Query Acc = 84.00, Avg Acc = 83.78% +- 1.80%
CropDiseases iteration 116/800 : Query Acc = 90.67, Avg Acc = 83.84% +- 1.79%
CropDiseases iteration 117/800 : Query Acc = 89.33, Avg Acc = 83.89% +- 1.77%
CropDiseases iteration 118/800 : Query Acc = 77.33, Avg Acc = 83.83% +- 1.76%
CropDiseases iteration 119/800 : Query Acc = 93.33, Avg Acc = 83.91% +- 1.75%
CropDiseases iteration 120/800 : Query Acc = 86.67, Avg Acc = 83.93% +- 1.74%
CropDiseases iteration 121/800 : Query Acc = 77.33, Avg Acc = 83.88% +- 1.73%
CropDiseases iteration 122/800 : Query Acc = 84.00, Avg Acc = 83.88% +- 1.71%
CropDiseases iteration 123/800 : Query Acc = 94.67, Avg Acc = 83.97% +- 1.71%
CropDiseases iteration 124/800 : Query Acc = 82.67, Avg Acc = 83.96% +- 1.70%
CropDiseases iteration 125/800 : Query Acc = 82.67, Avg Acc = 83.95% +- 1.68%
CropDiseases iteration 126/800 : Query Acc = 94.67, Avg Acc = 84.03% +- 1.68%
CropDiseases iteration 127/800 : Query Acc = 85.33, Avg Acc = 84.04% +- 1.66%
CropDiseases iteration 128/800 : Query Acc = 90.67, Avg Acc = 84.09% +- 1.65%
CropDiseases iteration 129/800 : Query Acc = 85.33, Avg Acc = 84.10% +- 1.64%
CropDiseases iteration 130/800 : Query Acc = 73.33, Avg Acc = 84.02% +- 1.64%
CropDiseases iteration 131/800 : Query Acc = 64.00, Avg Acc = 83.87% +- 1.65%
CropDiseases iteration 132/800 : Query Acc = 88.00, Avg Acc = 83.90% +- 1.64%
CropDiseases iteration 133/800 : Query Acc = 100.00, Avg Acc = 84.02% +- 1.64%
CropDiseases iteration 134/800 : Query Acc = 77.33, Avg Acc = 83.97% +- 1.64%
CropDiseases iteration 135/800 : Query Acc = 97.33, Avg Acc = 84.07% +- 1.63%
CropDiseases iteration 136/800 : Query Acc = 94.67, Avg Acc = 84.15% +- 1.63%
CropDiseases iteration 137/800 : Query Acc = 93.33, Avg Acc = 84.21% +- 1.62%
CropDiseases iteration 138/800 : Query Acc = 88.00, Avg Acc = 84.24% +- 1.61%
CropDiseases iteration 139/800 : Query Acc = 97.33, Avg Acc = 84.33% +- 1.61%
CropDiseases iteration 140/800 : Query Acc = 80.00, Avg Acc = 84.30% +- 1.60%
CropDiseases iteration 141/800 : Query Acc = 77.33, Avg Acc = 84.25% +- 1.59%
CropDiseases iteration 142/800 : Query Acc = 78.67, Avg Acc = 84.21% +- 1.58%
CropDiseases iteration 143/800 : Query Acc = 100.00, Avg Acc = 84.32% +- 1.59%
CropDiseases iteration 144/800 : Query Acc = 82.67, Avg Acc = 84.31% +- 1.58%
CropDiseases iteration 145/800 : Query Acc = 81.33, Avg Acc = 84.29% +- 1.57%
CropDiseases iteration 146/800 : Query Acc = 94.67, Avg Acc = 84.36% +- 1.56%
CropDiseases iteration 147/800 : Query Acc = 68.00, Avg Acc = 84.25% +- 1.57%
CropDiseases iteration 148/800 : Query Acc = 77.33, Avg Acc = 84.21% +- 1.56%
CropDiseases iteration 149/800 : Query Acc = 84.00, Avg Acc = 84.20% +- 1.55%
CropDiseases iteration 150/800 : Query Acc = 85.33, Avg Acc = 84.21% +- 1.54%
CropDiseases iteration 151/800 : Query Acc = 92.00, Avg Acc = 84.26% +- 1.53%
CropDiseases iteration 152/800 : Query Acc = 96.00, Avg Acc = 84.34% +- 1.53%
CropDiseases iteration 153/800 : Query Acc = 85.33, Avg Acc = 84.35% +- 1.52%
CropDiseases iteration 154/800 : Query Acc = 89.33, Avg Acc = 84.38% +- 1.51%
CropDiseases iteration 155/800 : Query Acc = 56.00, Avg Acc = 84.20% +- 1.54%
CropDiseases iteration 156/800 : Query Acc = 81.33, Avg Acc = 84.18% +- 1.53%
CropDiseases iteration 157/800 : Query Acc = 84.00, Avg Acc = 84.18% +- 1.52%
CropDiseases iteration 158/800 : Query Acc = 88.00, Avg Acc = 84.20% +- 1.51%
CropDiseases iteration 159/800 : Query Acc = 92.00, Avg Acc = 84.25% +- 1.51%
CropDiseases iteration 160/800 : Query Acc = 74.67, Avg Acc = 84.19% +- 1.50%
CropDiseases iteration 161/800 : Query Acc = 74.67, Avg Acc = 84.13% +- 1.50%
CropDiseases iteration 162/800 : Query Acc = 96.00, Avg Acc = 84.20% +- 1.49%
CropDiseases iteration 163/800 : Query Acc = 66.67, Avg Acc = 84.10% +- 1.50%
CropDiseases iteration 164/800 : Query Acc = 68.00, Avg Acc = 84.00% +- 1.50%
CropDiseases iteration 165/800 : Query Acc = 90.67, Avg Acc = 84.04% +- 1.50%
CropDiseases iteration 166/800 : Query Acc = 82.67, Avg Acc = 84.03% +- 1.49%
CropDiseases iteration 167/800 : Query Acc = 82.67, Avg Acc = 84.02% +- 1.48%
CropDiseases iteration 168/800 : Query Acc = 76.00, Avg Acc = 83.98% +- 1.47%
CropDiseases iteration 169/800 : Query Acc = 84.00, Avg Acc = 83.98% +- 1.46%
CropDiseases iteration 170/800 : Query Acc = 78.67, Avg Acc = 83.95% +- 1.46%
CropDiseases iteration 171/800 : Query Acc = 80.00, Avg Acc = 83.92% +- 1.45%
CropDiseases iteration 172/800 : Query Acc = 86.67, Avg Acc = 83.94% +- 1.44%
CropDiseases iteration 173/800 : Query Acc = 94.67, Avg Acc = 84.00% +- 1.44%
CropDiseases iteration 174/800 : Query Acc = 69.33, Avg Acc = 83.92% +- 1.44%
CropDiseases iteration 175/800 : Query Acc = 97.33, Avg Acc = 83.99% +- 1.44%
CropDiseases iteration 176/800 : Query Acc = 57.33, Avg Acc = 83.84% +- 1.46%
CropDiseases iteration 177/800 : Query Acc = 69.33, Avg Acc = 83.76% +- 1.46%
CropDiseases iteration 178/800 : Query Acc = 85.33, Avg Acc = 83.77% +- 1.45%
CropDiseases iteration 179/800 : Query Acc = 94.67, Avg Acc = 83.83% +- 1.45%
CropDiseases iteration 180/800 : Query Acc = 100.00, Avg Acc = 83.92% +- 1.45%
CropDiseases iteration 181/800 : Query Acc = 81.33, Avg Acc = 83.90% +- 1.44%
CropDiseases iteration 182/800 : Query Acc = 60.00, Avg Acc = 83.77% +- 1.46%
CropDiseases iteration 183/800 : Query Acc = 88.00, Avg Acc = 83.80% +- 1.45%
CropDiseases iteration 184/800 : Query Acc = 82.67, Avg Acc = 83.79% +- 1.44%
CropDiseases iteration 185/800 : Query Acc = 93.33, Avg Acc = 83.84% +- 1.44%
CropDiseases iteration 186/800 : Query Acc = 82.67, Avg Acc = 83.84% +- 1.43%
CropDiseases iteration 187/800 : Query Acc = 76.00, Avg Acc = 83.79% +- 1.43%
CropDiseases iteration 188/800 : Query Acc = 93.33, Avg Acc = 83.84% +- 1.42%
CropDiseases iteration 189/800 : Query Acc = 96.00, Avg Acc = 83.91% +- 1.42%
CropDiseases iteration 190/800 : Query Acc = 70.67, Avg Acc = 83.84% +- 1.42%
CropDiseases iteration 191/800 : Query Acc = 76.00, Avg Acc = 83.80% +- 1.41%
CropDiseases iteration 192/800 : Query Acc = 97.33, Avg Acc = 83.87% +- 1.41%
CropDiseases iteration 193/800 : Query Acc = 82.67, Avg Acc = 83.86% +- 1.41%
CropDiseases iteration 194/800 : Query Acc = 86.67, Avg Acc = 83.88% +- 1.40%
CropDiseases iteration 195/800 : Query Acc = 60.00, Avg Acc = 83.76% +- 1.41%
CropDiseases iteration 196/800 : Query Acc = 85.33, Avg Acc = 83.76% +- 1.41%
CropDiseases iteration 197/800 : Query Acc = 84.00, Avg Acc = 83.76% +- 1.40%
CropDiseases iteration 198/800 : Query Acc = 84.00, Avg Acc = 83.77% +- 1.39%
CropDiseases iteration 199/800 : Query Acc = 69.33, Avg Acc = 83.69% +- 1.39%
CropDiseases iteration 200/800 : Query Acc = 92.00, Avg Acc = 83.73% +- 1.39%
CropDiseases | 200 / 800 Acc = 83.73% +- 1.39%
CropDiseases iteration 201/800 : Query Acc = 84.00, Avg Acc = 83.74% +- 1.38%
CropDiseases iteration 202/800 : Query Acc = 84.00, Avg Acc = 83.74% +- 1.37%
CropDiseases iteration 203/800 : Query Acc = 86.67, Avg Acc = 83.75% +- 1.37%
CropDiseases iteration 204/800 : Query Acc = 94.67, Avg Acc = 83.80% +- 1.36%
CropDiseases iteration 205/800 : Query Acc = 90.67, Avg Acc = 83.84% +- 1.36%
CropDiseases iteration 206/800 : Query Acc = 70.67, Avg Acc = 83.77% +- 1.36%
CropDiseases iteration 207/800 : Query Acc = 86.67, Avg Acc = 83.79% +- 1.35%
CropDiseases iteration 208/800 : Query Acc = 93.33, Avg Acc = 83.83% +- 1.35%
CropDiseases iteration 209/800 : Query Acc = 85.33, Avg Acc = 83.84% +- 1.34%
CropDiseases iteration 210/800 : Query Acc = 93.33, Avg Acc = 83.89% +- 1.34%
CropDiseases iteration 211/800 : Query Acc = 81.33, Avg Acc = 83.87% +- 1.33%
CropDiseases iteration 212/800 : Query Acc = 82.67, Avg Acc = 83.87% +- 1.33%
CropDiseases iteration 213/800 : Query Acc = 78.67, Avg Acc = 83.84% +- 1.32%
CropDiseases iteration 214/800 : Query Acc = 78.67, Avg Acc = 83.82% +- 1.32%
CropDiseases iteration 215/800 : Query Acc = 77.33, Avg Acc = 83.79% +- 1.31%
CropDiseases iteration 216/800 : Query Acc = 65.33, Avg Acc = 83.71% +- 1.32%
CropDiseases iteration 217/800 : Query Acc = 77.33, Avg Acc = 83.68% +- 1.31%
CropDiseases iteration 218/800 : Query Acc = 81.33, Avg Acc = 83.67% +- 1.31%
CropDiseases iteration 219/800 : Query Acc = 97.33, Avg Acc = 83.73% +- 1.30%
CropDiseases iteration 220/800 : Query Acc = 90.67, Avg Acc = 83.76% +- 1.30%
CropDiseases iteration 221/800 : Query Acc = 97.33, Avg Acc = 83.82% +- 1.30%
CropDiseases iteration 222/800 : Query Acc = 90.67, Avg Acc = 83.85% +- 1.30%
CropDiseases iteration 223/800 : Query Acc = 89.33, Avg Acc = 83.88% +- 1.29%
CropDiseases iteration 224/800 : Query Acc = 94.67, Avg Acc = 83.92% +- 1.29%
CropDiseases iteration 225/800 : Query Acc = 82.67, Avg Acc = 83.92% +- 1.28%
CropDiseases iteration 226/800 : Query Acc = 80.00, Avg Acc = 83.90% +- 1.28%
CropDiseases iteration 227/800 : Query Acc = 88.00, Avg Acc = 83.92% +- 1.27%
CropDiseases iteration 228/800 : Query Acc = 85.33, Avg Acc = 83.92% +- 1.27%
CropDiseases iteration 229/800 : Query Acc = 69.33, Avg Acc = 83.86% +- 1.27%
CropDiseases iteration 230/800 : Query Acc = 48.00, Avg Acc = 83.71% +- 1.30%
CropDiseases iteration 231/800 : Query Acc = 86.67, Avg Acc = 83.72% +- 1.29%
CropDiseases iteration 232/800 : Query Acc = 93.33, Avg Acc = 83.76% +- 1.29%
CropDiseases iteration 233/800 : Query Acc = 82.67, Avg Acc = 83.75% +- 1.28%
CropDiseases iteration 234/800 : Query Acc = 82.67, Avg Acc = 83.75% +- 1.28%
CropDiseases iteration 235/800 : Query Acc = 82.67, Avg Acc = 83.75% +- 1.27%
CropDiseases iteration 236/800 : Query Acc = 94.67, Avg Acc = 83.79% +- 1.27%
CropDiseases iteration 237/800 : Query Acc = 85.33, Avg Acc = 83.80% +- 1.27%
CropDiseases iteration 238/800 : Query Acc = 62.67, Avg Acc = 83.71% +- 1.27%
CropDiseases iteration 239/800 : Query Acc = 96.00, Avg Acc = 83.76% +- 1.27%
CropDiseases iteration 240/800 : Query Acc = 86.67, Avg Acc = 83.77% +- 1.27%
CropDiseases iteration 241/800 : Query Acc = 98.67, Avg Acc = 83.83% +- 1.27%
CropDiseases iteration 242/800 : Query Acc = 93.33, Avg Acc = 83.87% +- 1.26%
CropDiseases iteration 243/800 : Query Acc = 90.67, Avg Acc = 83.90% +- 1.26%
CropDiseases iteration 244/800 : Query Acc = 96.00, Avg Acc = 83.95% +- 1.26%
CropDiseases iteration 245/800 : Query Acc = 69.33, Avg Acc = 83.89% +- 1.26%
CropDiseases iteration 246/800 : Query Acc = 97.33, Avg Acc = 83.95% +- 1.26%
CropDiseases iteration 247/800 : Query Acc = 81.33, Avg Acc = 83.94% +- 1.25%
CropDiseases iteration 248/800 : Query Acc = 96.00, Avg Acc = 83.98% +- 1.25%
CropDiseases iteration 249/800 : Query Acc = 81.33, Avg Acc = 83.97% +- 1.25%
CropDiseases iteration 250/800 : Query Acc = 90.67, Avg Acc = 84.00% +- 1.24%
CropDiseases iteration 251/800 : Query Acc = 73.33, Avg Acc = 83.96% +- 1.24%
CropDiseases iteration 252/800 : Query Acc = 80.00, Avg Acc = 83.94% +- 1.24%
CropDiseases iteration 253/800 : Query Acc = 94.67, Avg Acc = 83.98% +- 1.23%
CropDiseases iteration 254/800 : Query Acc = 84.00, Avg Acc = 83.98% +- 1.23%
CropDiseases iteration 255/800 : Query Acc = 74.67, Avg Acc = 83.95% +- 1.23%
CropDiseases iteration 256/800 : Query Acc = 94.67, Avg Acc = 83.99% +- 1.22%
CropDiseases iteration 257/800 : Query Acc = 98.67, Avg Acc = 84.05% +- 1.22%
CropDiseases iteration 258/800 : Query Acc = 100.00, Avg Acc = 84.11% +- 1.23%
CropDiseases iteration 259/800 : Query Acc = 77.33, Avg Acc = 84.08% +- 1.22%
CropDiseases iteration 260/800 : Query Acc = 81.33, Avg Acc = 84.07% +- 1.22%
CropDiseases iteration 261/800 : Query Acc = 89.33, Avg Acc = 84.09% +- 1.21%
CropDiseases iteration 262/800 : Query Acc = 78.67, Avg Acc = 84.07% +- 1.21%
CropDiseases iteration 263/800 : Query Acc = 84.00, Avg Acc = 84.07% +- 1.21%
CropDiseases iteration 264/800 : Query Acc = 98.67, Avg Acc = 84.13% +- 1.21%
CropDiseases iteration 265/800 : Query Acc = 93.33, Avg Acc = 84.16% +- 1.20%
CropDiseases iteration 266/800 : Query Acc = 97.33, Avg Acc = 84.21% +- 1.20%
CropDiseases iteration 267/800 : Query Acc = 97.33, Avg Acc = 84.26% +- 1.20%
CropDiseases iteration 268/800 : Query Acc = 93.33, Avg Acc = 84.29% +- 1.20%
CropDiseases iteration 269/800 : Query Acc = 80.00, Avg Acc = 84.28% +- 1.19%
CropDiseases iteration 270/800 : Query Acc = 61.33, Avg Acc = 84.19% +- 1.20%
CropDiseases iteration 271/800 : Query Acc = 84.00, Avg Acc = 84.19% +- 1.20%
CropDiseases iteration 272/800 : Query Acc = 89.33, Avg Acc = 84.21% +- 1.19%
CropDiseases iteration 273/800 : Query Acc = 93.33, Avg Acc = 84.24% +- 1.19%
CropDiseases iteration 274/800 : Query Acc = 84.00, Avg Acc = 84.24% +- 1.19%
CropDiseases iteration 275/800 : Query Acc = 92.00, Avg Acc = 84.27% +- 1.18%
CropDiseases iteration 276/800 : Query Acc = 98.67, Avg Acc = 84.32% +- 1.18%
CropDiseases iteration 277/800 : Query Acc = 86.67, Avg Acc = 84.33% +- 1.18%
CropDiseases iteration 278/800 : Query Acc = 70.67, Avg Acc = 84.28% +- 1.18%
CropDiseases iteration 279/800 : Query Acc = 88.00, Avg Acc = 84.30% +- 1.18%
CropDiseases iteration 280/800 : Query Acc = 84.00, Avg Acc = 84.29% +- 1.17%
CropDiseases iteration 281/800 : Query Acc = 78.67, Avg Acc = 84.27% +- 1.17%
CropDiseases iteration 282/800 : Query Acc = 89.33, Avg Acc = 84.29% +- 1.16%
CropDiseases iteration 283/800 : Query Acc = 93.33, Avg Acc = 84.32% +- 1.16%
CropDiseases iteration 284/800 : Query Acc = 82.67, Avg Acc = 84.32% +- 1.16%
CropDiseases iteration 285/800 : Query Acc = 66.67, Avg Acc = 84.26% +- 1.16%
CropDiseases iteration 286/800 : Query Acc = 82.67, Avg Acc = 84.25% +- 1.16%
CropDiseases iteration 287/800 : Query Acc = 78.67, Avg Acc = 84.23% +- 1.15%
CropDiseases iteration 288/800 : Query Acc = 97.33, Avg Acc = 84.28% +- 1.15%
CropDiseases iteration 289/800 : Query Acc = 78.67, Avg Acc = 84.26% +- 1.15%
CropDiseases iteration 290/800 : Query Acc = 66.67, Avg Acc = 84.20% +- 1.15%
CropDiseases iteration 291/800 : Query Acc = 94.67, Avg Acc = 84.23% +- 1.15%
CropDiseases iteration 292/800 : Query Acc = 74.67, Avg Acc = 84.20% +- 1.15%
CropDiseases iteration 293/800 : Query Acc = 97.33, Avg Acc = 84.24% +- 1.15%
CropDiseases iteration 294/800 : Query Acc = 93.33, Avg Acc = 84.28% +- 1.14%
CropDiseases iteration 295/800 : Query Acc = 74.67, Avg Acc = 84.24% +- 1.14%
CropDiseases iteration 296/800 : Query Acc = 85.33, Avg Acc = 84.25% +- 1.14%
CropDiseases iteration 297/800 : Query Acc = 93.33, Avg Acc = 84.28% +- 1.14%
CropDiseases iteration 298/800 : Query Acc = 94.67, Avg Acc = 84.31% +- 1.13%
CropDiseases iteration 299/800 : Query Acc = 86.67, Avg Acc = 84.32% +- 1.13%
CropDiseases iteration 300/800 : Query Acc = 88.00, Avg Acc = 84.33% +- 1.13%
CropDiseases | 300 / 800 Acc = 84.33% +- 1.13%
CropDiseases iteration 301/800 : Query Acc = 100.00, Avg Acc = 84.38% +- 1.13%
CropDiseases iteration 302/800 : Query Acc = 76.00, Avg Acc = 84.36% +- 1.13%
CropDiseases iteration 303/800 : Query Acc = 97.33, Avg Acc = 84.40% +- 1.12%
CropDiseases iteration 304/800 : Query Acc = 80.00, Avg Acc = 84.38% +- 1.12%
CropDiseases iteration 305/800 : Query Acc = 92.00, Avg Acc = 84.41% +- 1.12%
CropDiseases iteration 306/800 : Query Acc = 85.33, Avg Acc = 84.41% +- 1.12%
CropDiseases iteration 307/800 : Query Acc = 93.33, Avg Acc = 84.44% +- 1.11%
CropDiseases iteration 308/800 : Query Acc = 86.67, Avg Acc = 84.45% +- 1.11%
CropDiseases iteration 309/800 : Query Acc = 93.33, Avg Acc = 84.48% +- 1.11%
CropDiseases iteration 310/800 : Query Acc = 96.00, Avg Acc = 84.51% +- 1.11%
CropDiseases iteration 311/800 : Query Acc = 77.33, Avg Acc = 84.49% +- 1.10%
CropDiseases iteration 312/800 : Query Acc = 85.33, Avg Acc = 84.49% +- 1.10%
CropDiseases iteration 313/800 : Query Acc = 96.00, Avg Acc = 84.53% +- 1.10%
CropDiseases iteration 314/800 : Query Acc = 82.67, Avg Acc = 84.52% +- 1.10%
CropDiseases iteration 315/800 : Query Acc = 82.67, Avg Acc = 84.52% +- 1.09%
CropDiseases iteration 316/800 : Query Acc = 80.00, Avg Acc = 84.50% +- 1.09%
CropDiseases iteration 317/800 : Query Acc = 80.00, Avg Acc = 84.49% +- 1.09%
CropDiseases iteration 318/800 : Query Acc = 86.67, Avg Acc = 84.50% +- 1.08%
CropDiseases iteration 319/800 : Query Acc = 93.33, Avg Acc = 84.53% +- 1.08%
CropDiseases iteration 320/800 : Query Acc = 88.00, Avg Acc = 84.54% +- 1.08%
CropDiseases iteration 321/800 : Query Acc = 77.33, Avg Acc = 84.51% +- 1.07%
CropDiseases iteration 322/800 : Query Acc = 96.00, Avg Acc = 84.55% +- 1.07%
CropDiseases iteration 323/800 : Query Acc = 98.67, Avg Acc = 84.59% +- 1.07%
CropDiseases iteration 324/800 : Query Acc = 86.67, Avg Acc = 84.60% +- 1.07%
CropDiseases iteration 325/800 : Query Acc = 82.67, Avg Acc = 84.59% +- 1.07%
CropDiseases iteration 326/800 : Query Acc = 81.33, Avg Acc = 84.58% +- 1.06%
CropDiseases iteration 327/800 : Query Acc = 84.00, Avg Acc = 84.58% +- 1.06%
CropDiseases iteration 328/800 : Query Acc = 86.67, Avg Acc = 84.59% +- 1.06%
CropDiseases iteration 329/800 : Query Acc = 92.00, Avg Acc = 84.61% +- 1.06%
CropDiseases iteration 330/800 : Query Acc = 89.33, Avg Acc = 84.62% +- 1.05%
CropDiseases iteration 331/800 : Query Acc = 90.67, Avg Acc = 84.64% +- 1.05%
CropDiseases iteration 332/800 : Query Acc = 86.67, Avg Acc = 84.65% +- 1.05%
CropDiseases iteration 333/800 : Query Acc = 88.00, Avg Acc = 84.66% +- 1.04%
CropDiseases iteration 334/800 : Query Acc = 92.00, Avg Acc = 84.68% +- 1.04%
CropDiseases iteration 335/800 : Query Acc = 74.67, Avg Acc = 84.65% +- 1.04%
CropDiseases iteration 336/800 : Query Acc = 92.00, Avg Acc = 84.67% +- 1.04%
CropDiseases iteration 337/800 : Query Acc = 84.00, Avg Acc = 84.67% +- 1.04%
CropDiseases iteration 338/800 : Query Acc = 84.00, Avg Acc = 84.67% +- 1.03%
CropDiseases iteration 339/800 : Query Acc = 48.00, Avg Acc = 84.56% +- 1.05%
CropDiseases iteration 340/800 : Query Acc = 88.00, Avg Acc = 84.57% +- 1.05%
CropDiseases iteration 341/800 : Query Acc = 84.00, Avg Acc = 84.57% +- 1.04%
CropDiseases iteration 342/800 : Query Acc = 86.67, Avg Acc = 84.58% +- 1.04%
CropDiseases iteration 343/800 : Query Acc = 89.33, Avg Acc = 84.59% +- 1.04%
CropDiseases iteration 344/800 : Query Acc = 97.33, Avg Acc = 84.63% +- 1.04%
CropDiseases iteration 345/800 : Query Acc = 92.00, Avg Acc = 84.65% +- 1.04%
CropDiseases iteration 346/800 : Query Acc = 77.33, Avg Acc = 84.63% +- 1.03%
CropDiseases iteration 347/800 : Query Acc = 82.67, Avg Acc = 84.62% +- 1.03%
CropDiseases iteration 348/800 : Query Acc = 92.00, Avg Acc = 84.64% +- 1.03%
CropDiseases iteration 349/800 : Query Acc = 97.33, Avg Acc = 84.68% +- 1.03%
CropDiseases iteration 350/800 : Query Acc = 66.67, Avg Acc = 84.63% +- 1.03%
CropDiseases iteration 351/800 : Query Acc = 41.33, Avg Acc = 84.50% +- 1.06%
CropDiseases iteration 352/800 : Query Acc = 96.00, Avg Acc = 84.54% +- 1.05%
CropDiseases iteration 353/800 : Query Acc = 93.33, Avg Acc = 84.56% +- 1.05%
CropDiseases iteration 354/800 : Query Acc = 68.00, Avg Acc = 84.51% +- 1.05%
CropDiseases iteration 355/800 : Query Acc = 93.33, Avg Acc = 84.54% +- 1.05%
CropDiseases iteration 356/800 : Query Acc = 73.33, Avg Acc = 84.51% +- 1.05%
CropDiseases iteration 357/800 : Query Acc = 84.00, Avg Acc = 84.51% +- 1.05%
CropDiseases iteration 358/800 : Query Acc = 74.67, Avg Acc = 84.48% +- 1.05%
CropDiseases iteration 359/800 : Query Acc = 88.00, Avg Acc = 84.49% +- 1.04%
CropDiseases iteration 360/800 : Query Acc = 73.33, Avg Acc = 84.46% +- 1.04%
CropDiseases iteration 361/800 : Query Acc = 92.00, Avg Acc = 84.48% +- 1.04%
CropDiseases iteration 362/800 : Query Acc = 93.33, Avg Acc = 84.50% +- 1.04%
CropDiseases iteration 363/800 : Query Acc = 58.67, Avg Acc = 84.43% +- 1.04%
CropDiseases iteration 364/800 : Query Acc = 92.00, Avg Acc = 84.45% +- 1.04%
CropDiseases iteration 365/800 : Query Acc = 82.67, Avg Acc = 84.45% +- 1.04%
CropDiseases iteration 366/800 : Query Acc = 93.33, Avg Acc = 84.47% +- 1.04%
CropDiseases iteration 367/800 : Query Acc = 98.67, Avg Acc = 84.51% +- 1.04%
CropDiseases iteration 368/800 : Query Acc = 96.00, Avg Acc = 84.54% +- 1.04%
CropDiseases iteration 369/800 : Query Acc = 78.67, Avg Acc = 84.53% +- 1.03%
CropDiseases iteration 370/800 : Query Acc = 77.33, Avg Acc = 84.51% +- 1.03%
CropDiseases iteration 371/800 : Query Acc = 94.67, Avg Acc = 84.53% +- 1.03%
CropDiseases iteration 372/800 : Query Acc = 85.33, Avg Acc = 84.54% +- 1.03%
CropDiseases iteration 373/800 : Query Acc = 96.00, Avg Acc = 84.57% +- 1.03%
CropDiseases iteration 374/800 : Query Acc = 86.67, Avg Acc = 84.57% +- 1.02%
CropDiseases iteration 375/800 : Query Acc = 92.00, Avg Acc = 84.59% +- 1.02%
CropDiseases iteration 376/800 : Query Acc = 100.00, Avg Acc = 84.63% +- 1.02%
CropDiseases iteration 377/800 : Query Acc = 68.00, Avg Acc = 84.59% +- 1.02%
CropDiseases iteration 378/800 : Query Acc = 73.33, Avg Acc = 84.56% +- 1.02%
CropDiseases iteration 379/800 : Query Acc = 82.67, Avg Acc = 84.55% +- 1.02%
CropDiseases iteration 380/800 : Query Acc = 88.00, Avg Acc = 84.56% +- 1.02%
CropDiseases iteration 381/800 : Query Acc = 93.33, Avg Acc = 84.59% +- 1.02%
CropDiseases iteration 382/800 : Query Acc = 68.00, Avg Acc = 84.54% +- 1.02%
CropDiseases iteration 383/800 : Query Acc = 93.33, Avg Acc = 84.57% +- 1.02%
CropDiseases iteration 384/800 : Query Acc = 66.67, Avg Acc = 84.52% +- 1.02%
CropDiseases iteration 385/800 : Query Acc = 80.00, Avg Acc = 84.51% +- 1.01%
CropDiseases iteration 386/800 : Query Acc = 85.33, Avg Acc = 84.51% +- 1.01%
CropDiseases iteration 387/800 : Query Acc = 89.33, Avg Acc = 84.52% +- 1.01%
CropDiseases iteration 388/800 : Query Acc = 98.67, Avg Acc = 84.56% +- 1.01%
CropDiseases iteration 389/800 : Query Acc = 66.67, Avg Acc = 84.51% +- 1.01%
CropDiseases iteration 390/800 : Query Acc = 80.00, Avg Acc = 84.50% +- 1.01%
CropDiseases iteration 391/800 : Query Acc = 62.67, Avg Acc = 84.45% +- 1.01%
CropDiseases iteration 392/800 : Query Acc = 88.00, Avg Acc = 84.45% +- 1.01%
CropDiseases iteration 393/800 : Query Acc = 78.67, Avg Acc = 84.44% +- 1.01%
CropDiseases iteration 394/800 : Query Acc = 78.67, Avg Acc = 84.43% +- 1.01%
CropDiseases iteration 395/800 : Query Acc = 93.33, Avg Acc = 84.45% +- 1.00%
CropDiseases iteration 396/800 : Query Acc = 97.33, Avg Acc = 84.48% +- 1.00%
CropDiseases iteration 397/800 : Query Acc = 96.00, Avg Acc = 84.51% +- 1.00%
CropDiseases iteration 398/800 : Query Acc = 100.00, Avg Acc = 84.55% +- 1.00%
CropDiseases iteration 399/800 : Query Acc = 90.67, Avg Acc = 84.56% +- 1.00%
CropDiseases iteration 400/800 : Query Acc = 76.00, Avg Acc = 84.54% +- 1.00%
CropDiseases | 400 / 800 Acc = 84.54% +- 1.00%
CropDiseases iteration 401/800 : Query Acc = 92.00, Avg Acc = 84.56% +- 1.00%
CropDiseases iteration 402/800 : Query Acc = 76.00, Avg Acc = 84.54% +- 1.00%
CropDiseases iteration 403/800 : Query Acc = 85.33, Avg Acc = 84.54% +- 0.99%
CropDiseases iteration 404/800 : Query Acc = 81.33, Avg Acc = 84.53% +- 0.99%
CropDiseases iteration 405/800 : Query Acc = 68.00, Avg Acc = 84.49% +- 0.99%
CropDiseases iteration 406/800 : Query Acc = 84.00, Avg Acc = 84.49% +- 0.99%
CropDiseases iteration 407/800 : Query Acc = 90.67, Avg Acc = 84.51% +- 0.99%
CropDiseases iteration 408/800 : Query Acc = 78.67, Avg Acc = 84.49% +- 0.99%
CropDiseases iteration 409/800 : Query Acc = 86.67, Avg Acc = 84.50% +- 0.98%
CropDiseases iteration 410/800 : Query Acc = 82.67, Avg Acc = 84.49% +- 0.98%
CropDiseases iteration 411/800 : Query Acc = 84.00, Avg Acc = 84.49% +- 0.98%
CropDiseases iteration 412/800 : Query Acc = 85.33, Avg Acc = 84.49% +- 0.98%
CropDiseases iteration 413/800 : Query Acc = 89.33, Avg Acc = 84.51% +- 0.97%
CropDiseases iteration 414/800 : Query Acc = 98.67, Avg Acc = 84.54% +- 0.97%
CropDiseases iteration 415/800 : Query Acc = 76.00, Avg Acc = 84.52% +- 0.97%
CropDiseases iteration 416/800 : Query Acc = 84.00, Avg Acc = 84.52% +- 0.97%
CropDiseases iteration 417/800 : Query Acc = 100.00, Avg Acc = 84.56% +- 0.97%
CropDiseases iteration 418/800 : Query Acc = 89.33, Avg Acc = 84.57% +- 0.97%
CropDiseases iteration 419/800 : Query Acc = 74.67, Avg Acc = 84.54% +- 0.97%
CropDiseases iteration 420/800 : Query Acc = 88.00, Avg Acc = 84.55% +- 0.96%
CropDiseases iteration 421/800 : Query Acc = 72.00, Avg Acc = 84.52% +- 0.96%
CropDiseases iteration 422/800 : Query Acc = 89.33, Avg Acc = 84.53% +- 0.96%
CropDiseases iteration 423/800 : Query Acc = 77.33, Avg Acc = 84.52% +- 0.96%
CropDiseases iteration 424/800 : Query Acc = 81.33, Avg Acc = 84.51% +- 0.96%
CropDiseases iteration 425/800 : Query Acc = 96.00, Avg Acc = 84.54% +- 0.96%
CropDiseases iteration 426/800 : Query Acc = 80.00, Avg Acc = 84.52% +- 0.96%
CropDiseases iteration 427/800 : Query Acc = 86.67, Avg Acc = 84.53% +- 0.95%
CropDiseases iteration 428/800 : Query Acc = 80.00, Avg Acc = 84.52% +- 0.95%
CropDiseases iteration 429/800 : Query Acc = 92.00, Avg Acc = 84.54% +- 0.95%
CropDiseases iteration 430/800 : Query Acc = 61.33, Avg Acc = 84.48% +- 0.95%
CropDiseases iteration 431/800 : Query Acc = 65.33, Avg Acc = 84.44% +- 0.96%
CropDiseases iteration 432/800 : Query Acc = 49.33, Avg Acc = 84.36% +- 0.97%
CropDiseases iteration 433/800 : Query Acc = 82.67, Avg Acc = 84.35% +- 0.96%
CropDiseases iteration 434/800 : Query Acc = 97.33, Avg Acc = 84.38% +- 0.96%
CropDiseases iteration 435/800 : Query Acc = 86.67, Avg Acc = 84.39% +- 0.96%
CropDiseases iteration 436/800 : Query Acc = 90.67, Avg Acc = 84.40% +- 0.96%
CropDiseases iteration 437/800 : Query Acc = 82.67, Avg Acc = 84.40% +- 0.96%
CropDiseases iteration 438/800 : Query Acc = 94.67, Avg Acc = 84.42% +- 0.96%
CropDiseases iteration 439/800 : Query Acc = 81.33, Avg Acc = 84.42% +- 0.95%
CropDiseases iteration 440/800 : Query Acc = 90.67, Avg Acc = 84.43% +- 0.95%
CropDiseases iteration 441/800 : Query Acc = 62.67, Avg Acc = 84.38% +- 0.96%
CropDiseases iteration 442/800 : Query Acc = 82.67, Avg Acc = 84.38% +- 0.95%
CropDiseases iteration 443/800 : Query Acc = 93.33, Avg Acc = 84.40% +- 0.95%
CropDiseases iteration 444/800 : Query Acc = 97.33, Avg Acc = 84.43% +- 0.95%
CropDiseases iteration 445/800 : Query Acc = 70.67, Avg Acc = 84.39% +- 0.95%
CropDiseases iteration 446/800 : Query Acc = 90.67, Avg Acc = 84.41% +- 0.95%
CropDiseases iteration 447/800 : Query Acc = 84.00, Avg Acc = 84.41% +- 0.95%
CropDiseases iteration 448/800 : Query Acc = 73.33, Avg Acc = 84.38% +- 0.95%
CropDiseases iteration 449/800 : Query Acc = 92.00, Avg Acc = 84.40% +- 0.94%
CropDiseases iteration 450/800 : Query Acc = 73.33, Avg Acc = 84.38% +- 0.94%
CropDiseases iteration 451/800 : Query Acc = 94.67, Avg Acc = 84.40% +- 0.94%
CropDiseases iteration 452/800 : Query Acc = 86.67, Avg Acc = 84.40% +- 0.94%
CropDiseases iteration 453/800 : Query Acc = 92.00, Avg Acc = 84.42% +- 0.94%
CropDiseases iteration 454/800 : Query Acc = 92.00, Avg Acc = 84.44% +- 0.94%
CropDiseases iteration 455/800 : Query Acc = 86.67, Avg Acc = 84.44% +- 0.94%
CropDiseases iteration 456/800 : Query Acc = 86.67, Avg Acc = 84.45% +- 0.93%
CropDiseases iteration 457/800 : Query Acc = 93.33, Avg Acc = 84.47% +- 0.93%
CropDiseases iteration 458/800 : Query Acc = 84.00, Avg Acc = 84.46% +- 0.93%
CropDiseases iteration 459/800 : Query Acc = 74.67, Avg Acc = 84.44% +- 0.93%
CropDiseases iteration 460/800 : Query Acc = 96.00, Avg Acc = 84.47% +- 0.93%
CropDiseases iteration 461/800 : Query Acc = 86.67, Avg Acc = 84.47% +- 0.93%
CropDiseases iteration 462/800 : Query Acc = 94.67, Avg Acc = 84.50% +- 0.93%
CropDiseases iteration 463/800 : Query Acc = 82.67, Avg Acc = 84.49% +- 0.92%
CropDiseases iteration 464/800 : Query Acc = 65.33, Avg Acc = 84.45% +- 0.93%
CropDiseases iteration 465/800 : Query Acc = 82.67, Avg Acc = 84.45% +- 0.92%
CropDiseases iteration 466/800 : Query Acc = 58.67, Avg Acc = 84.39% +- 0.93%
CropDiseases iteration 467/800 : Query Acc = 93.33, Avg Acc = 84.41% +- 0.93%
CropDiseases iteration 468/800 : Query Acc = 97.33, Avg Acc = 84.44% +- 0.93%
CropDiseases iteration 469/800 : Query Acc = 81.33, Avg Acc = 84.43% +- 0.92%
CropDiseases iteration 470/800 : Query Acc = 61.33, Avg Acc = 84.38% +- 0.93%
CropDiseases iteration 471/800 : Query Acc = 78.67, Avg Acc = 84.37% +- 0.93%
CropDiseases iteration 472/800 : Query Acc = 96.00, Avg Acc = 84.39% +- 0.92%
CropDiseases iteration 473/800 : Query Acc = 77.33, Avg Acc = 84.38% +- 0.92%
CropDiseases iteration 474/800 : Query Acc = 77.33, Avg Acc = 84.36% +- 0.92%
CropDiseases iteration 475/800 : Query Acc = 81.33, Avg Acc = 84.36% +- 0.92%
CropDiseases iteration 476/800 : Query Acc = 86.67, Avg Acc = 84.36% +- 0.92%
CropDiseases iteration 477/800 : Query Acc = 78.67, Avg Acc = 84.35% +- 0.92%
CropDiseases iteration 478/800 : Query Acc = 94.67, Avg Acc = 84.37% +- 0.92%
CropDiseases iteration 479/800 : Query Acc = 90.67, Avg Acc = 84.39% +- 0.91%
CropDiseases iteration 480/800 : Query Acc = 84.00, Avg Acc = 84.39% +- 0.91%
CropDiseases iteration 481/800 : Query Acc = 93.33, Avg Acc = 84.40% +- 0.91%
CropDiseases iteration 482/800 : Query Acc = 82.67, Avg Acc = 84.40% +- 0.91%
CropDiseases iteration 483/800 : Query Acc = 90.67, Avg Acc = 84.41% +- 0.91%
CropDiseases iteration 484/800 : Query Acc = 100.00, Avg Acc = 84.45% +- 0.91%
CropDiseases iteration 485/800 : Query Acc = 97.33, Avg Acc = 84.47% +- 0.91%
CropDiseases iteration 486/800 : Query Acc = 77.33, Avg Acc = 84.46% +- 0.91%
CropDiseases iteration 487/800 : Query Acc = 62.67, Avg Acc = 84.41% +- 0.91%
CropDiseases iteration 488/800 : Query Acc = 85.33, Avg Acc = 84.41% +- 0.91%
CropDiseases iteration 489/800 : Query Acc = 53.33, Avg Acc = 84.35% +- 0.91%
CropDiseases iteration 490/800 : Query Acc = 93.33, Avg Acc = 84.37% +- 0.91%
CropDiseases iteration 491/800 : Query Acc = 93.33, Avg Acc = 84.39% +- 0.91%
CropDiseases iteration 492/800 : Query Acc = 89.33, Avg Acc = 84.40% +- 0.91%
CropDiseases iteration 493/800 : Query Acc = 85.33, Avg Acc = 84.40% +- 0.91%
CropDiseases iteration 494/800 : Query Acc = 74.67, Avg Acc = 84.38% +- 0.91%
CropDiseases iteration 495/800 : Query Acc = 85.33, Avg Acc = 84.38% +- 0.90%
CropDiseases iteration 496/800 : Query Acc = 74.67, Avg Acc = 84.36% +- 0.90%
CropDiseases iteration 497/800 : Query Acc = 70.67, Avg Acc = 84.33% +- 0.90%
CropDiseases iteration 498/800 : Query Acc = 86.67, Avg Acc = 84.34% +- 0.90%
CropDiseases iteration 499/800 : Query Acc = 73.33, Avg Acc = 84.32% +- 0.90%
CropDiseases iteration 500/800 : Query Acc = 74.67, Avg Acc = 84.30% +- 0.90%
CropDiseases | 500 / 800 Acc = 84.30% +- 0.90%
CropDiseases iteration 501/800 : Query Acc = 88.00, Avg Acc = 84.31% +- 0.90%
CropDiseases iteration 502/800 : Query Acc = 97.33, Avg Acc = 84.33% +- 0.90%
CropDiseases iteration 503/800 : Query Acc = 98.67, Avg Acc = 84.36% +- 0.90%
CropDiseases iteration 504/800 : Query Acc = 92.00, Avg Acc = 84.37% +- 0.90%
CropDiseases iteration 505/800 : Query Acc = 94.67, Avg Acc = 84.40% +- 0.90%
CropDiseases iteration 506/800 : Query Acc = 72.00, Avg Acc = 84.37% +- 0.90%
CropDiseases iteration 507/800 : Query Acc = 72.00, Avg Acc = 84.35% +- 0.89%
CropDiseases iteration 508/800 : Query Acc = 98.67, Avg Acc = 84.37% +- 0.89%
CropDiseases iteration 509/800 : Query Acc = 93.33, Avg Acc = 84.39% +- 0.89%
CropDiseases iteration 510/800 : Query Acc = 73.33, Avg Acc = 84.37% +- 0.89%
CropDiseases iteration 511/800 : Query Acc = 74.67, Avg Acc = 84.35% +- 0.89%
CropDiseases iteration 512/800 : Query Acc = 81.33, Avg Acc = 84.35% +- 0.89%
CropDiseases iteration 513/800 : Query Acc = 82.67, Avg Acc = 84.34% +- 0.89%
CropDiseases iteration 514/800 : Query Acc = 84.00, Avg Acc = 84.34% +- 0.89%
CropDiseases iteration 515/800 : Query Acc = 98.67, Avg Acc = 84.37% +- 0.89%
CropDiseases iteration 516/800 : Query Acc = 84.00, Avg Acc = 84.37% +- 0.88%
CropDiseases iteration 517/800 : Query Acc = 82.67, Avg Acc = 84.37% +- 0.88%
CropDiseases iteration 518/800 : Query Acc = 90.67, Avg Acc = 84.38% +- 0.88%
CropDiseases iteration 519/800 : Query Acc = 81.33, Avg Acc = 84.37% +- 0.88%
CropDiseases iteration 520/800 : Query Acc = 89.33, Avg Acc = 84.38% +- 0.88%
CropDiseases iteration 521/800 : Query Acc = 98.67, Avg Acc = 84.41% +- 0.88%
CropDiseases iteration 522/800 : Query Acc = 90.67, Avg Acc = 84.42% +- 0.88%
CropDiseases iteration 523/800 : Query Acc = 77.33, Avg Acc = 84.41% +- 0.88%
CropDiseases iteration 524/800 : Query Acc = 81.33, Avg Acc = 84.40% +- 0.87%
CropDiseases iteration 525/800 : Query Acc = 74.67, Avg Acc = 84.38% +- 0.87%
CropDiseases iteration 526/800 : Query Acc = 93.33, Avg Acc = 84.40% +- 0.87%
CropDiseases iteration 527/800 : Query Acc = 97.33, Avg Acc = 84.42% +- 0.87%
CropDiseases iteration 528/800 : Query Acc = 69.33, Avg Acc = 84.40% +- 0.87%
CropDiseases iteration 529/800 : Query Acc = 93.33, Avg Acc = 84.41% +- 0.87%
CropDiseases iteration 530/800 : Query Acc = 72.00, Avg Acc = 84.39% +- 0.87%
CropDiseases iteration 531/800 : Query Acc = 88.00, Avg Acc = 84.40% +- 0.87%
CropDiseases iteration 532/800 : Query Acc = 60.00, Avg Acc = 84.35% +- 0.87%
CropDiseases iteration 533/800 : Query Acc = 80.00, Avg Acc = 84.34% +- 0.87%
CropDiseases iteration 534/800 : Query Acc = 60.00, Avg Acc = 84.30% +- 0.87%
CropDiseases iteration 535/800 : Query Acc = 84.00, Avg Acc = 84.30% +- 0.87%
CropDiseases iteration 536/800 : Query Acc = 85.33, Avg Acc = 84.30% +- 0.87%
CropDiseases iteration 537/800 : Query Acc = 76.00, Avg Acc = 84.28% +- 0.87%
CropDiseases iteration 538/800 : Query Acc = 72.00, Avg Acc = 84.26% +- 0.87%
CropDiseases iteration 539/800 : Query Acc = 89.33, Avg Acc = 84.27% +- 0.87%
CropDiseases iteration 540/800 : Query Acc = 74.67, Avg Acc = 84.25% +- 0.87%
CropDiseases iteration 541/800 : Query Acc = 93.33, Avg Acc = 84.27% +- 0.87%
CropDiseases iteration 542/800 : Query Acc = 80.00, Avg Acc = 84.26% +- 0.86%
CropDiseases iteration 543/800 : Query Acc = 92.00, Avg Acc = 84.27% +- 0.86%
CropDiseases iteration 544/800 : Query Acc = 96.00, Avg Acc = 84.30% +- 0.86%
CropDiseases iteration 545/800 : Query Acc = 85.33, Avg Acc = 84.30% +- 0.86%
CropDiseases iteration 546/800 : Query Acc = 57.33, Avg Acc = 84.25% +- 0.86%
CropDiseases iteration 547/800 : Query Acc = 90.67, Avg Acc = 84.26% +- 0.86%
CropDiseases iteration 548/800 : Query Acc = 92.00, Avg Acc = 84.27% +- 0.86%
CropDiseases iteration 549/800 : Query Acc = 89.33, Avg Acc = 84.28% +- 0.86%
CropDiseases iteration 550/800 : Query Acc = 94.67, Avg Acc = 84.30% +- 0.86%
CropDiseases iteration 551/800 : Query Acc = 77.33, Avg Acc = 84.29% +- 0.86%
CropDiseases iteration 552/800 : Query Acc = 81.33, Avg Acc = 84.28% +- 0.86%
CropDiseases iteration 553/800 : Query Acc = 88.00, Avg Acc = 84.29% +- 0.86%
CropDiseases iteration 554/800 : Query Acc = 72.00, Avg Acc = 84.27% +- 0.86%
CropDiseases iteration 555/800 : Query Acc = 89.33, Avg Acc = 84.28% +- 0.85%
CropDiseases iteration 556/800 : Query Acc = 73.33, Avg Acc = 84.26% +- 0.85%
CropDiseases iteration 557/800 : Query Acc = 86.67, Avg Acc = 84.26% +- 0.85%
CropDiseases iteration 558/800 : Query Acc = 84.00, Avg Acc = 84.26% +- 0.85%
CropDiseases iteration 559/800 : Query Acc = 86.67, Avg Acc = 84.27% +- 0.85%
CropDiseases iteration 560/800 : Query Acc = 80.00, Avg Acc = 84.26% +- 0.85%
CropDiseases iteration 561/800 : Query Acc = 90.67, Avg Acc = 84.27% +- 0.85%
CropDiseases iteration 562/800 : Query Acc = 88.00, Avg Acc = 84.28% +- 0.85%
CropDiseases iteration 563/800 : Query Acc = 74.67, Avg Acc = 84.26% +- 0.84%
CropDiseases iteration 564/800 : Query Acc = 82.67, Avg Acc = 84.26% +- 0.84%
CropDiseases iteration 565/800 : Query Acc = 52.00, Avg Acc = 84.20% +- 0.85%
CropDiseases iteration 566/800 : Query Acc = 65.33, Avg Acc = 84.17% +- 0.85%
CropDiseases iteration 567/800 : Query Acc = 80.00, Avg Acc = 84.16% +- 0.85%
CropDiseases iteration 568/800 : Query Acc = 93.33, Avg Acc = 84.18% +- 0.85%
CropDiseases iteration 569/800 : Query Acc = 65.33, Avg Acc = 84.14% +- 0.85%
CropDiseases iteration 570/800 : Query Acc = 94.67, Avg Acc = 84.16% +- 0.85%
CropDiseases iteration 571/800 : Query Acc = 88.00, Avg Acc = 84.17% +- 0.85%
CropDiseases iteration 572/800 : Query Acc = 72.00, Avg Acc = 84.15% +- 0.85%
CropDiseases iteration 573/800 : Query Acc = 88.00, Avg Acc = 84.15% +- 0.84%
CropDiseases iteration 574/800 : Query Acc = 73.33, Avg Acc = 84.13% +- 0.84%
CropDiseases iteration 575/800 : Query Acc = 62.67, Avg Acc = 84.10% +- 0.85%
CropDiseases iteration 576/800 : Query Acc = 85.33, Avg Acc = 84.10% +- 0.84%
CropDiseases iteration 577/800 : Query Acc = 98.67, Avg Acc = 84.12% +- 0.84%
CropDiseases iteration 578/800 : Query Acc = 78.67, Avg Acc = 84.12% +- 0.84%
CropDiseases iteration 579/800 : Query Acc = 69.33, Avg Acc = 84.09% +- 0.84%
CropDiseases iteration 580/800 : Query Acc = 93.33, Avg Acc = 84.11% +- 0.84%
CropDiseases iteration 581/800 : Query Acc = 70.67, Avg Acc = 84.08% +- 0.84%
CropDiseases iteration 582/800 : Query Acc = 88.00, Avg Acc = 84.09% +- 0.84%
CropDiseases iteration 583/800 : Query Acc = 86.67, Avg Acc = 84.09% +- 0.84%
CropDiseases iteration 584/800 : Query Acc = 65.33, Avg Acc = 84.06% +- 0.84%
CropDiseases iteration 585/800 : Query Acc = 78.67, Avg Acc = 84.05% +- 0.84%
CropDiseases iteration 586/800 : Query Acc = 86.67, Avg Acc = 84.06% +- 0.84%
CropDiseases iteration 587/800 : Query Acc = 90.67, Avg Acc = 84.07% +- 0.84%
CropDiseases iteration 588/800 : Query Acc = 89.33, Avg Acc = 84.08% +- 0.83%
CropDiseases iteration 589/800 : Query Acc = 92.00, Avg Acc = 84.09% +- 0.83%
CropDiseases iteration 590/800 : Query Acc = 72.00, Avg Acc = 84.07% +- 0.83%
CropDiseases iteration 591/800 : Query Acc = 92.00, Avg Acc = 84.08% +- 0.83%
CropDiseases iteration 592/800 : Query Acc = 93.33, Avg Acc = 84.10% +- 0.83%
CropDiseases iteration 593/800 : Query Acc = 65.33, Avg Acc = 84.07% +- 0.83%
CropDiseases iteration 594/800 : Query Acc = 78.67, Avg Acc = 84.06% +- 0.83%
CropDiseases iteration 595/800 : Query Acc = 77.33, Avg Acc = 84.05% +- 0.83%
CropDiseases iteration 596/800 : Query Acc = 72.00, Avg Acc = 84.03% +- 0.83%
CropDiseases iteration 597/800 : Query Acc = 93.33, Avg Acc = 84.04% +- 0.83%
CropDiseases iteration 598/800 : Query Acc = 82.67, Avg Acc = 84.04% +- 0.83%
CropDiseases iteration 599/800 : Query Acc = 97.33, Avg Acc = 84.06% +- 0.83%
CropDiseases iteration 600/800 : Query Acc = 88.00, Avg Acc = 84.07% +- 0.83%
CropDiseases | 600 / 800 Acc = 84.07% +- 0.83%
CropDiseases iteration 601/800 : Query Acc = 76.00, Avg Acc = 84.06% +- 0.83%
CropDiseases iteration 602/800 : Query Acc = 80.00, Avg Acc = 84.05% +- 0.82%
CropDiseases iteration 603/800 : Query Acc = 90.67, Avg Acc = 84.06% +- 0.82%
CropDiseases iteration 604/800 : Query Acc = 90.67, Avg Acc = 84.07% +- 0.82%
CropDiseases iteration 605/800 : Query Acc = 92.00, Avg Acc = 84.08% +- 0.82%
CropDiseases iteration 606/800 : Query Acc = 96.00, Avg Acc = 84.10% +- 0.82%
CropDiseases iteration 607/800 : Query Acc = 97.33, Avg Acc = 84.12% +- 0.82%
CropDiseases iteration 608/800 : Query Acc = 62.67, Avg Acc = 84.09% +- 0.82%
CropDiseases iteration 609/800 : Query Acc = 69.33, Avg Acc = 84.07% +- 0.82%
CropDiseases iteration 610/800 : Query Acc = 94.67, Avg Acc = 84.08% +- 0.82%
CropDiseases iteration 611/800 : Query Acc = 78.67, Avg Acc = 84.07% +- 0.82%
CropDiseases iteration 612/800 : Query Acc = 81.33, Avg Acc = 84.07% +- 0.82%
CropDiseases iteration 613/800 : Query Acc = 86.67, Avg Acc = 84.07% +- 0.82%
CropDiseases iteration 614/800 : Query Acc = 89.33, Avg Acc = 84.08% +- 0.82%
CropDiseases iteration 615/800 : Query Acc = 85.33, Avg Acc = 84.08% +- 0.81%
CropDiseases iteration 616/800 : Query Acc = 77.33, Avg Acc = 84.07% +- 0.81%
CropDiseases iteration 617/800 : Query Acc = 81.33, Avg Acc = 84.07% +- 0.81%
CropDiseases iteration 618/800 : Query Acc = 82.67, Avg Acc = 84.07% +- 0.81%
CropDiseases iteration 619/800 : Query Acc = 81.33, Avg Acc = 84.06% +- 0.81%
CropDiseases iteration 620/800 : Query Acc = 86.67, Avg Acc = 84.07% +- 0.81%
CropDiseases iteration 621/800 : Query Acc = 94.67, Avg Acc = 84.08% +- 0.81%
CropDiseases iteration 622/800 : Query Acc = 82.67, Avg Acc = 84.08% +- 0.81%
CropDiseases iteration 623/800 : Query Acc = 82.67, Avg Acc = 84.08% +- 0.81%
CropDiseases iteration 624/800 : Query Acc = 69.33, Avg Acc = 84.06% +- 0.81%
CropDiseases iteration 625/800 : Query Acc = 94.67, Avg Acc = 84.07% +- 0.80%
CropDiseases iteration 626/800 : Query Acc = 81.33, Avg Acc = 84.07% +- 0.80%
CropDiseases iteration 627/800 : Query Acc = 81.33, Avg Acc = 84.06% +- 0.80%
CropDiseases iteration 628/800 : Query Acc = 100.00, Avg Acc = 84.09% +- 0.80%
CropDiseases iteration 629/800 : Query Acc = 66.67, Avg Acc = 84.06% +- 0.80%
CropDiseases iteration 630/800 : Query Acc = 80.00, Avg Acc = 84.05% +- 0.80%
CropDiseases iteration 631/800 : Query Acc = 78.67, Avg Acc = 84.05% +- 0.80%
CropDiseases iteration 632/800 : Query Acc = 72.00, Avg Acc = 84.03% +- 0.80%
CropDiseases iteration 633/800 : Query Acc = 89.33, Avg Acc = 84.04% +- 0.80%
CropDiseases iteration 634/800 : Query Acc = 84.00, Avg Acc = 84.04% +- 0.80%
CropDiseases iteration 635/800 : Query Acc = 93.33, Avg Acc = 84.05% +- 0.80%
CropDiseases iteration 636/800 : Query Acc = 78.67, Avg Acc = 84.04% +- 0.80%
CropDiseases iteration 637/800 : Query Acc = 84.00, Avg Acc = 84.04% +- 0.80%
CropDiseases iteration 638/800 : Query Acc = 92.00, Avg Acc = 84.05% +- 0.79%
CropDiseases iteration 639/800 : Query Acc = 81.33, Avg Acc = 84.05% +- 0.79%
CropDiseases iteration 640/800 : Query Acc = 97.33, Avg Acc = 84.07% +- 0.79%
CropDiseases iteration 641/800 : Query Acc = 86.67, Avg Acc = 84.07% +- 0.79%
CropDiseases iteration 642/800 : Query Acc = 78.67, Avg Acc = 84.07% +- 0.79%
CropDiseases iteration 643/800 : Query Acc = 62.67, Avg Acc = 84.03% +- 0.79%
CropDiseases iteration 644/800 : Query Acc = 84.00, Avg Acc = 84.03% +- 0.79%
CropDiseases iteration 645/800 : Query Acc = 94.67, Avg Acc = 84.05% +- 0.79%
CropDiseases iteration 646/800 : Query Acc = 98.67, Avg Acc = 84.07% +- 0.79%
CropDiseases iteration 647/800 : Query Acc = 61.33, Avg Acc = 84.04% +- 0.79%
CropDiseases iteration 648/800 : Query Acc = 100.00, Avg Acc = 84.06% +- 0.79%
CropDiseases iteration 649/800 : Query Acc = 86.67, Avg Acc = 84.07% +- 0.79%
CropDiseases iteration 650/800 : Query Acc = 88.00, Avg Acc = 84.07% +- 0.79%
CropDiseases iteration 651/800 : Query Acc = 100.00, Avg Acc = 84.10% +- 0.79%
CropDiseases iteration 652/800 : Query Acc = 82.67, Avg Acc = 84.09% +- 0.79%
CropDiseases iteration 653/800 : Query Acc = 92.00, Avg Acc = 84.11% +- 0.79%
CropDiseases iteration 654/800 : Query Acc = 68.00, Avg Acc = 84.08% +- 0.79%
CropDiseases iteration 655/800 : Query Acc = 92.00, Avg Acc = 84.09% +- 0.79%
CropDiseases iteration 656/800 : Query Acc = 89.33, Avg Acc = 84.10% +- 0.79%
CropDiseases iteration 657/800 : Query Acc = 85.33, Avg Acc = 84.10% +- 0.79%
CropDiseases iteration 658/800 : Query Acc = 82.67, Avg Acc = 84.10% +- 0.78%
CropDiseases iteration 659/800 : Query Acc = 93.33, Avg Acc = 84.12% +- 0.78%
CropDiseases iteration 660/800 : Query Acc = 90.67, Avg Acc = 84.13% +- 0.78%
CropDiseases iteration 661/800 : Query Acc = 88.00, Avg Acc = 84.13% +- 0.78%
CropDiseases iteration 662/800 : Query Acc = 86.67, Avg Acc = 84.13% +- 0.78%
CropDiseases iteration 663/800 : Query Acc = 93.33, Avg Acc = 84.15% +- 0.78%
CropDiseases iteration 664/800 : Query Acc = 92.00, Avg Acc = 84.16% +- 0.78%
CropDiseases iteration 665/800 : Query Acc = 61.33, Avg Acc = 84.13% +- 0.78%
CropDiseases iteration 666/800 : Query Acc = 81.33, Avg Acc = 84.12% +- 0.78%
CropDiseases iteration 667/800 : Query Acc = 96.00, Avg Acc = 84.14% +- 0.78%
CropDiseases iteration 668/800 : Query Acc = 85.33, Avg Acc = 84.14% +- 0.78%
CropDiseases iteration 669/800 : Query Acc = 97.33, Avg Acc = 84.16% +- 0.78%
CropDiseases iteration 670/800 : Query Acc = 89.33, Avg Acc = 84.17% +- 0.78%
CropDiseases iteration 671/800 : Query Acc = 76.00, Avg Acc = 84.16% +- 0.78%
CropDiseases iteration 672/800 : Query Acc = 96.00, Avg Acc = 84.17% +- 0.78%
CropDiseases iteration 673/800 : Query Acc = 94.67, Avg Acc = 84.19% +- 0.77%
CropDiseases iteration 674/800 : Query Acc = 73.33, Avg Acc = 84.17% +- 0.77%
CropDiseases iteration 675/800 : Query Acc = 86.67, Avg Acc = 84.18% +- 0.77%
CropDiseases iteration 676/800 : Query Acc = 77.33, Avg Acc = 84.17% +- 0.77%
CropDiseases iteration 677/800 : Query Acc = 70.67, Avg Acc = 84.15% +- 0.77%
CropDiseases iteration 678/800 : Query Acc = 93.33, Avg Acc = 84.16% +- 0.77%
CropDiseases iteration 679/800 : Query Acc = 80.00, Avg Acc = 84.15% +- 0.77%
CropDiseases iteration 680/800 : Query Acc = 61.33, Avg Acc = 84.12% +- 0.77%
CropDiseases iteration 681/800 : Query Acc = 60.00, Avg Acc = 84.09% +- 0.77%
CropDiseases iteration 682/800 : Query Acc = 80.00, Avg Acc = 84.08% +- 0.77%
CropDiseases iteration 683/800 : Query Acc = 82.67, Avg Acc = 84.08% +- 0.77%
CropDiseases iteration 684/800 : Query Acc = 77.33, Avg Acc = 84.07% +- 0.77%
CropDiseases iteration 685/800 : Query Acc = 74.67, Avg Acc = 84.05% +- 0.77%
CropDiseases iteration 686/800 : Query Acc = 76.00, Avg Acc = 84.04% +- 0.77%
CropDiseases iteration 687/800 : Query Acc = 86.67, Avg Acc = 84.05% +- 0.77%
CropDiseases iteration 688/800 : Query Acc = 98.67, Avg Acc = 84.07% +- 0.77%
CropDiseases iteration 689/800 : Query Acc = 80.00, Avg Acc = 84.06% +- 0.77%
CropDiseases iteration 690/800 : Query Acc = 88.00, Avg Acc = 84.07% +- 0.77%
CropDiseases iteration 691/800 : Query Acc = 85.33, Avg Acc = 84.07% +- 0.77%
CropDiseases iteration 692/800 : Query Acc = 81.33, Avg Acc = 84.07% +- 0.76%
CropDiseases iteration 693/800 : Query Acc = 78.67, Avg Acc = 84.06% +- 0.76%
CropDiseases iteration 694/800 : Query Acc = 73.33, Avg Acc = 84.04% +- 0.76%
CropDiseases iteration 695/800 : Query Acc = 81.33, Avg Acc = 84.04% +- 0.76%
CropDiseases iteration 696/800 : Query Acc = 81.33, Avg Acc = 84.03% +- 0.76%
CropDiseases iteration 697/800 : Query Acc = 86.67, Avg Acc = 84.04% +- 0.76%
CropDiseases iteration 698/800 : Query Acc = 80.00, Avg Acc = 84.03% +- 0.76%
CropDiseases iteration 699/800 : Query Acc = 80.00, Avg Acc = 84.03% +- 0.76%
CropDiseases iteration 700/800 : Query Acc = 94.67, Avg Acc = 84.04% +- 0.76%
CropDiseases | 700 / 800 Acc = 84.04% +- 0.76%
CropDiseases iteration 701/800 : Query Acc = 86.67, Avg Acc = 84.05% +- 0.76%
CropDiseases iteration 702/800 : Query Acc = 84.00, Avg Acc = 84.05% +- 0.76%
CropDiseases iteration 703/800 : Query Acc = 92.00, Avg Acc = 84.06% +- 0.75%
CropDiseases iteration 704/800 : Query Acc = 69.33, Avg Acc = 84.04% +- 0.75%
CropDiseases iteration 705/800 : Query Acc = 92.00, Avg Acc = 84.05% +- 0.75%
CropDiseases iteration 706/800 : Query Acc = 97.33, Avg Acc = 84.07% +- 0.75%
CropDiseases iteration 707/800 : Query Acc = 97.33, Avg Acc = 84.08% +- 0.75%
CropDiseases iteration 708/800 : Query Acc = 64.00, Avg Acc = 84.06% +- 0.75%
CropDiseases iteration 709/800 : Query Acc = 72.00, Avg Acc = 84.04% +- 0.75%
CropDiseases iteration 710/800 : Query Acc = 68.00, Avg Acc = 84.02% +- 0.75%
CropDiseases iteration 711/800 : Query Acc = 73.33, Avg Acc = 84.00% +- 0.75%
CropDiseases iteration 712/800 : Query Acc = 100.00, Avg Acc = 84.02% +- 0.75%
CropDiseases iteration 713/800 : Query Acc = 89.33, Avg Acc = 84.03% +- 0.75%
CropDiseases iteration 714/800 : Query Acc = 84.00, Avg Acc = 84.03% +- 0.75%
CropDiseases iteration 715/800 : Query Acc = 86.67, Avg Acc = 84.04% +- 0.75%
CropDiseases iteration 716/800 : Query Acc = 85.33, Avg Acc = 84.04% +- 0.75%
CropDiseases iteration 717/800 : Query Acc = 85.33, Avg Acc = 84.04% +- 0.75%
CropDiseases iteration 718/800 : Query Acc = 96.00, Avg Acc = 84.06% +- 0.75%
CropDiseases iteration 719/800 : Query Acc = 90.67, Avg Acc = 84.06% +- 0.75%
CropDiseases iteration 720/800 : Query Acc = 97.33, Avg Acc = 84.08% +- 0.75%
CropDiseases iteration 721/800 : Query Acc = 68.00, Avg Acc = 84.06% +- 0.75%
CropDiseases iteration 722/800 : Query Acc = 72.00, Avg Acc = 84.04% +- 0.75%
CropDiseases iteration 723/800 : Query Acc = 90.67, Avg Acc = 84.05% +- 0.75%
CropDiseases iteration 724/800 : Query Acc = 84.00, Avg Acc = 84.05% +- 0.75%
CropDiseases iteration 725/800 : Query Acc = 82.67, Avg Acc = 84.05% +- 0.74%
CropDiseases iteration 726/800 : Query Acc = 85.33, Avg Acc = 84.05% +- 0.74%
CropDiseases iteration 727/800 : Query Acc = 94.67, Avg Acc = 84.07% +- 0.74%
CropDiseases iteration 728/800 : Query Acc = 78.67, Avg Acc = 84.06% +- 0.74%
CropDiseases iteration 729/800 : Query Acc = 98.67, Avg Acc = 84.08% +- 0.74%
CropDiseases iteration 730/800 : Query Acc = 53.33, Avg Acc = 84.04% +- 0.75%
CropDiseases iteration 731/800 : Query Acc = 97.33, Avg Acc = 84.06% +- 0.75%
CropDiseases iteration 732/800 : Query Acc = 86.67, Avg Acc = 84.06% +- 0.74%
CropDiseases iteration 733/800 : Query Acc = 93.33, Avg Acc = 84.07% +- 0.74%
CropDiseases iteration 734/800 : Query Acc = 93.33, Avg Acc = 84.09% +- 0.74%
CropDiseases iteration 735/800 : Query Acc = 62.67, Avg Acc = 84.06% +- 0.74%
CropDiseases iteration 736/800 : Query Acc = 96.00, Avg Acc = 84.07% +- 0.74%
CropDiseases iteration 737/800 : Query Acc = 85.33, Avg Acc = 84.07% +- 0.74%
CropDiseases iteration 738/800 : Query Acc = 86.67, Avg Acc = 84.08% +- 0.74%
CropDiseases iteration 739/800 : Query Acc = 94.67, Avg Acc = 84.09% +- 0.74%
CropDiseases iteration 740/800 : Query Acc = 84.00, Avg Acc = 84.09% +- 0.74%
CropDiseases iteration 741/800 : Query Acc = 94.67, Avg Acc = 84.11% +- 0.74%
CropDiseases iteration 742/800 : Query Acc = 86.67, Avg Acc = 84.11% +- 0.74%
CropDiseases iteration 743/800 : Query Acc = 92.00, Avg Acc = 84.12% +- 0.74%
CropDiseases iteration 744/800 : Query Acc = 73.33, Avg Acc = 84.11% +- 0.74%
CropDiseases iteration 745/800 : Query Acc = 85.33, Avg Acc = 84.11% +- 0.74%
CropDiseases iteration 746/800 : Query Acc = 97.33, Avg Acc = 84.12% +- 0.74%
CropDiseases iteration 747/800 : Query Acc = 98.67, Avg Acc = 84.14% +- 0.74%
CropDiseases iteration 748/800 : Query Acc = 98.67, Avg Acc = 84.16% +- 0.74%
CropDiseases iteration 749/800 : Query Acc = 85.33, Avg Acc = 84.17% +- 0.74%
CropDiseases iteration 750/800 : Query Acc = 86.67, Avg Acc = 84.17% +- 0.74%
CropDiseases iteration 751/800 : Query Acc = 98.67, Avg Acc = 84.19% +- 0.74%
CropDiseases iteration 752/800 : Query Acc = 80.00, Avg Acc = 84.18% +- 0.73%
CropDiseases iteration 753/800 : Query Acc = 84.00, Avg Acc = 84.18% +- 0.73%
CropDiseases iteration 754/800 : Query Acc = 77.33, Avg Acc = 84.17% +- 0.73%
CropDiseases iteration 755/800 : Query Acc = 78.67, Avg Acc = 84.17% +- 0.73%
CropDiseases iteration 756/800 : Query Acc = 97.33, Avg Acc = 84.18% +- 0.73%
CropDiseases iteration 757/800 : Query Acc = 80.00, Avg Acc = 84.18% +- 0.73%
CropDiseases iteration 758/800 : Query Acc = 90.67, Avg Acc = 84.19% +- 0.73%
CropDiseases iteration 759/800 : Query Acc = 74.67, Avg Acc = 84.17% +- 0.73%
CropDiseases iteration 760/800 : Query Acc = 94.67, Avg Acc = 84.19% +- 0.73%
CropDiseases iteration 761/800 : Query Acc = 85.33, Avg Acc = 84.19% +- 0.73%
CropDiseases iteration 762/800 : Query Acc = 100.00, Avg Acc = 84.21% +- 0.73%
CropDiseases iteration 763/800 : Query Acc = 94.67, Avg Acc = 84.22% +- 0.73%
CropDiseases iteration 764/800 : Query Acc = 86.67, Avg Acc = 84.23% +- 0.73%
CropDiseases iteration 765/800 : Query Acc = 74.67, Avg Acc = 84.21% +- 0.73%
CropDiseases iteration 766/800 : Query Acc = 64.00, Avg Acc = 84.19% +- 0.73%
CropDiseases iteration 767/800 : Query Acc = 88.00, Avg Acc = 84.19% +- 0.73%
CropDiseases iteration 768/800 : Query Acc = 72.00, Avg Acc = 84.18% +- 0.73%
CropDiseases iteration 769/800 : Query Acc = 85.33, Avg Acc = 84.18% +- 0.72%
CropDiseases iteration 770/800 : Query Acc = 93.33, Avg Acc = 84.19% +- 0.72%
CropDiseases iteration 771/800 : Query Acc = 84.00, Avg Acc = 84.19% +- 0.72%
CropDiseases iteration 772/800 : Query Acc = 76.00, Avg Acc = 84.18% +- 0.72%
CropDiseases iteration 773/800 : Query Acc = 84.00, Avg Acc = 84.18% +- 0.72%
CropDiseases iteration 774/800 : Query Acc = 78.67, Avg Acc = 84.17% +- 0.72%
CropDiseases iteration 775/800 : Query Acc = 93.33, Avg Acc = 84.18% +- 0.72%
CropDiseases iteration 776/800 : Query Acc = 92.00, Avg Acc = 84.19% +- 0.72%
CropDiseases iteration 777/800 : Query Acc = 77.33, Avg Acc = 84.19% +- 0.72%
CropDiseases iteration 778/800 : Query Acc = 93.33, Avg Acc = 84.20% +- 0.72%
CropDiseases iteration 779/800 : Query Acc = 62.67, Avg Acc = 84.17% +- 0.72%
CropDiseases iteration 780/800 : Query Acc = 77.33, Avg Acc = 84.16% +- 0.72%
CropDiseases iteration 781/800 : Query Acc = 86.67, Avg Acc = 84.16% +- 0.72%
CropDiseases iteration 782/800 : Query Acc = 96.00, Avg Acc = 84.18% +- 0.72%
CropDiseases iteration 783/800 : Query Acc = 68.00, Avg Acc = 84.16% +- 0.72%
CropDiseases iteration 784/800 : Query Acc = 98.67, Avg Acc = 84.18% +- 0.72%
CropDiseases iteration 785/800 : Query Acc = 85.33, Avg Acc = 84.18% +- 0.72%
CropDiseases iteration 786/800 : Query Acc = 94.67, Avg Acc = 84.19% +- 0.72%
CropDiseases iteration 787/800 : Query Acc = 56.00, Avg Acc = 84.16% +- 0.72%
CropDiseases iteration 788/800 : Query Acc = 81.33, Avg Acc = 84.15% +- 0.72%
CropDiseases iteration 789/800 : Query Acc = 89.33, Avg Acc = 84.16% +- 0.72%
CropDiseases iteration 790/800 : Query Acc = 92.00, Avg Acc = 84.17% +- 0.72%
CropDiseases iteration 791/800 : Query Acc = 65.33, Avg Acc = 84.14% +- 0.72%
CropDiseases iteration 792/800 : Query Acc = 90.67, Avg Acc = 84.15% +- 0.72%
CropDiseases iteration 793/800 : Query Acc = 82.67, Avg Acc = 84.15% +- 0.72%
CropDiseases iteration 794/800 : Query Acc = 80.00, Avg Acc = 84.15% +- 0.72%
CropDiseases iteration 795/800 : Query Acc = 94.67, Avg Acc = 84.16% +- 0.71%
CropDiseases iteration 796/800 : Query Acc = 89.33, Avg Acc = 84.17% +- 0.71%
CropDiseases iteration 797/800 : Query Acc = 97.33, Avg Acc = 84.18% +- 0.71%
CropDiseases iteration 798/800 : Query Acc = 86.67, Avg Acc = 84.19% +- 0.71%
CropDiseases iteration 799/800 : Query Acc = 76.00, Avg Acc = 84.17% +- 0.71%
Crop 800 Test Acc = 84.17% +- 0.71%
全部完成 2026-10-04 21:56:32
800 個 episode  /home/ccoliu/atha_dumps/CropDiseases_1shot_seed1
baseline（inductive，模型輸出）：84.18

設定（初始化:gamma）              準確率         − baseline（配對）
model2:0.002             89.38     +5.21 ± 0.34 *

* = 配對 CI 不含 0
>>> [ATHA dump] ChestX 1-shot aug=1 seed=1 n=800  2026-10-04 21:58:28
set seed = 1
FineTune! 1 shots on ChestX dataset
ChestX iteration 0/800 : Query Acc = 34.67, Avg Acc = 34.67% +- 0.00%
ChestX | 0 / 800 Acc = 34.67% +- 0.00%
ChestX iteration 1/800 : Query Acc = 22.67, Avg Acc = 28.67% +- 8.32%
ChestX iteration 2/800 : Query Acc = 26.67, Avg Acc = 28.00% +- 5.65%
ChestX iteration 3/800 : Query Acc = 22.67, Avg Acc = 26.67% +- 4.80%
ChestX iteration 4/800 : Query Acc = 25.33, Avg Acc = 26.40% +- 3.87%
ChestX iteration 5/800 : Query Acc = 14.67, Avg Acc = 24.44% +- 4.76%
ChestX iteration 6/800 : Query Acc = 20.00, Avg Acc = 23.81% +- 4.24%
ChestX iteration 7/800 : Query Acc = 25.33, Avg Acc = 24.00% +- 3.72%
ChestX iteration 8/800 : Query Acc = 18.67, Avg Acc = 23.41% +- 3.49%
ChestX iteration 9/800 : Query Acc = 13.33, Avg Acc = 22.40% +- 3.65%
ChestX iteration 10/800 : Query Acc = 25.33, Avg Acc = 22.67% +- 3.36%
ChestX iteration 11/800 : Query Acc = 13.33, Avg Acc = 21.89% +- 3.41%
ChestX iteration 12/800 : Query Acc = 18.67, Avg Acc = 21.64% +- 3.18%
ChestX iteration 13/800 : Query Acc = 16.00, Avg Acc = 21.24% +- 3.05%
ChestX iteration 14/800 : Query Acc = 22.67, Avg Acc = 21.33% +- 2.85%
ChestX iteration 15/800 : Query Acc = 21.33, Avg Acc = 21.33% +- 2.67%
ChestX iteration 16/800 : Query Acc = 16.00, Avg Acc = 21.02% +- 2.59%
ChestX iteration 17/800 : Query Acc = 17.33, Avg Acc = 20.81% +- 2.47%
ChestX iteration 18/800 : Query Acc = 22.67, Avg Acc = 20.91% +- 2.35%
ChestX iteration 19/800 : Query Acc = 20.00, Avg Acc = 20.87% +- 2.23%
ChestX iteration 20/800 : Query Acc = 22.67, Avg Acc = 20.95% +- 2.13%
ChestX iteration 21/800 : Query Acc = 24.00, Avg Acc = 21.09% +- 2.05%
ChestX iteration 22/800 : Query Acc = 18.67, Avg Acc = 20.99% +- 1.98%
ChestX iteration 23/800 : Query Acc = 28.00, Avg Acc = 21.28% +- 1.97%
ChestX iteration 24/800 : Query Acc = 21.33, Avg Acc = 21.28% +- 1.90%
ChestX iteration 25/800 : Query Acc = 21.33, Avg Acc = 21.28% +- 1.82%
ChestX iteration 26/800 : Query Acc = 21.33, Avg Acc = 21.28% +- 1.76%
ChestX iteration 27/800 : Query Acc = 25.33, Avg Acc = 21.43% +- 1.72%
ChestX iteration 28/800 : Query Acc = 28.00, Avg Acc = 21.66% +- 1.71%
ChestX iteration 29/800 : Query Acc = 16.00, Avg Acc = 21.47% +- 1.70%
ChestX iteration 30/800 : Query Acc = 17.33, Avg Acc = 21.33% +- 1.66%
ChestX iteration 31/800 : Query Acc = 32.00, Avg Acc = 21.67% +- 1.73%
ChestX iteration 32/800 : Query Acc = 18.67, Avg Acc = 21.58% +- 1.69%
ChestX iteration 33/800 : Query Acc = 20.00, Avg Acc = 21.53% +- 1.64%
ChestX iteration 34/800 : Query Acc = 17.33, Avg Acc = 21.41% +- 1.61%
ChestX iteration 35/800 : Query Acc = 24.00, Avg Acc = 21.48% +- 1.57%
ChestX iteration 36/800 : Query Acc = 14.67, Avg Acc = 21.30% +- 1.57%
ChestX iteration 37/800 : Query Acc = 18.67, Avg Acc = 21.23% +- 1.54%
ChestX iteration 38/800 : Query Acc = 25.33, Avg Acc = 21.33% +- 1.51%
ChestX iteration 39/800 : Query Acc = 24.00, Avg Acc = 21.40% +- 1.48%
ChestX iteration 40/800 : Query Acc = 13.33, Avg Acc = 21.20% +- 1.49%
ChestX iteration 41/800 : Query Acc = 33.33, Avg Acc = 21.49% +- 1.56%
ChestX iteration 42/800 : Query Acc = 25.33, Avg Acc = 21.58% +- 1.53%
ChestX iteration 43/800 : Query Acc = 21.33, Avg Acc = 21.58% +- 1.50%
ChestX iteration 44/800 : Query Acc = 22.67, Avg Acc = 21.60% +- 1.47%
ChestX iteration 45/800 : Query Acc = 16.00, Avg Acc = 21.48% +- 1.45%
ChestX iteration 46/800 : Query Acc = 26.67, Avg Acc = 21.59% +- 1.44%
ChestX iteration 47/800 : Query Acc = 28.00, Avg Acc = 21.72% +- 1.43%
ChestX iteration 48/800 : Query Acc = 21.33, Avg Acc = 21.71% +- 1.40%
ChestX iteration 49/800 : Query Acc = 20.00, Avg Acc = 21.68% +- 1.38%
ChestX iteration 50/800 : Query Acc = 18.67, Avg Acc = 21.62% +- 1.35%
ChestX iteration 51/800 : Query Acc = 21.33, Avg Acc = 21.62% +- 1.33%
ChestX iteration 52/800 : Query Acc = 24.00, Avg Acc = 21.66% +- 1.31%
ChestX iteration 53/800 : Query Acc = 21.33, Avg Acc = 21.65% +- 1.28%
ChestX iteration 54/800 : Query Acc = 24.00, Avg Acc = 21.70% +- 1.26%
ChestX iteration 55/800 : Query Acc = 14.67, Avg Acc = 21.57% +- 1.26%
ChestX iteration 56/800 : Query Acc = 18.67, Avg Acc = 21.52% +- 1.24%
ChestX iteration 57/800 : Query Acc = 17.33, Avg Acc = 21.45% +- 1.23%
ChestX iteration 58/800 : Query Acc = 25.33, Avg Acc = 21.51% +- 1.22%
ChestX iteration 59/800 : Query Acc = 20.00, Avg Acc = 21.49% +- 1.20%
ChestX iteration 60/800 : Query Acc = 18.67, Avg Acc = 21.44% +- 1.18%
ChestX iteration 61/800 : Query Acc = 14.67, Avg Acc = 21.33% +- 1.18%
ChestX iteration 62/800 : Query Acc = 18.67, Avg Acc = 21.29% +- 1.17%
ChestX iteration 63/800 : Query Acc = 9.33, Avg Acc = 21.10% +- 1.20%
ChestX iteration 64/800 : Query Acc = 22.67, Avg Acc = 21.13% +- 1.19%
ChestX iteration 65/800 : Query Acc = 18.67, Avg Acc = 21.09% +- 1.17%
ChestX iteration 66/800 : Query Acc = 16.00, Avg Acc = 21.01% +- 1.16%
ChestX iteration 67/800 : Query Acc = 22.67, Avg Acc = 21.04% +- 1.15%
ChestX iteration 68/800 : Query Acc = 25.33, Avg Acc = 21.10% +- 1.14%
ChestX iteration 69/800 : Query Acc = 22.67, Avg Acc = 21.12% +- 1.12%
ChestX iteration 70/800 : Query Acc = 22.67, Avg Acc = 21.15% +- 1.11%
ChestX iteration 71/800 : Query Acc = 21.33, Avg Acc = 21.15% +- 1.09%
ChestX iteration 72/800 : Query Acc = 20.00, Avg Acc = 21.13% +- 1.08%
ChestX iteration 73/800 : Query Acc = 30.67, Avg Acc = 21.26% +- 1.09%
ChestX iteration 74/800 : Query Acc = 20.00, Avg Acc = 21.24% +- 1.08%
ChestX iteration 75/800 : Query Acc = 20.00, Avg Acc = 21.23% +- 1.06%
ChestX iteration 76/800 : Query Acc = 16.00, Avg Acc = 21.16% +- 1.06%
ChestX iteration 77/800 : Query Acc = 18.67, Avg Acc = 21.13% +- 1.05%
ChestX iteration 78/800 : Query Acc = 24.00, Avg Acc = 21.16% +- 1.03%
ChestX iteration 79/800 : Query Acc = 21.33, Avg Acc = 21.17% +- 1.02%
ChestX iteration 80/800 : Query Acc = 26.67, Avg Acc = 21.23% +- 1.02%
ChestX iteration 81/800 : Query Acc = 18.67, Avg Acc = 21.20% +- 1.01%
ChestX iteration 82/800 : Query Acc = 26.67, Avg Acc = 21.27% +- 1.00%
ChestX iteration 83/800 : Query Acc = 30.67, Avg Acc = 21.38% +- 1.02%
ChestX iteration 84/800 : Query Acc = 18.67, Avg Acc = 21.35% +- 1.01%
ChestX iteration 85/800 : Query Acc = 24.00, Avg Acc = 21.38% +- 1.00%
ChestX iteration 86/800 : Query Acc = 18.67, Avg Acc = 21.35% +- 0.99%
ChestX iteration 87/800 : Query Acc = 22.67, Avg Acc = 21.36% +- 0.98%
ChestX iteration 88/800 : Query Acc = 22.67, Avg Acc = 21.38% +- 0.96%
ChestX iteration 89/800 : Query Acc = 25.33, Avg Acc = 21.42% +- 0.96%
ChestX iteration 90/800 : Query Acc = 26.67, Avg Acc = 21.48% +- 0.95%
ChestX iteration 91/800 : Query Acc = 22.67, Avg Acc = 21.49% +- 0.94%
ChestX iteration 92/800 : Query Acc = 21.33, Avg Acc = 21.49% +- 0.93%
ChestX iteration 93/800 : Query Acc = 22.67, Avg Acc = 21.50% +- 0.92%
ChestX iteration 94/800 : Query Acc = 21.33, Avg Acc = 21.50% +- 0.91%
ChestX iteration 95/800 : Query Acc = 16.00, Avg Acc = 21.44% +- 0.91%
ChestX iteration 96/800 : Query Acc = 28.00, Avg Acc = 21.51% +- 0.91%
ChestX iteration 97/800 : Query Acc = 21.33, Avg Acc = 21.51% +- 0.90%
ChestX iteration 98/800 : Query Acc = 24.00, Avg Acc = 21.54% +- 0.89%
ChestX iteration 99/800 : Query Acc = 21.33, Avg Acc = 21.53% +- 0.89%
ChestX iteration 100/800 : Query Acc = 17.33, Avg Acc = 21.49% +- 0.88%
ChestX | 100 / 800 Acc = 21.49% +- 0.88%
ChestX iteration 101/800 : Query Acc = 21.33, Avg Acc = 21.49% +- 0.87%
ChestX iteration 102/800 : Query Acc = 26.67, Avg Acc = 21.54% +- 0.87%
ChestX iteration 103/800 : Query Acc = 22.67, Avg Acc = 21.55% +- 0.86%
ChestX iteration 104/800 : Query Acc = 22.67, Avg Acc = 21.56% +- 0.85%
ChestX iteration 105/800 : Query Acc = 13.33, Avg Acc = 21.48% +- 0.86%
ChestX iteration 106/800 : Query Acc = 21.33, Avg Acc = 21.48% +- 0.85%
ChestX iteration 107/800 : Query Acc = 21.33, Avg Acc = 21.48% +- 0.84%
ChestX iteration 108/800 : Query Acc = 24.00, Avg Acc = 21.50% +- 0.84%
ChestX iteration 109/800 : Query Acc = 20.00, Avg Acc = 21.49% +- 0.83%
ChestX iteration 110/800 : Query Acc = 20.00, Avg Acc = 21.48% +- 0.82%
ChestX iteration 111/800 : Query Acc = 21.33, Avg Acc = 21.48% +- 0.81%
ChestX iteration 112/800 : Query Acc = 30.67, Avg Acc = 21.56% +- 0.82%
ChestX iteration 113/800 : Query Acc = 18.67, Avg Acc = 21.53% +- 0.82%
ChestX iteration 114/800 : Query Acc = 18.67, Avg Acc = 21.51% +- 0.81%
ChestX iteration 115/800 : Query Acc = 25.33, Avg Acc = 21.54% +- 0.81%
ChestX iteration 116/800 : Query Acc = 21.33, Avg Acc = 21.54% +- 0.80%
ChestX iteration 117/800 : Query Acc = 20.00, Avg Acc = 21.53% +- 0.79%
ChestX iteration 118/800 : Query Acc = 18.67, Avg Acc = 21.50% +- 0.79%
ChestX iteration 119/800 : Query Acc = 22.67, Avg Acc = 21.51% +- 0.78%
ChestX iteration 120/800 : Query Acc = 29.33, Avg Acc = 21.58% +- 0.79%
ChestX iteration 121/800 : Query Acc = 22.67, Avg Acc = 21.58% +- 0.78%
ChestX iteration 122/800 : Query Acc = 14.67, Avg Acc = 21.53% +- 0.78%
ChestX iteration 123/800 : Query Acc = 29.33, Avg Acc = 21.59% +- 0.78%
ChestX iteration 124/800 : Query Acc = 29.33, Avg Acc = 21.65% +- 0.79%
ChestX iteration 125/800 : Query Acc = 28.00, Avg Acc = 21.70% +- 0.79%
ChestX iteration 126/800 : Query Acc = 26.67, Avg Acc = 21.74% +- 0.78%
ChestX iteration 127/800 : Query Acc = 21.33, Avg Acc = 21.74% +- 0.78%
ChestX iteration 128/800 : Query Acc = 22.67, Avg Acc = 21.75% +- 0.77%
ChestX iteration 129/800 : Query Acc = 16.00, Avg Acc = 21.70% +- 0.77%
ChestX iteration 130/800 : Query Acc = 22.67, Avg Acc = 21.71% +- 0.77%
ChestX iteration 131/800 : Query Acc = 21.33, Avg Acc = 21.71% +- 0.76%
ChestX iteration 132/800 : Query Acc = 20.00, Avg Acc = 21.69% +- 0.75%
ChestX iteration 133/800 : Query Acc = 17.33, Avg Acc = 21.66% +- 0.75%
ChestX iteration 134/800 : Query Acc = 20.00, Avg Acc = 21.65% +- 0.75%
ChestX iteration 135/800 : Query Acc = 22.67, Avg Acc = 21.66% +- 0.74%
ChestX iteration 136/800 : Query Acc = 8.00, Avg Acc = 21.56% +- 0.76%
ChestX iteration 137/800 : Query Acc = 24.00, Avg Acc = 21.57% +- 0.76%
ChestX iteration 138/800 : Query Acc = 24.00, Avg Acc = 21.59% +- 0.75%
ChestX iteration 139/800 : Query Acc = 22.67, Avg Acc = 21.60% +- 0.75%
ChestX iteration 140/800 : Query Acc = 20.00, Avg Acc = 21.59% +- 0.74%
ChestX iteration 141/800 : Query Acc = 21.33, Avg Acc = 21.59% +- 0.74%
ChestX iteration 142/800 : Query Acc = 22.67, Avg Acc = 21.59% +- 0.73%
ChestX iteration 143/800 : Query Acc = 22.67, Avg Acc = 21.60% +- 0.73%
ChestX iteration 144/800 : Query Acc = 20.00, Avg Acc = 21.59% +- 0.72%
ChestX iteration 145/800 : Query Acc = 22.67, Avg Acc = 21.60% +- 0.72%
ChestX iteration 146/800 : Query Acc = 28.00, Avg Acc = 21.64% +- 0.72%
ChestX iteration 147/800 : Query Acc = 28.00, Avg Acc = 21.68% +- 0.72%
ChestX iteration 148/800 : Query Acc = 25.33, Avg Acc = 21.71% +- 0.71%
ChestX iteration 149/800 : Query Acc = 24.00, Avg Acc = 21.72% +- 0.71%
ChestX iteration 150/800 : Query Acc = 21.33, Avg Acc = 21.72% +- 0.71%
ChestX iteration 151/800 : Query Acc = 17.33, Avg Acc = 21.69% +- 0.70%
ChestX iteration 152/800 : Query Acc = 30.67, Avg Acc = 21.75% +- 0.71%
ChestX iteration 153/800 : Query Acc = 17.33, Avg Acc = 21.72% +- 0.71%
ChestX iteration 154/800 : Query Acc = 13.33, Avg Acc = 21.67% +- 0.71%
ChestX iteration 155/800 : Query Acc = 28.00, Avg Acc = 21.71% +- 0.71%
ChestX iteration 156/800 : Query Acc = 24.00, Avg Acc = 21.72% +- 0.70%
ChestX iteration 157/800 : Query Acc = 22.67, Avg Acc = 21.73% +- 0.70%
ChestX iteration 158/800 : Query Acc = 24.00, Avg Acc = 21.74% +- 0.70%
ChestX iteration 159/800 : Query Acc = 20.00, Avg Acc = 21.73% +- 0.69%
ChestX iteration 160/800 : Query Acc = 25.33, Avg Acc = 21.76% +- 0.69%
ChestX iteration 161/800 : Query Acc = 20.00, Avg Acc = 21.74% +- 0.69%
ChestX iteration 162/800 : Query Acc = 21.33, Avg Acc = 21.74% +- 0.68%
ChestX iteration 163/800 : Query Acc = 26.67, Avg Acc = 21.77% +- 0.68%
ChestX iteration 164/800 : Query Acc = 20.00, Avg Acc = 21.76% +- 0.68%
ChestX iteration 165/800 : Query Acc = 20.00, Avg Acc = 21.75% +- 0.67%
ChestX iteration 166/800 : Query Acc = 13.33, Avg Acc = 21.70% +- 0.68%
ChestX iteration 167/800 : Query Acc = 25.33, Avg Acc = 21.72% +- 0.67%
ChestX iteration 168/800 : Query Acc = 20.00, Avg Acc = 21.71% +- 0.67%
ChestX iteration 169/800 : Query Acc = 30.67, Avg Acc = 21.76% +- 0.67%
ChestX iteration 170/800 : Query Acc = 29.33, Avg Acc = 21.81% +- 0.67%
ChestX iteration 171/800 : Query Acc = 18.67, Avg Acc = 21.79% +- 0.67%
ChestX iteration 172/800 : Query Acc = 13.33, Avg Acc = 21.74% +- 0.67%
ChestX iteration 173/800 : Query Acc = 24.00, Avg Acc = 21.75% +- 0.67%
ChestX iteration 174/800 : Query Acc = 24.00, Avg Acc = 21.77% +- 0.67%
ChestX iteration 175/800 : Query Acc = 18.67, Avg Acc = 21.75% +- 0.67%
ChestX iteration 176/800 : Query Acc = 16.00, Avg Acc = 21.72% +- 0.66%
ChestX iteration 177/800 : Query Acc = 20.00, Avg Acc = 21.71% +- 0.66%
ChestX iteration 178/800 : Query Acc = 16.00, Avg Acc = 21.68% +- 0.66%
ChestX iteration 179/800 : Query Acc = 16.00, Avg Acc = 21.64% +- 0.66%
ChestX iteration 180/800 : Query Acc = 12.00, Avg Acc = 21.59% +- 0.66%
ChestX iteration 181/800 : Query Acc = 24.00, Avg Acc = 21.60% +- 0.66%
ChestX iteration 182/800 : Query Acc = 20.00, Avg Acc = 21.60% +- 0.66%
ChestX iteration 183/800 : Query Acc = 26.67, Avg Acc = 21.62% +- 0.66%
ChestX iteration 184/800 : Query Acc = 24.00, Avg Acc = 21.64% +- 0.65%
ChestX iteration 185/800 : Query Acc = 10.67, Avg Acc = 21.58% +- 0.66%
ChestX iteration 186/800 : Query Acc = 17.33, Avg Acc = 21.55% +- 0.66%
ChestX iteration 187/800 : Query Acc = 17.33, Avg Acc = 21.53% +- 0.66%
ChestX iteration 188/800 : Query Acc = 21.33, Avg Acc = 21.53% +- 0.65%
ChestX iteration 189/800 : Query Acc = 14.67, Avg Acc = 21.49% +- 0.65%
ChestX iteration 190/800 : Query Acc = 21.33, Avg Acc = 21.49% +- 0.65%
ChestX iteration 191/800 : Query Acc = 22.67, Avg Acc = 21.50% +- 0.65%
ChestX iteration 192/800 : Query Acc = 12.00, Avg Acc = 21.45% +- 0.65%
ChestX iteration 193/800 : Query Acc = 26.67, Avg Acc = 21.48% +- 0.65%
ChestX iteration 194/800 : Query Acc = 22.67, Avg Acc = 21.48% +- 0.65%
ChestX iteration 195/800 : Query Acc = 30.67, Avg Acc = 21.53% +- 0.65%
ChestX iteration 196/800 : Query Acc = 24.00, Avg Acc = 21.54% +- 0.65%
ChestX iteration 197/800 : Query Acc = 17.33, Avg Acc = 21.52% +- 0.64%
ChestX iteration 198/800 : Query Acc = 26.67, Avg Acc = 21.55% +- 0.64%
ChestX iteration 199/800 : Query Acc = 29.33, Avg Acc = 21.59% +- 0.64%
ChestX iteration 200/800 : Query Acc = 20.00, Avg Acc = 21.58% +- 0.64%
ChestX | 200 / 800 Acc = 21.58% +- 0.64%
ChestX iteration 201/800 : Query Acc = 21.33, Avg Acc = 21.58% +- 0.64%
ChestX iteration 202/800 : Query Acc = 25.33, Avg Acc = 21.60% +- 0.64%
ChestX iteration 203/800 : Query Acc = 22.67, Avg Acc = 21.60% +- 0.63%
ChestX iteration 204/800 : Query Acc = 24.00, Avg Acc = 21.61% +- 0.63%
ChestX iteration 205/800 : Query Acc = 18.67, Avg Acc = 21.60% +- 0.63%
ChestX iteration 206/800 : Query Acc = 24.00, Avg Acc = 21.61% +- 0.62%
ChestX iteration 207/800 : Query Acc = 13.33, Avg Acc = 21.57% +- 0.63%
ChestX iteration 208/800 : Query Acc = 25.33, Avg Acc = 21.59% +- 0.62%
ChestX iteration 209/800 : Query Acc = 21.33, Avg Acc = 21.59% +- 0.62%
ChestX iteration 210/800 : Query Acc = 22.67, Avg Acc = 21.59% +- 0.62%
ChestX iteration 211/800 : Query Acc = 22.67, Avg Acc = 21.60% +- 0.62%
ChestX iteration 212/800 : Query Acc = 21.33, Avg Acc = 21.60% +- 0.61%
ChestX iteration 213/800 : Query Acc = 17.33, Avg Acc = 21.58% +- 0.61%
ChestX iteration 214/800 : Query Acc = 28.00, Avg Acc = 21.61% +- 0.61%
ChestX iteration 215/800 : Query Acc = 13.33, Avg Acc = 21.57% +- 0.61%
ChestX iteration 216/800 : Query Acc = 25.33, Avg Acc = 21.59% +- 0.61%
ChestX iteration 217/800 : Query Acc = 18.67, Avg Acc = 21.57% +- 0.61%
ChestX iteration 218/800 : Query Acc = 18.67, Avg Acc = 21.56% +- 0.61%
ChestX iteration 219/800 : Query Acc = 28.00, Avg Acc = 21.59% +- 0.61%
ChestX iteration 220/800 : Query Acc = 25.33, Avg Acc = 21.60% +- 0.60%
ChestX iteration 221/800 : Query Acc = 24.00, Avg Acc = 21.62% +- 0.60%
ChestX iteration 222/800 : Query Acc = 30.67, Avg Acc = 21.66% +- 0.60%
ChestX iteration 223/800 : Query Acc = 22.67, Avg Acc = 21.66% +- 0.60%
ChestX iteration 224/800 : Query Acc = 20.00, Avg Acc = 21.65% +- 0.60%
ChestX iteration 225/800 : Query Acc = 24.00, Avg Acc = 21.66% +- 0.60%
ChestX iteration 226/800 : Query Acc = 17.33, Avg Acc = 21.64% +- 0.60%
ChestX iteration 227/800 : Query Acc = 29.33, Avg Acc = 21.68% +- 0.60%
ChestX iteration 228/800 : Query Acc = 20.00, Avg Acc = 21.67% +- 0.59%
ChestX iteration 229/800 : Query Acc = 24.00, Avg Acc = 21.68% +- 0.59%
ChestX iteration 230/800 : Query Acc = 13.33, Avg Acc = 21.65% +- 0.59%
ChestX iteration 231/800 : Query Acc = 18.67, Avg Acc = 21.63% +- 0.59%
ChestX iteration 232/800 : Query Acc = 17.33, Avg Acc = 21.61% +- 0.59%
ChestX iteration 233/800 : Query Acc = 22.67, Avg Acc = 21.62% +- 0.59%
ChestX iteration 234/800 : Query Acc = 21.33, Avg Acc = 21.62% +- 0.59%
ChestX iteration 235/800 : Query Acc = 24.00, Avg Acc = 21.63% +- 0.58%
ChestX iteration 236/800 : Query Acc = 16.00, Avg Acc = 21.60% +- 0.58%
ChestX iteration 237/800 : Query Acc = 22.67, Avg Acc = 21.61% +- 0.58%
ChestX iteration 238/800 : Query Acc = 14.67, Avg Acc = 21.58% +- 0.58%
ChestX iteration 239/800 : Query Acc = 28.00, Avg Acc = 21.61% +- 0.58%
ChestX iteration 240/800 : Query Acc = 18.67, Avg Acc = 21.59% +- 0.58%
ChestX iteration 241/800 : Query Acc = 25.33, Avg Acc = 21.61% +- 0.58%
ChestX iteration 242/800 : Query Acc = 17.33, Avg Acc = 21.59% +- 0.58%
ChestX iteration 243/800 : Query Acc = 26.67, Avg Acc = 21.61% +- 0.58%
ChestX iteration 244/800 : Query Acc = 18.67, Avg Acc = 21.60% +- 0.57%
ChestX iteration 245/800 : Query Acc = 22.67, Avg Acc = 21.60% +- 0.57%
ChestX iteration 246/800 : Query Acc = 17.33, Avg Acc = 21.59% +- 0.57%
ChestX iteration 247/800 : Query Acc = 20.00, Avg Acc = 21.58% +- 0.57%
ChestX iteration 248/800 : Query Acc = 28.00, Avg Acc = 21.61% +- 0.57%
ChestX iteration 249/800 : Query Acc = 20.00, Avg Acc = 21.60% +- 0.57%
ChestX iteration 250/800 : Query Acc = 21.33, Avg Acc = 21.60% +- 0.56%
ChestX iteration 251/800 : Query Acc = 24.00, Avg Acc = 21.61% +- 0.56%
ChestX iteration 252/800 : Query Acc = 24.00, Avg Acc = 21.62% +- 0.56%
ChestX iteration 253/800 : Query Acc = 12.00, Avg Acc = 21.58% +- 0.56%
ChestX iteration 254/800 : Query Acc = 24.00, Avg Acc = 21.59% +- 0.56%
ChestX iteration 255/800 : Query Acc = 24.00, Avg Acc = 21.60% +- 0.56%
ChestX iteration 256/800 : Query Acc = 17.33, Avg Acc = 21.58% +- 0.56%
ChestX iteration 257/800 : Query Acc = 25.33, Avg Acc = 21.60% +- 0.56%
ChestX iteration 258/800 : Query Acc = 22.67, Avg Acc = 21.60% +- 0.55%
ChestX iteration 259/800 : Query Acc = 28.00, Avg Acc = 21.63% +- 0.55%
ChestX iteration 260/800 : Query Acc = 26.67, Avg Acc = 21.64% +- 0.55%
ChestX iteration 261/800 : Query Acc = 13.33, Avg Acc = 21.61% +- 0.55%
ChestX iteration 262/800 : Query Acc = 25.33, Avg Acc = 21.63% +- 0.55%
ChestX iteration 263/800 : Query Acc = 25.33, Avg Acc = 21.64% +- 0.55%
ChestX iteration 264/800 : Query Acc = 26.67, Avg Acc = 21.66% +- 0.55%
ChestX iteration 265/800 : Query Acc = 17.33, Avg Acc = 21.64% +- 0.55%
ChestX iteration 266/800 : Query Acc = 16.00, Avg Acc = 21.62% +- 0.55%
ChestX iteration 267/800 : Query Acc = 16.00, Avg Acc = 21.60% +- 0.55%
ChestX iteration 268/800 : Query Acc = 25.33, Avg Acc = 21.62% +- 0.55%
ChestX iteration 269/800 : Query Acc = 22.67, Avg Acc = 21.62% +- 0.54%
ChestX iteration 270/800 : Query Acc = 18.67, Avg Acc = 21.61% +- 0.54%
ChestX iteration 271/800 : Query Acc = 12.00, Avg Acc = 21.57% +- 0.55%
ChestX iteration 272/800 : Query Acc = 21.33, Avg Acc = 21.57% +- 0.54%
ChestX iteration 273/800 : Query Acc = 24.00, Avg Acc = 21.58% +- 0.54%
ChestX iteration 274/800 : Query Acc = 24.00, Avg Acc = 21.59% +- 0.54%
ChestX iteration 275/800 : Query Acc = 24.00, Avg Acc = 21.60% +- 0.54%
ChestX iteration 276/800 : Query Acc = 21.33, Avg Acc = 21.60% +- 0.54%
ChestX iteration 277/800 : Query Acc = 22.67, Avg Acc = 21.60% +- 0.53%
ChestX iteration 278/800 : Query Acc = 30.67, Avg Acc = 21.63% +- 0.54%
ChestX iteration 279/800 : Query Acc = 18.67, Avg Acc = 21.62% +- 0.53%
ChestX iteration 280/800 : Query Acc = 29.33, Avg Acc = 21.65% +- 0.54%
ChestX iteration 281/800 : Query Acc = 25.33, Avg Acc = 21.66% +- 0.53%
ChestX iteration 282/800 : Query Acc = 18.67, Avg Acc = 21.65% +- 0.53%
ChestX iteration 283/800 : Query Acc = 22.67, Avg Acc = 21.66% +- 0.53%
ChestX iteration 284/800 : Query Acc = 22.67, Avg Acc = 21.66% +- 0.53%
ChestX iteration 285/800 : Query Acc = 21.33, Avg Acc = 21.66% +- 0.53%
ChestX iteration 286/800 : Query Acc = 21.33, Avg Acc = 21.66% +- 0.53%
ChestX iteration 287/800 : Query Acc = 25.33, Avg Acc = 21.67% +- 0.52%
ChestX iteration 288/800 : Query Acc = 26.67, Avg Acc = 21.69% +- 0.52%
ChestX iteration 289/800 : Query Acc = 24.00, Avg Acc = 21.70% +- 0.52%
ChestX iteration 290/800 : Query Acc = 32.00, Avg Acc = 21.73% +- 0.52%
ChestX iteration 291/800 : Query Acc = 21.33, Avg Acc = 21.73% +- 0.52%
ChestX iteration 292/800 : Query Acc = 24.00, Avg Acc = 21.74% +- 0.52%
ChestX iteration 293/800 : Query Acc = 20.00, Avg Acc = 21.73% +- 0.52%
ChestX iteration 294/800 : Query Acc = 20.00, Avg Acc = 21.73% +- 0.52%
ChestX iteration 295/800 : Query Acc = 17.33, Avg Acc = 21.71% +- 0.52%
ChestX iteration 296/800 : Query Acc = 21.33, Avg Acc = 21.71% +- 0.52%
ChestX iteration 297/800 : Query Acc = 21.33, Avg Acc = 21.71% +- 0.51%
ChestX iteration 298/800 : Query Acc = 28.00, Avg Acc = 21.73% +- 0.51%
ChestX iteration 299/800 : Query Acc = 24.00, Avg Acc = 21.74% +- 0.51%
ChestX iteration 300/800 : Query Acc = 28.00, Avg Acc = 21.76% +- 0.51%
ChestX | 300 / 800 Acc = 21.76% +- 0.51%
ChestX iteration 301/800 : Query Acc = 25.33, Avg Acc = 21.77% +- 0.51%
ChestX iteration 302/800 : Query Acc = 21.33, Avg Acc = 21.77% +- 0.51%
ChestX iteration 303/800 : Query Acc = 16.00, Avg Acc = 21.75% +- 0.51%
ChestX iteration 304/800 : Query Acc = 14.67, Avg Acc = 21.73% +- 0.51%
ChestX iteration 305/800 : Query Acc = 18.67, Avg Acc = 21.72% +- 0.51%
ChestX iteration 306/800 : Query Acc = 17.33, Avg Acc = 21.70% +- 0.51%
ChestX iteration 307/800 : Query Acc = 20.00, Avg Acc = 21.70% +- 0.51%
ChestX iteration 308/800 : Query Acc = 18.67, Avg Acc = 21.69% +- 0.50%
ChestX iteration 309/800 : Query Acc = 17.33, Avg Acc = 21.67% +- 0.50%
ChestX iteration 310/800 : Query Acc = 34.67, Avg Acc = 21.71% +- 0.51%
ChestX iteration 311/800 : Query Acc = 16.00, Avg Acc = 21.70% +- 0.51%
ChestX iteration 312/800 : Query Acc = 20.00, Avg Acc = 21.69% +- 0.51%
ChestX iteration 313/800 : Query Acc = 26.67, Avg Acc = 21.71% +- 0.51%
ChestX iteration 314/800 : Query Acc = 25.33, Avg Acc = 21.72% +- 0.50%
ChestX iteration 315/800 : Query Acc = 18.67, Avg Acc = 21.71% +- 0.50%
ChestX iteration 316/800 : Query Acc = 22.67, Avg Acc = 21.71% +- 0.50%
ChestX iteration 317/800 : Query Acc = 26.67, Avg Acc = 21.73% +- 0.50%
ChestX iteration 318/800 : Query Acc = 12.00, Avg Acc = 21.70% +- 0.50%
ChestX iteration 319/800 : Query Acc = 30.67, Avg Acc = 21.73% +- 0.50%
ChestX iteration 320/800 : Query Acc = 29.33, Avg Acc = 21.75% +- 0.51%
ChestX iteration 321/800 : Query Acc = 21.33, Avg Acc = 21.75% +- 0.50%
ChestX iteration 322/800 : Query Acc = 26.67, Avg Acc = 21.76% +- 0.50%
ChestX iteration 323/800 : Query Acc = 16.00, Avg Acc = 21.74% +- 0.50%
ChestX iteration 324/800 : Query Acc = 28.00, Avg Acc = 21.76% +- 0.50%
ChestX iteration 325/800 : Query Acc = 20.00, Avg Acc = 21.76% +- 0.50%
ChestX iteration 326/800 : Query Acc = 16.00, Avg Acc = 21.74% +- 0.50%
ChestX iteration 327/800 : Query Acc = 22.67, Avg Acc = 21.74% +- 0.50%
ChestX iteration 328/800 : Query Acc = 20.00, Avg Acc = 21.74% +- 0.50%
ChestX iteration 329/800 : Query Acc = 20.00, Avg Acc = 21.73% +- 0.50%
ChestX iteration 330/800 : Query Acc = 22.67, Avg Acc = 21.74% +- 0.50%
ChestX iteration 331/800 : Query Acc = 17.33, Avg Acc = 21.72% +- 0.49%
ChestX iteration 332/800 : Query Acc = 22.67, Avg Acc = 21.73% +- 0.49%
ChestX iteration 333/800 : Query Acc = 18.67, Avg Acc = 21.72% +- 0.49%
ChestX iteration 334/800 : Query Acc = 20.00, Avg Acc = 21.71% +- 0.49%
ChestX iteration 335/800 : Query Acc = 21.33, Avg Acc = 21.71% +- 0.49%
ChestX iteration 336/800 : Query Acc = 18.67, Avg Acc = 21.70% +- 0.49%
ChestX iteration 337/800 : Query Acc = 25.33, Avg Acc = 21.71% +- 0.49%
ChestX iteration 338/800 : Query Acc = 20.00, Avg Acc = 21.71% +- 0.49%
ChestX iteration 339/800 : Query Acc = 30.67, Avg Acc = 21.73% +- 0.49%
ChestX iteration 340/800 : Query Acc = 24.00, Avg Acc = 21.74% +- 0.49%
ChestX iteration 341/800 : Query Acc = 20.00, Avg Acc = 21.73% +- 0.48%
ChestX iteration 342/800 : Query Acc = 20.00, Avg Acc = 21.73% +- 0.48%
ChestX iteration 343/800 : Query Acc = 25.33, Avg Acc = 21.74% +- 0.48%
ChestX iteration 344/800 : Query Acc = 18.67, Avg Acc = 21.73% +- 0.48%
ChestX iteration 345/800 : Query Acc = 26.67, Avg Acc = 21.75% +- 0.48%
ChestX iteration 346/800 : Query Acc = 13.33, Avg Acc = 21.72% +- 0.48%
ChestX iteration 347/800 : Query Acc = 25.33, Avg Acc = 21.73% +- 0.48%
ChestX iteration 348/800 : Query Acc = 16.00, Avg Acc = 21.72% +- 0.48%
ChestX iteration 349/800 : Query Acc = 18.67, Avg Acc = 21.71% +- 0.48%
ChestX iteration 350/800 : Query Acc = 25.33, Avg Acc = 21.72% +- 0.48%
ChestX iteration 351/800 : Query Acc = 25.33, Avg Acc = 21.73% +- 0.48%
ChestX iteration 352/800 : Query Acc = 14.67, Avg Acc = 21.71% +- 0.48%
ChestX iteration 353/800 : Query Acc = 17.33, Avg Acc = 21.69% +- 0.48%
ChestX iteration 354/800 : Query Acc = 20.00, Avg Acc = 21.69% +- 0.48%
ChestX iteration 355/800 : Query Acc = 21.33, Avg Acc = 21.69% +- 0.47%
ChestX iteration 356/800 : Query Acc = 20.00, Avg Acc = 21.68% +- 0.47%
ChestX iteration 357/800 : Query Acc = 17.33, Avg Acc = 21.67% +- 0.47%
ChestX iteration 358/800 : Query Acc = 25.33, Avg Acc = 21.68% +- 0.47%
ChestX iteration 359/800 : Query Acc = 24.00, Avg Acc = 21.69% +- 0.47%
ChestX iteration 360/800 : Query Acc = 24.00, Avg Acc = 21.70% +- 0.47%
ChestX iteration 361/800 : Query Acc = 16.00, Avg Acc = 21.68% +- 0.47%
ChestX iteration 362/800 : Query Acc = 20.00, Avg Acc = 21.67% +- 0.47%
ChestX iteration 363/800 : Query Acc = 20.00, Avg Acc = 21.67% +- 0.47%
ChestX iteration 364/800 : Query Acc = 22.67, Avg Acc = 21.67% +- 0.46%
ChestX iteration 365/800 : Query Acc = 18.67, Avg Acc = 21.66% +- 0.46%
ChestX iteration 366/800 : Query Acc = 25.33, Avg Acc = 21.67% +- 0.46%
ChestX iteration 367/800 : Query Acc = 22.67, Avg Acc = 21.68% +- 0.46%
ChestX iteration 368/800 : Query Acc = 21.33, Avg Acc = 21.68% +- 0.46%
ChestX iteration 369/800 : Query Acc = 24.00, Avg Acc = 21.68% +- 0.46%
ChestX iteration 370/800 : Query Acc = 14.67, Avg Acc = 21.66% +- 0.46%
ChestX iteration 371/800 : Query Acc = 22.67, Avg Acc = 21.67% +- 0.46%
ChestX iteration 372/800 : Query Acc = 21.33, Avg Acc = 21.67% +- 0.46%
ChestX iteration 373/800 : Query Acc = 22.67, Avg Acc = 21.67% +- 0.46%
ChestX iteration 374/800 : Query Acc = 22.67, Avg Acc = 21.67% +- 0.46%
ChestX iteration 375/800 : Query Acc = 29.33, Avg Acc = 21.69% +- 0.46%
ChestX iteration 376/800 : Query Acc = 21.33, Avg Acc = 21.69% +- 0.45%
ChestX iteration 377/800 : Query Acc = 18.67, Avg Acc = 21.68% +- 0.45%
ChestX iteration 378/800 : Query Acc = 18.67, Avg Acc = 21.67% +- 0.45%
ChestX iteration 379/800 : Query Acc = 22.67, Avg Acc = 21.68% +- 0.45%
ChestX iteration 380/800 : Query Acc = 22.67, Avg Acc = 21.68% +- 0.45%
ChestX iteration 381/800 : Query Acc = 24.00, Avg Acc = 21.69% +- 0.45%
ChestX iteration 382/800 : Query Acc = 20.00, Avg Acc = 21.68% +- 0.45%
ChestX iteration 383/800 : Query Acc = 18.67, Avg Acc = 21.67% +- 0.45%
ChestX iteration 384/800 : Query Acc = 21.33, Avg Acc = 21.67% +- 0.45%
ChestX iteration 385/800 : Query Acc = 14.67, Avg Acc = 21.65% +- 0.45%
ChestX iteration 386/800 : Query Acc = 21.33, Avg Acc = 21.65% +- 0.45%
ChestX iteration 387/800 : Query Acc = 14.67, Avg Acc = 21.64% +- 0.45%
ChestX iteration 388/800 : Query Acc = 20.00, Avg Acc = 21.63% +- 0.44%
ChestX iteration 389/800 : Query Acc = 24.00, Avg Acc = 21.64% +- 0.44%
ChestX iteration 390/800 : Query Acc = 24.00, Avg Acc = 21.64% +- 0.44%
ChestX iteration 391/800 : Query Acc = 25.33, Avg Acc = 21.65% +- 0.44%
ChestX iteration 392/800 : Query Acc = 17.33, Avg Acc = 21.64% +- 0.44%
ChestX iteration 393/800 : Query Acc = 25.33, Avg Acc = 21.65% +- 0.44%
ChestX iteration 394/800 : Query Acc = 17.33, Avg Acc = 21.64% +- 0.44%
ChestX iteration 395/800 : Query Acc = 21.33, Avg Acc = 21.64% +- 0.44%
ChestX iteration 396/800 : Query Acc = 24.00, Avg Acc = 21.65% +- 0.44%
ChestX iteration 397/800 : Query Acc = 20.00, Avg Acc = 21.64% +- 0.44%
ChestX iteration 398/800 : Query Acc = 21.33, Avg Acc = 21.64% +- 0.44%
ChestX iteration 399/800 : Query Acc = 18.67, Avg Acc = 21.63% +- 0.43%
ChestX iteration 400/800 : Query Acc = 17.33, Avg Acc = 21.62% +- 0.43%
ChestX | 400 / 800 Acc = 21.62% +- 0.43%
ChestX iteration 401/800 : Query Acc = 21.33, Avg Acc = 21.62% +- 0.43%
ChestX iteration 402/800 : Query Acc = 17.33, Avg Acc = 21.61% +- 0.43%
ChestX iteration 403/800 : Query Acc = 29.33, Avg Acc = 21.63% +- 0.43%
ChestX iteration 404/800 : Query Acc = 25.33, Avg Acc = 21.64% +- 0.43%
ChestX iteration 405/800 : Query Acc = 25.33, Avg Acc = 21.65% +- 0.43%
ChestX iteration 406/800 : Query Acc = 22.67, Avg Acc = 21.65% +- 0.43%
ChestX iteration 407/800 : Query Acc = 18.67, Avg Acc = 21.64% +- 0.43%
ChestX iteration 408/800 : Query Acc = 21.33, Avg Acc = 21.64% +- 0.43%
ChestX iteration 409/800 : Query Acc = 24.00, Avg Acc = 21.65% +- 0.43%
ChestX iteration 410/800 : Query Acc = 17.33, Avg Acc = 21.64% +- 0.43%
ChestX iteration 411/800 : Query Acc = 20.00, Avg Acc = 21.63% +- 0.43%
ChestX iteration 412/800 : Query Acc = 24.00, Avg Acc = 21.64% +- 0.43%
ChestX iteration 413/800 : Query Acc = 26.67, Avg Acc = 21.65% +- 0.43%
ChestX iteration 414/800 : Query Acc = 18.67, Avg Acc = 21.64% +- 0.42%
ChestX iteration 415/800 : Query Acc = 9.33, Avg Acc = 21.62% +- 0.43%
ChestX iteration 416/800 : Query Acc = 22.67, Avg Acc = 21.62% +- 0.43%
ChestX iteration 417/800 : Query Acc = 20.00, Avg Acc = 21.61% +- 0.43%
ChestX iteration 418/800 : Query Acc = 18.67, Avg Acc = 21.61% +- 0.42%
ChestX iteration 419/800 : Query Acc = 21.33, Avg Acc = 21.61% +- 0.42%
ChestX iteration 420/800 : Query Acc = 17.33, Avg Acc = 21.60% +- 0.42%
ChestX iteration 421/800 : Query Acc = 22.67, Avg Acc = 21.60% +- 0.42%
ChestX iteration 422/800 : Query Acc = 26.67, Avg Acc = 21.61% +- 0.42%
ChestX iteration 423/800 : Query Acc = 21.33, Avg Acc = 21.61% +- 0.42%
ChestX iteration 424/800 : Query Acc = 26.67, Avg Acc = 21.62% +- 0.42%
ChestX iteration 425/800 : Query Acc = 26.67, Avg Acc = 21.63% +- 0.42%
ChestX iteration 426/800 : Query Acc = 22.67, Avg Acc = 21.64% +- 0.42%
ChestX iteration 427/800 : Query Acc = 29.33, Avg Acc = 21.65% +- 0.42%
ChestX iteration 428/800 : Query Acc = 20.00, Avg Acc = 21.65% +- 0.42%
ChestX iteration 429/800 : Query Acc = 22.67, Avg Acc = 21.65% +- 0.42%
ChestX iteration 430/800 : Query Acc = 18.67, Avg Acc = 21.65% +- 0.42%
ChestX iteration 431/800 : Query Acc = 21.33, Avg Acc = 21.65% +- 0.42%
ChestX iteration 432/800 : Query Acc = 14.67, Avg Acc = 21.63% +- 0.42%
ChestX iteration 433/800 : Query Acc = 24.00, Avg Acc = 21.63% +- 0.42%
ChestX iteration 434/800 : Query Acc = 22.67, Avg Acc = 21.64% +- 0.41%
ChestX iteration 435/800 : Query Acc = 24.00, Avg Acc = 21.64% +- 0.41%
ChestX iteration 436/800 : Query Acc = 22.67, Avg Acc = 21.64% +- 0.41%
ChestX iteration 437/800 : Query Acc = 20.00, Avg Acc = 21.64% +- 0.41%
ChestX iteration 438/800 : Query Acc = 14.67, Avg Acc = 21.62% +- 0.41%
ChestX iteration 439/800 : Query Acc = 21.33, Avg Acc = 21.62% +- 0.41%
ChestX iteration 440/800 : Query Acc = 30.67, Avg Acc = 21.64% +- 0.41%
ChestX iteration 441/800 : Query Acc = 22.67, Avg Acc = 21.65% +- 0.41%
ChestX iteration 442/800 : Query Acc = 17.33, Avg Acc = 21.64% +- 0.41%
ChestX iteration 443/800 : Query Acc = 21.33, Avg Acc = 21.64% +- 0.41%
ChestX iteration 444/800 : Query Acc = 22.67, Avg Acc = 21.64% +- 0.41%
ChestX iteration 445/800 : Query Acc = 24.00, Avg Acc = 21.64% +- 0.41%
ChestX iteration 446/800 : Query Acc = 25.33, Avg Acc = 21.65% +- 0.41%
ChestX iteration 447/800 : Query Acc = 18.67, Avg Acc = 21.65% +- 0.41%
ChestX iteration 448/800 : Query Acc = 24.00, Avg Acc = 21.65% +- 0.41%
ChestX iteration 449/800 : Query Acc = 18.67, Avg Acc = 21.64% +- 0.41%
ChestX iteration 450/800 : Query Acc = 32.00, Avg Acc = 21.67% +- 0.41%
ChestX iteration 451/800 : Query Acc = 24.00, Avg Acc = 21.67% +- 0.41%
ChestX iteration 452/800 : Query Acc = 16.00, Avg Acc = 21.66% +- 0.41%
ChestX iteration 453/800 : Query Acc = 22.67, Avg Acc = 21.66% +- 0.41%
ChestX iteration 454/800 : Query Acc = 22.67, Avg Acc = 21.66% +- 0.40%
ChestX iteration 455/800 : Query Acc = 22.67, Avg Acc = 21.67% +- 0.40%
ChestX iteration 456/800 : Query Acc = 18.67, Avg Acc = 21.66% +- 0.40%
ChestX iteration 457/800 : Query Acc = 21.33, Avg Acc = 21.66% +- 0.40%
ChestX iteration 458/800 : Query Acc = 22.67, Avg Acc = 21.66% +- 0.40%
ChestX iteration 459/800 : Query Acc = 14.67, Avg Acc = 21.65% +- 0.40%
ChestX iteration 460/800 : Query Acc = 28.00, Avg Acc = 21.66% +- 0.40%
ChestX iteration 461/800 : Query Acc = 26.67, Avg Acc = 21.67% +- 0.40%
ChestX iteration 462/800 : Query Acc = 18.67, Avg Acc = 21.66% +- 0.40%
ChestX iteration 463/800 : Query Acc = 37.33, Avg Acc = 21.70% +- 0.40%
ChestX iteration 464/800 : Query Acc = 22.67, Avg Acc = 21.70% +- 0.40%
ChestX iteration 465/800 : Query Acc = 25.33, Avg Acc = 21.71% +- 0.40%
ChestX iteration 466/800 : Query Acc = 20.00, Avg Acc = 21.70% +- 0.40%
ChestX iteration 467/800 : Query Acc = 28.00, Avg Acc = 21.72% +- 0.40%
ChestX iteration 468/800 : Query Acc = 22.67, Avg Acc = 21.72% +- 0.40%
ChestX iteration 469/800 : Query Acc = 12.00, Avg Acc = 21.70% +- 0.40%
ChestX iteration 470/800 : Query Acc = 21.33, Avg Acc = 21.70% +- 0.40%
ChestX iteration 471/800 : Query Acc = 18.67, Avg Acc = 21.69% +- 0.40%
ChestX iteration 472/800 : Query Acc = 29.33, Avg Acc = 21.71% +- 0.40%
ChestX iteration 473/800 : Query Acc = 26.67, Avg Acc = 21.72% +- 0.40%
ChestX iteration 474/800 : Query Acc = 21.33, Avg Acc = 21.72% +- 0.40%
ChestX iteration 475/800 : Query Acc = 21.33, Avg Acc = 21.72% +- 0.40%
ChestX iteration 476/800 : Query Acc = 18.67, Avg Acc = 21.71% +- 0.40%
ChestX iteration 477/800 : Query Acc = 28.00, Avg Acc = 21.72% +- 0.40%
ChestX iteration 478/800 : Query Acc = 26.67, Avg Acc = 21.73% +- 0.40%
ChestX iteration 479/800 : Query Acc = 25.33, Avg Acc = 21.74% +- 0.40%
ChestX iteration 480/800 : Query Acc = 20.00, Avg Acc = 21.74% +- 0.40%
ChestX iteration 481/800 : Query Acc = 26.67, Avg Acc = 21.75% +- 0.40%
ChestX iteration 482/800 : Query Acc = 24.00, Avg Acc = 21.75% +- 0.40%
ChestX iteration 483/800 : Query Acc = 18.67, Avg Acc = 21.75% +- 0.40%
ChestX iteration 484/800 : Query Acc = 20.00, Avg Acc = 21.74% +- 0.40%
ChestX iteration 485/800 : Query Acc = 28.00, Avg Acc = 21.76% +- 0.40%
ChestX iteration 486/800 : Query Acc = 22.67, Avg Acc = 21.76% +- 0.39%
ChestX iteration 487/800 : Query Acc = 24.00, Avg Acc = 21.76% +- 0.39%
ChestX iteration 488/800 : Query Acc = 25.33, Avg Acc = 21.77% +- 0.39%
ChestX iteration 489/800 : Query Acc = 21.33, Avg Acc = 21.77% +- 0.39%
ChestX iteration 490/800 : Query Acc = 17.33, Avg Acc = 21.76% +- 0.39%
ChestX iteration 491/800 : Query Acc = 22.67, Avg Acc = 21.76% +- 0.39%
ChestX iteration 492/800 : Query Acc = 25.33, Avg Acc = 21.77% +- 0.39%
ChestX iteration 493/800 : Query Acc = 20.00, Avg Acc = 21.77% +- 0.39%
ChestX iteration 494/800 : Query Acc = 22.67, Avg Acc = 21.77% +- 0.39%
ChestX iteration 495/800 : Query Acc = 21.33, Avg Acc = 21.77% +- 0.39%
ChestX iteration 496/800 : Query Acc = 24.00, Avg Acc = 21.77% +- 0.39%
ChestX iteration 497/800 : Query Acc = 20.00, Avg Acc = 21.77% +- 0.39%
ChestX iteration 498/800 : Query Acc = 28.00, Avg Acc = 21.78% +- 0.39%
ChestX iteration 499/800 : Query Acc = 22.67, Avg Acc = 21.78% +- 0.39%
ChestX iteration 500/800 : Query Acc = 21.33, Avg Acc = 21.78% +- 0.39%
ChestX | 500 / 800 Acc = 21.78% +- 0.39%
ChestX iteration 501/800 : Query Acc = 24.00, Avg Acc = 21.78% +- 0.38%
ChestX iteration 502/800 : Query Acc = 17.33, Avg Acc = 21.78% +- 0.38%
ChestX iteration 503/800 : Query Acc = 21.33, Avg Acc = 21.78% +- 0.38%
ChestX iteration 504/800 : Query Acc = 13.33, Avg Acc = 21.76% +- 0.38%
ChestX iteration 505/800 : Query Acc = 18.67, Avg Acc = 21.75% +- 0.38%
ChestX iteration 506/800 : Query Acc = 22.67, Avg Acc = 21.75% +- 0.38%
ChestX iteration 507/800 : Query Acc = 20.00, Avg Acc = 21.75% +- 0.38%
ChestX iteration 508/800 : Query Acc = 20.00, Avg Acc = 21.75% +- 0.38%
ChestX iteration 509/800 : Query Acc = 14.67, Avg Acc = 21.73% +- 0.38%
ChestX iteration 510/800 : Query Acc = 24.00, Avg Acc = 21.74% +- 0.38%
ChestX iteration 511/800 : Query Acc = 20.00, Avg Acc = 21.73% +- 0.38%
ChestX iteration 512/800 : Query Acc = 18.67, Avg Acc = 21.73% +- 0.38%
ChestX iteration 513/800 : Query Acc = 18.67, Avg Acc = 21.72% +- 0.38%
ChestX iteration 514/800 : Query Acc = 17.33, Avg Acc = 21.71% +- 0.38%
ChestX iteration 515/800 : Query Acc = 14.67, Avg Acc = 21.70% +- 0.38%
ChestX iteration 516/800 : Query Acc = 22.67, Avg Acc = 21.70% +- 0.38%
ChestX iteration 517/800 : Query Acc = 33.33, Avg Acc = 21.72% +- 0.38%
ChestX iteration 518/800 : Query Acc = 22.67, Avg Acc = 21.73% +- 0.38%
ChestX iteration 519/800 : Query Acc = 25.33, Avg Acc = 21.73% +- 0.38%
ChestX iteration 520/800 : Query Acc = 22.67, Avg Acc = 21.74% +- 0.38%
ChestX iteration 521/800 : Query Acc = 17.33, Avg Acc = 21.73% +- 0.38%
ChestX iteration 522/800 : Query Acc = 16.00, Avg Acc = 21.72% +- 0.38%
ChestX iteration 523/800 : Query Acc = 21.33, Avg Acc = 21.72% +- 0.38%
ChestX iteration 524/800 : Query Acc = 24.00, Avg Acc = 21.72% +- 0.38%
ChestX iteration 525/800 : Query Acc = 28.00, Avg Acc = 21.73% +- 0.38%
ChestX iteration 526/800 : Query Acc = 22.67, Avg Acc = 21.73% +- 0.38%
ChestX iteration 527/800 : Query Acc = 13.33, Avg Acc = 21.72% +- 0.38%
ChestX iteration 528/800 : Query Acc = 21.33, Avg Acc = 21.72% +- 0.38%
ChestX iteration 529/800 : Query Acc = 24.00, Avg Acc = 21.72% +- 0.38%
ChestX iteration 530/800 : Query Acc = 22.67, Avg Acc = 21.72% +- 0.37%
ChestX iteration 531/800 : Query Acc = 9.33, Avg Acc = 21.70% +- 0.38%
ChestX iteration 532/800 : Query Acc = 20.00, Avg Acc = 21.70% +- 0.38%
ChestX iteration 533/800 : Query Acc = 17.33, Avg Acc = 21.69% +- 0.38%
ChestX iteration 534/800 : Query Acc = 18.67, Avg Acc = 21.68% +- 0.37%
ChestX iteration 535/800 : Query Acc = 25.33, Avg Acc = 21.69% +- 0.37%
ChestX iteration 536/800 : Query Acc = 21.33, Avg Acc = 21.69% +- 0.37%
ChestX iteration 537/800 : Query Acc = 25.33, Avg Acc = 21.70% +- 0.37%
ChestX iteration 538/800 : Query Acc = 20.00, Avg Acc = 21.69% +- 0.37%
ChestX iteration 539/800 : Query Acc = 28.00, Avg Acc = 21.70% +- 0.37%
ChestX iteration 540/800 : Query Acc = 24.00, Avg Acc = 21.71% +- 0.37%
ChestX iteration 541/800 : Query Acc = 28.00, Avg Acc = 21.72% +- 0.37%
ChestX iteration 542/800 : Query Acc = 20.00, Avg Acc = 21.72% +- 0.37%
ChestX iteration 543/800 : Query Acc = 22.67, Avg Acc = 21.72% +- 0.37%
ChestX iteration 544/800 : Query Acc = 20.00, Avg Acc = 21.71% +- 0.37%
ChestX iteration 545/800 : Query Acc = 21.33, Avg Acc = 21.71% +- 0.37%
ChestX iteration 546/800 : Query Acc = 30.67, Avg Acc = 21.73% +- 0.37%
ChestX iteration 547/800 : Query Acc = 21.33, Avg Acc = 21.73% +- 0.37%
ChestX iteration 548/800 : Query Acc = 20.00, Avg Acc = 21.73% +- 0.37%
ChestX iteration 549/800 : Query Acc = 17.33, Avg Acc = 21.72% +- 0.37%
ChestX iteration 550/800 : Query Acc = 20.00, Avg Acc = 21.72% +- 0.37%
ChestX iteration 551/800 : Query Acc = 28.00, Avg Acc = 21.73% +- 0.37%
ChestX iteration 552/800 : Query Acc = 25.33, Avg Acc = 21.73% +- 0.37%
ChestX iteration 553/800 : Query Acc = 14.67, Avg Acc = 21.72% +- 0.37%
ChestX iteration 554/800 : Query Acc = 20.00, Avg Acc = 21.72% +- 0.37%
ChestX iteration 555/800 : Query Acc = 26.67, Avg Acc = 21.73% +- 0.37%
ChestX iteration 556/800 : Query Acc = 18.67, Avg Acc = 21.72% +- 0.37%
ChestX iteration 557/800 : Query Acc = 22.67, Avg Acc = 21.72% +- 0.37%
ChestX iteration 558/800 : Query Acc = 22.67, Avg Acc = 21.72% +- 0.37%
ChestX iteration 559/800 : Query Acc = 20.00, Avg Acc = 21.72% +- 0.36%
ChestX iteration 560/800 : Query Acc = 13.33, Avg Acc = 21.71% +- 0.36%
ChestX iteration 561/800 : Query Acc = 29.33, Avg Acc = 21.72% +- 0.37%
ChestX iteration 562/800 : Query Acc = 21.33, Avg Acc = 21.72% +- 0.36%
ChestX iteration 563/800 : Query Acc = 21.33, Avg Acc = 21.72% +- 0.36%
ChestX iteration 564/800 : Query Acc = 22.67, Avg Acc = 21.72% +- 0.36%
ChestX iteration 565/800 : Query Acc = 17.33, Avg Acc = 21.71% +- 0.36%
ChestX iteration 566/800 : Query Acc = 21.33, Avg Acc = 21.71% +- 0.36%
ChestX iteration 567/800 : Query Acc = 21.33, Avg Acc = 21.71% +- 0.36%
ChestX iteration 568/800 : Query Acc = 20.00, Avg Acc = 21.71% +- 0.36%
ChestX iteration 569/800 : Query Acc = 25.33, Avg Acc = 21.71% +- 0.36%
ChestX iteration 570/800 : Query Acc = 24.00, Avg Acc = 21.72% +- 0.36%
ChestX iteration 571/800 : Query Acc = 20.00, Avg Acc = 21.72% +- 0.36%
ChestX iteration 572/800 : Query Acc = 18.67, Avg Acc = 21.71% +- 0.36%
ChestX iteration 573/800 : Query Acc = 20.00, Avg Acc = 21.71% +- 0.36%
ChestX iteration 574/800 : Query Acc = 22.67, Avg Acc = 21.71% +- 0.36%
ChestX iteration 575/800 : Query Acc = 20.00, Avg Acc = 21.71% +- 0.36%
ChestX iteration 576/800 : Query Acc = 18.67, Avg Acc = 21.70% +- 0.36%
ChestX iteration 577/800 : Query Acc = 24.00, Avg Acc = 21.70% +- 0.36%
ChestX iteration 578/800 : Query Acc = 25.33, Avg Acc = 21.71% +- 0.36%
ChestX iteration 579/800 : Query Acc = 28.00, Avg Acc = 21.72% +- 0.36%
ChestX iteration 580/800 : Query Acc = 9.33, Avg Acc = 21.70% +- 0.36%
ChestX iteration 581/800 : Query Acc = 20.00, Avg Acc = 21.70% +- 0.36%
ChestX iteration 582/800 : Query Acc = 14.67, Avg Acc = 21.69% +- 0.36%
ChestX iteration 583/800 : Query Acc = 16.00, Avg Acc = 21.68% +- 0.36%
ChestX iteration 584/800 : Query Acc = 9.33, Avg Acc = 21.65% +- 0.36%
ChestX iteration 585/800 : Query Acc = 17.33, Avg Acc = 21.65% +- 0.36%
ChestX iteration 586/800 : Query Acc = 21.33, Avg Acc = 21.65% +- 0.36%
ChestX iteration 587/800 : Query Acc = 22.67, Avg Acc = 21.65% +- 0.36%
ChestX iteration 588/800 : Query Acc = 30.67, Avg Acc = 21.66% +- 0.36%
ChestX iteration 589/800 : Query Acc = 24.00, Avg Acc = 21.67% +- 0.36%
ChestX iteration 590/800 : Query Acc = 21.33, Avg Acc = 21.67% +- 0.36%
ChestX iteration 591/800 : Query Acc = 16.00, Avg Acc = 21.66% +- 0.36%
ChestX iteration 592/800 : Query Acc = 18.67, Avg Acc = 21.65% +- 0.36%
ChestX iteration 593/800 : Query Acc = 30.67, Avg Acc = 21.67% +- 0.36%
ChestX iteration 594/800 : Query Acc = 25.33, Avg Acc = 21.67% +- 0.36%
ChestX iteration 595/800 : Query Acc = 26.67, Avg Acc = 21.68% +- 0.36%
ChestX iteration 596/800 : Query Acc = 25.33, Avg Acc = 21.69% +- 0.36%
ChestX iteration 597/800 : Query Acc = 18.67, Avg Acc = 21.68% +- 0.36%
ChestX iteration 598/800 : Query Acc = 16.00, Avg Acc = 21.67% +- 0.36%
ChestX iteration 599/800 : Query Acc = 16.00, Avg Acc = 21.66% +- 0.36%
ChestX iteration 600/800 : Query Acc = 28.00, Avg Acc = 21.67% +- 0.36%
ChestX | 600 / 800 Acc = 21.67% +- 0.36%
ChestX iteration 601/800 : Query Acc = 17.33, Avg Acc = 21.67% +- 0.36%
ChestX iteration 602/800 : Query Acc = 16.00, Avg Acc = 21.66% +- 0.36%
ChestX iteration 603/800 : Query Acc = 24.00, Avg Acc = 21.66% +- 0.35%
ChestX iteration 604/800 : Query Acc = 17.33, Avg Acc = 21.66% +- 0.35%
ChestX iteration 605/800 : Query Acc = 18.67, Avg Acc = 21.65% +- 0.35%
ChestX iteration 606/800 : Query Acc = 18.67, Avg Acc = 21.65% +- 0.35%
ChestX iteration 607/800 : Query Acc = 26.67, Avg Acc = 21.65% +- 0.35%
ChestX iteration 608/800 : Query Acc = 14.67, Avg Acc = 21.64% +- 0.35%
ChestX iteration 609/800 : Query Acc = 28.00, Avg Acc = 21.65% +- 0.35%
ChestX iteration 610/800 : Query Acc = 17.33, Avg Acc = 21.65% +- 0.35%
ChestX iteration 611/800 : Query Acc = 29.33, Avg Acc = 21.66% +- 0.35%
ChestX iteration 612/800 : Query Acc = 30.67, Avg Acc = 21.67% +- 0.35%
ChestX iteration 613/800 : Query Acc = 22.67, Avg Acc = 21.67% +- 0.35%
ChestX iteration 614/800 : Query Acc = 26.67, Avg Acc = 21.68% +- 0.35%
ChestX iteration 615/800 : Query Acc = 26.67, Avg Acc = 21.69% +- 0.35%
ChestX iteration 616/800 : Query Acc = 20.00, Avg Acc = 21.69% +- 0.35%
ChestX iteration 617/800 : Query Acc = 22.67, Avg Acc = 21.69% +- 0.35%
ChestX iteration 618/800 : Query Acc = 21.33, Avg Acc = 21.69% +- 0.35%
ChestX iteration 619/800 : Query Acc = 28.00, Avg Acc = 21.70% +- 0.35%
ChestX iteration 620/800 : Query Acc = 21.33, Avg Acc = 21.70% +- 0.35%
ChestX iteration 621/800 : Query Acc = 29.33, Avg Acc = 21.71% +- 0.35%
ChestX iteration 622/800 : Query Acc = 17.33, Avg Acc = 21.70% +- 0.35%
ChestX iteration 623/800 : Query Acc = 17.33, Avg Acc = 21.70% +- 0.35%
ChestX iteration 624/800 : Query Acc = 29.33, Avg Acc = 21.71% +- 0.35%
ChestX iteration 625/800 : Query Acc = 24.00, Avg Acc = 21.71% +- 0.35%
ChestX iteration 626/800 : Query Acc = 22.67, Avg Acc = 21.71% +- 0.35%
ChestX iteration 627/800 : Query Acc = 26.67, Avg Acc = 21.72% +- 0.35%
ChestX iteration 628/800 : Query Acc = 22.67, Avg Acc = 21.72% +- 0.35%
ChestX iteration 629/800 : Query Acc = 20.00, Avg Acc = 21.72% +- 0.35%
ChestX iteration 630/800 : Query Acc = 24.00, Avg Acc = 21.72% +- 0.35%
ChestX iteration 631/800 : Query Acc = 29.33, Avg Acc = 21.74% +- 0.35%
ChestX iteration 632/800 : Query Acc = 21.33, Avg Acc = 21.74% +- 0.35%
ChestX iteration 633/800 : Query Acc = 26.67, Avg Acc = 21.74% +- 0.35%
ChestX iteration 634/800 : Query Acc = 22.67, Avg Acc = 21.74% +- 0.35%
ChestX iteration 635/800 : Query Acc = 24.00, Avg Acc = 21.75% +- 0.35%
ChestX iteration 636/800 : Query Acc = 25.33, Avg Acc = 21.75% +- 0.35%
ChestX iteration 637/800 : Query Acc = 20.00, Avg Acc = 21.75% +- 0.35%
ChestX iteration 638/800 : Query Acc = 25.33, Avg Acc = 21.76% +- 0.35%
ChestX iteration 639/800 : Query Acc = 29.33, Avg Acc = 21.77% +- 0.35%
ChestX iteration 640/800 : Query Acc = 22.67, Avg Acc = 21.77% +- 0.34%
ChestX iteration 641/800 : Query Acc = 17.33, Avg Acc = 21.76% +- 0.34%
ChestX iteration 642/800 : Query Acc = 21.33, Avg Acc = 21.76% +- 0.34%
ChestX iteration 643/800 : Query Acc = 25.33, Avg Acc = 21.77% +- 0.34%
ChestX iteration 644/800 : Query Acc = 22.67, Avg Acc = 21.77% +- 0.34%
ChestX iteration 645/800 : Query Acc = 22.67, Avg Acc = 21.77% +- 0.34%
ChestX iteration 646/800 : Query Acc = 28.00, Avg Acc = 21.78% +- 0.34%
ChestX iteration 647/800 : Query Acc = 25.33, Avg Acc = 21.79% +- 0.34%
ChestX iteration 648/800 : Query Acc = 22.67, Avg Acc = 21.79% +- 0.34%
ChestX iteration 649/800 : Query Acc = 24.00, Avg Acc = 21.79% +- 0.34%
ChestX iteration 650/800 : Query Acc = 18.67, Avg Acc = 21.79% +- 0.34%
ChestX iteration 651/800 : Query Acc = 25.33, Avg Acc = 21.79% +- 0.34%
ChestX iteration 652/800 : Query Acc = 21.33, Avg Acc = 21.79% +- 0.34%
ChestX iteration 653/800 : Query Acc = 20.00, Avg Acc = 21.79% +- 0.34%
ChestX iteration 654/800 : Query Acc = 26.67, Avg Acc = 21.80% +- 0.34%
ChestX iteration 655/800 : Query Acc = 21.33, Avg Acc = 21.79% +- 0.34%
ChestX iteration 656/800 : Query Acc = 16.00, Avg Acc = 21.79% +- 0.34%
ChestX iteration 657/800 : Query Acc = 30.67, Avg Acc = 21.80% +- 0.34%
ChestX iteration 658/800 : Query Acc = 22.67, Avg Acc = 21.80% +- 0.34%
ChestX iteration 659/800 : Query Acc = 26.67, Avg Acc = 21.81% +- 0.34%
ChestX iteration 660/800 : Query Acc = 20.00, Avg Acc = 21.81% +- 0.34%
ChestX iteration 661/800 : Query Acc = 25.33, Avg Acc = 21.81% +- 0.34%
ChestX iteration 662/800 : Query Acc = 22.67, Avg Acc = 21.81% +- 0.34%
ChestX iteration 663/800 : Query Acc = 22.67, Avg Acc = 21.81% +- 0.34%
ChestX iteration 664/800 : Query Acc = 14.67, Avg Acc = 21.80% +- 0.34%
ChestX iteration 665/800 : Query Acc = 16.00, Avg Acc = 21.79% +- 0.34%
ChestX iteration 666/800 : Query Acc = 20.00, Avg Acc = 21.79% +- 0.34%
ChestX iteration 667/800 : Query Acc = 21.33, Avg Acc = 21.79% +- 0.34%
ChestX iteration 668/800 : Query Acc = 21.33, Avg Acc = 21.79% +- 0.34%
ChestX iteration 669/800 : Query Acc = 22.67, Avg Acc = 21.79% +- 0.33%
ChestX iteration 670/800 : Query Acc = 24.00, Avg Acc = 21.79% +- 0.33%
ChestX iteration 671/800 : Query Acc = 21.33, Avg Acc = 21.79% +- 0.33%
ChestX iteration 672/800 : Query Acc = 22.67, Avg Acc = 21.79% +- 0.33%
ChestX iteration 673/800 : Query Acc = 21.33, Avg Acc = 21.79% +- 0.33%
ChestX iteration 674/800 : Query Acc = 24.00, Avg Acc = 21.80% +- 0.33%
ChestX iteration 675/800 : Query Acc = 21.33, Avg Acc = 21.80% +- 0.33%
ChestX iteration 676/800 : Query Acc = 20.00, Avg Acc = 21.79% +- 0.33%
ChestX iteration 677/800 : Query Acc = 20.00, Avg Acc = 21.79% +- 0.33%
ChestX iteration 678/800 : Query Acc = 14.67, Avg Acc = 21.78% +- 0.33%
ChestX iteration 679/800 : Query Acc = 28.00, Avg Acc = 21.79% +- 0.33%
ChestX iteration 680/800 : Query Acc = 26.67, Avg Acc = 21.80% +- 0.33%
ChestX iteration 681/800 : Query Acc = 17.33, Avg Acc = 21.79% +- 0.33%
ChestX iteration 682/800 : Query Acc = 20.00, Avg Acc = 21.79% +- 0.33%
ChestX iteration 683/800 : Query Acc = 25.33, Avg Acc = 21.79% +- 0.33%
ChestX iteration 684/800 : Query Acc = 24.00, Avg Acc = 21.80% +- 0.33%
ChestX iteration 685/800 : Query Acc = 28.00, Avg Acc = 21.81% +- 0.33%
ChestX iteration 686/800 : Query Acc = 21.33, Avg Acc = 21.80% +- 0.33%
ChestX iteration 687/800 : Query Acc = 16.00, Avg Acc = 21.80% +- 0.33%
ChestX iteration 688/800 : Query Acc = 28.00, Avg Acc = 21.81% +- 0.33%
ChestX iteration 689/800 : Query Acc = 18.67, Avg Acc = 21.80% +- 0.33%
ChestX iteration 690/800 : Query Acc = 29.33, Avg Acc = 21.81% +- 0.33%
ChestX iteration 691/800 : Query Acc = 21.33, Avg Acc = 21.81% +- 0.33%
ChestX iteration 692/800 : Query Acc = 26.67, Avg Acc = 21.82% +- 0.33%
ChestX iteration 693/800 : Query Acc = 20.00, Avg Acc = 21.82% +- 0.33%
ChestX iteration 694/800 : Query Acc = 22.67, Avg Acc = 21.82% +- 0.33%
ChestX iteration 695/800 : Query Acc = 26.67, Avg Acc = 21.82% +- 0.33%
ChestX iteration 696/800 : Query Acc = 18.67, Avg Acc = 21.82% +- 0.33%
ChestX iteration 697/800 : Query Acc = 25.33, Avg Acc = 21.82% +- 0.33%
ChestX iteration 698/800 : Query Acc = 22.67, Avg Acc = 21.83% +- 0.33%
ChestX iteration 699/800 : Query Acc = 21.33, Avg Acc = 21.82% +- 0.33%
ChestX iteration 700/800 : Query Acc = 21.33, Avg Acc = 21.82% +- 0.33%
ChestX | 700 / 800 Acc = 21.82% +- 0.33%
ChestX iteration 701/800 : Query Acc = 16.00, Avg Acc = 21.82% +- 0.33%
ChestX iteration 702/800 : Query Acc = 10.67, Avg Acc = 21.80% +- 0.33%
ChestX iteration 703/800 : Query Acc = 16.00, Avg Acc = 21.79% +- 0.33%
ChestX iteration 704/800 : Query Acc = 26.67, Avg Acc = 21.80% +- 0.33%
ChestX iteration 705/800 : Query Acc = 20.00, Avg Acc = 21.80% +- 0.33%
ChestX iteration 706/800 : Query Acc = 14.67, Avg Acc = 21.79% +- 0.33%
ChestX iteration 707/800 : Query Acc = 26.67, Avg Acc = 21.79% +- 0.33%
ChestX iteration 708/800 : Query Acc = 9.33, Avg Acc = 21.78% +- 0.33%
ChestX iteration 709/800 : Query Acc = 25.33, Avg Acc = 21.78% +- 0.33%
ChestX iteration 710/800 : Query Acc = 28.00, Avg Acc = 21.79% +- 0.33%
ChestX iteration 711/800 : Query Acc = 29.33, Avg Acc = 21.80% +- 0.33%
ChestX iteration 712/800 : Query Acc = 20.00, Avg Acc = 21.80% +- 0.33%
ChestX iteration 713/800 : Query Acc = 20.00, Avg Acc = 21.79% +- 0.33%
ChestX iteration 714/800 : Query Acc = 21.33, Avg Acc = 21.79% +- 0.33%
ChestX iteration 715/800 : Query Acc = 30.67, Avg Acc = 21.81% +- 0.33%
ChestX iteration 716/800 : Query Acc = 20.00, Avg Acc = 21.80% +- 0.33%
ChestX iteration 717/800 : Query Acc = 22.67, Avg Acc = 21.81% +- 0.32%
ChestX iteration 718/800 : Query Acc = 22.67, Avg Acc = 21.81% +- 0.32%
ChestX iteration 719/800 : Query Acc = 25.33, Avg Acc = 21.81% +- 0.32%
ChestX iteration 720/800 : Query Acc = 18.67, Avg Acc = 21.81% +- 0.32%
ChestX iteration 721/800 : Query Acc = 24.00, Avg Acc = 21.81% +- 0.32%
ChestX iteration 722/800 : Query Acc = 26.67, Avg Acc = 21.82% +- 0.32%
ChestX iteration 723/800 : Query Acc = 21.33, Avg Acc = 21.82% +- 0.32%
ChestX iteration 724/800 : Query Acc = 17.33, Avg Acc = 21.81% +- 0.32%
ChestX iteration 725/800 : Query Acc = 28.00, Avg Acc = 21.82% +- 0.32%
ChestX iteration 726/800 : Query Acc = 22.67, Avg Acc = 21.82% +- 0.32%
ChestX iteration 727/800 : Query Acc = 20.00, Avg Acc = 21.82% +- 0.32%
ChestX iteration 728/800 : Query Acc = 16.00, Avg Acc = 21.81% +- 0.32%
ChestX iteration 729/800 : Query Acc = 18.67, Avg Acc = 21.80% +- 0.32%
ChestX iteration 730/800 : Query Acc = 28.00, Avg Acc = 21.81% +- 0.32%
ChestX iteration 731/800 : Query Acc = 22.67, Avg Acc = 21.81% +- 0.32%
ChestX iteration 732/800 : Query Acc = 22.67, Avg Acc = 21.82% +- 0.32%
ChestX iteration 733/800 : Query Acc = 16.00, Avg Acc = 21.81% +- 0.32%
ChestX iteration 734/800 : Query Acc = 25.33, Avg Acc = 21.81% +- 0.32%
ChestX iteration 735/800 : Query Acc = 20.00, Avg Acc = 21.81% +- 0.32%
ChestX iteration 736/800 : Query Acc = 12.00, Avg Acc = 21.80% +- 0.32%
ChestX iteration 737/800 : Query Acc = 17.33, Avg Acc = 21.79% +- 0.32%
ChestX iteration 738/800 : Query Acc = 17.33, Avg Acc = 21.78% +- 0.32%
ChestX iteration 739/800 : Query Acc = 21.33, Avg Acc = 21.78% +- 0.32%
ChestX iteration 740/800 : Query Acc = 20.00, Avg Acc = 21.78% +- 0.32%
ChestX iteration 741/800 : Query Acc = 21.33, Avg Acc = 21.78% +- 0.32%
ChestX iteration 742/800 : Query Acc = 22.67, Avg Acc = 21.78% +- 0.32%
ChestX iteration 743/800 : Query Acc = 20.00, Avg Acc = 21.78% +- 0.32%
ChestX iteration 744/800 : Query Acc = 26.67, Avg Acc = 21.79% +- 0.32%
ChestX iteration 745/800 : Query Acc = 17.33, Avg Acc = 21.78% +- 0.32%
ChestX iteration 746/800 : Query Acc = 20.00, Avg Acc = 21.78% +- 0.32%
ChestX iteration 747/800 : Query Acc = 26.67, Avg Acc = 21.78% +- 0.32%
ChestX iteration 748/800 : Query Acc = 26.67, Avg Acc = 21.79% +- 0.32%
ChestX iteration 749/800 : Query Acc = 20.00, Avg Acc = 21.79% +- 0.32%
ChestX iteration 750/800 : Query Acc = 21.33, Avg Acc = 21.79% +- 0.32%
ChestX iteration 751/800 : Query Acc = 17.33, Avg Acc = 21.78% +- 0.32%
ChestX iteration 752/800 : Query Acc = 32.00, Avg Acc = 21.80% +- 0.32%
ChestX iteration 753/800 : Query Acc = 17.33, Avg Acc = 21.79% +- 0.32%
ChestX iteration 754/800 : Query Acc = 25.33, Avg Acc = 21.79% +- 0.32%
ChestX iteration 755/800 : Query Acc = 17.33, Avg Acc = 21.79% +- 0.32%
ChestX iteration 756/800 : Query Acc = 16.00, Avg Acc = 21.78% +- 0.32%
ChestX iteration 757/800 : Query Acc = 29.33, Avg Acc = 21.79% +- 0.32%
ChestX iteration 758/800 : Query Acc = 21.33, Avg Acc = 21.79% +- 0.32%
ChestX iteration 759/800 : Query Acc = 22.67, Avg Acc = 21.79% +- 0.31%
ChestX iteration 760/800 : Query Acc = 22.67, Avg Acc = 21.79% +- 0.31%
ChestX iteration 761/800 : Query Acc = 17.33, Avg Acc = 21.79% +- 0.31%
ChestX iteration 762/800 : Query Acc = 21.33, Avg Acc = 21.79% +- 0.31%
ChestX iteration 763/800 : Query Acc = 22.67, Avg Acc = 21.79% +- 0.31%
ChestX iteration 764/800 : Query Acc = 25.33, Avg Acc = 21.79% +- 0.31%
ChestX iteration 765/800 : Query Acc = 21.33, Avg Acc = 21.79% +- 0.31%
ChestX iteration 766/800 : Query Acc = 17.33, Avg Acc = 21.79% +- 0.31%
ChestX iteration 767/800 : Query Acc = 17.33, Avg Acc = 21.78% +- 0.31%
ChestX iteration 768/800 : Query Acc = 18.67, Avg Acc = 21.78% +- 0.31%
ChestX iteration 769/800 : Query Acc = 21.33, Avg Acc = 21.77% +- 0.31%
ChestX iteration 770/800 : Query Acc = 21.33, Avg Acc = 21.77% +- 0.31%
ChestX iteration 771/800 : Query Acc = 18.67, Avg Acc = 21.77% +- 0.31%
ChestX iteration 772/800 : Query Acc = 24.00, Avg Acc = 21.77% +- 0.31%
ChestX iteration 773/800 : Query Acc = 26.67, Avg Acc = 21.78% +- 0.31%
ChestX iteration 774/800 : Query Acc = 26.67, Avg Acc = 21.79% +- 0.31%
ChestX iteration 775/800 : Query Acc = 16.00, Avg Acc = 21.78% +- 0.31%
ChestX iteration 776/800 : Query Acc = 22.67, Avg Acc = 21.78% +- 0.31%
ChestX iteration 777/800 : Query Acc = 21.33, Avg Acc = 21.78% +- 0.31%
ChestX iteration 778/800 : Query Acc = 20.00, Avg Acc = 21.78% +- 0.31%
ChestX iteration 779/800 : Query Acc = 20.00, Avg Acc = 21.77% +- 0.31%
ChestX iteration 780/800 : Query Acc = 22.67, Avg Acc = 21.78% +- 0.31%
ChestX iteration 781/800 : Query Acc = 18.67, Avg Acc = 21.77% +- 0.31%
ChestX iteration 782/800 : Query Acc = 28.00, Avg Acc = 21.78% +- 0.31%
ChestX iteration 783/800 : Query Acc = 22.67, Avg Acc = 21.78% +- 0.31%
ChestX iteration 784/800 : Query Acc = 28.00, Avg Acc = 21.79% +- 0.31%
ChestX iteration 785/800 : Query Acc = 32.00, Avg Acc = 21.80% +- 0.31%
ChestX iteration 786/800 : Query Acc = 22.67, Avg Acc = 21.80% +- 0.31%
ChestX iteration 787/800 : Query Acc = 24.00, Avg Acc = 21.81% +- 0.31%
ChestX iteration 788/800 : Query Acc = 38.67, Avg Acc = 21.83% +- 0.31%
ChestX iteration 789/800 : Query Acc = 26.67, Avg Acc = 21.83% +- 0.31%
ChestX iteration 790/800 : Query Acc = 18.67, Avg Acc = 21.83% +- 0.31%
ChestX iteration 791/800 : Query Acc = 24.00, Avg Acc = 21.83% +- 0.31%
ChestX iteration 792/800 : Query Acc = 16.00, Avg Acc = 21.82% +- 0.31%
ChestX iteration 793/800 : Query Acc = 18.67, Avg Acc = 21.82% +- 0.31%
ChestX iteration 794/800 : Query Acc = 21.33, Avg Acc = 21.82% +- 0.31%
ChestX iteration 795/800 : Query Acc = 20.00, Avg Acc = 21.82% +- 0.31%
ChestX iteration 796/800 : Query Acc = 17.33, Avg Acc = 21.81% +- 0.31%
ChestX iteration 797/800 : Query Acc = 14.67, Avg Acc = 21.80% +- 0.31%
ChestX iteration 798/800 : Query Acc = 22.67, Avg Acc = 21.80% +- 0.31%
ChestX iteration 799/800 : Query Acc = 18.67, Avg Acc = 21.80% +- 0.31%
Ches 800 Test Acc = 21.80% +- 0.31%
全部完成 2026-10-05 00:15:21
800 個 episode  /home/ccoliu/atha_dumps/ChestX_1shot_seed1
baseline（inductive，模型輸出）：21.80

設定（初始化:gamma）              準確率         − baseline（配對）
model2:0.002             21.86     +0.06 ± 0.19

* = 配對 CI 不含 0
全部完成 2026-10-05 00:17:16
